Time,nace_r2,geo,IP,unit,IP_t1,GAS_PRICE,GAS_PRICE_t1,OilNewsShock,OilSurprise,BRENT_PRICE,BRENT_PRICE_t1
2004-01-01,Manufacturing,Germany,83.5,"Index, 2021=100",83.5,11.36,11.36,0.44154017195044576,0.0,31.236363636363638,29.77608695652174
2004-02-01,Manufacturing,Germany,84.2,"Index, 2021=100",83.5,10.7975,11.36,-0.08581088034809001,2.694076911628696,30.8585,31.236363636363638
2004-03-01,Manufacturing,Germany,83.8,"Index, 2021=100",84.2,10.900434782608697,10.7975,0.2813203494904621,-0.667869132781252,33.63434782608696,30.8585
2004-04-01,Manufacturing,Germany,84.9,"Index, 2021=100",83.8,10.974545454545455,10.900434782608697,-0.6033863591783445,0.0,33.59090909090909,33.63434782608696
2004-05-01,Manufacturing,Germany,85.7,"Index, 2021=100",84.9,11.221904761904762,10.974545454545455,0.5969780334499486,0.0,37.56761904761905,33.59090909090909
2004-06-01,Manufacturing,Germany,85.3,"Index, 2021=100",85.7,10.607727272727272,11.221904761904762,-0.0108376887124877,-0.8697021883599181,35.18363636363636,37.56761904761905
2004-07-01,Manufacturing,Germany,86.3,"Index, 2021=100",85.3,10.656818181818181,10.607727272727272,-0.18225670383212336,0.0,38.221363636363634,35.18363636363636
2004-08-01,Manufacturing,Germany,85.5,"Index, 2021=100",86.3,12.030909090909091,10.656818181818181,0.41307128781677527,0.0,42.74409090909091,38.221363636363634
2004-09-01,Manufacturing,Germany,85.4,"Index, 2021=100",85.5,12.784999999999998,12.030909090909091,0.020228290770040784,-1.6071356282661176,43.19681818181818,42.74409090909091
2004-10-01,Manufacturing,Germany,86.2,"Index, 2021=100",85.4,12.065238095238096,12.784999999999998,0.8379242805985881,0.0,49.776666666666664,43.19681818181818
2004-11-01,Manufacturing,Germany,84.7,"Index, 2021=100",86.2,12.959545454545456,12.065238095238096,-0.22862171681724705,0.0,43.110454545454544,49.776666666666664
2004-12-01,Manufacturing,Germany,84.5,"Index, 2021=100",84.7,14.537391304347826,12.959545454545456,-0.8713033012256369,-3.1596202022297115,39.60217391304348,43.110454545454544
2005-01-01,Manufacturing,Germany,87.2,"Index, 2021=100",84.5,14.123333333333331,14.537391304347826,0.2661415106984759,2.159954265104334,44.31238095238095,39.60217391304348
2005-02-01,Manufacturing,Germany,85.5,"Index, 2021=100",87.2,16.8315,14.123333333333331,0.33553585232891664,0.0,45.475,44.31238095238095
2005-03-01,Manufacturing,Germany,86.8,"Index, 2021=100",85.5,18.585217391304347,16.8315,0.5751930208570617,3.0421593263989704,53.071739130434786,45.475
2005-04-01,Manufacturing,Germany,87.3,"Index, 2021=100",86.8,14.80857142857143,18.585217391304347,-0.5666684540474421,0.0,51.88380952380952,53.071739130434786
2005-05-01,Manufacturing,Germany,86.5,"Index, 2021=100",87.3,14.289090909090909,14.80857142857143,-0.10846214234396483,0.0,48.64545454545455,51.88380952380952
2005-06-01,Manufacturing,Germany,88.3,"Index, 2021=100",86.5,14.356363636363636,14.289090909090909,0.503989891285571,0.3374585671050337,54.35454545454545,48.64545454545455
2005-07-01,Manufacturing,Germany,89.4,"Index, 2021=100",88.3,15.540952380952382,14.356363636363636,0.563468443674944,0.0,57.52,54.35454545454545
2005-08-01,Manufacturing,Germany,87.1,"Index, 2021=100",89.4,15.107826086956523,15.540952380952382,0.718752317958703,0.0,63.98347826086956,57.52
2005-09-01,Manufacturing,Germany,89.4,"Index, 2021=100",87.1,14.746363636363638,15.107826086956523,1.1148474280757803,-1.6643240899907965,62.908181818181816,63.98347826086956
2005-10-01,Manufacturing,Germany,91.1,"Index, 2021=100",89.4,15.534761904761906,14.746363636363638,-1.0533079897254418,0.0,58.53857142857142,62.908181818181816
2005-11-01,Manufacturing,Germany,90.1,"Index, 2021=100",91.1,19.15909090909091,15.534761904761906,-1.2341397270208476,0.0,55.24181818181818,58.53857142857142
2005-12-01,Manufacturing,Germany,90.0,"Index, 2021=100",90.1,22.903636363636362,19.15909090909091,-0.03924653272715153,2.9526028347999587,56.84136363636364,55.24181818181818
2006-01-01,Manufacturing,Germany,90.5,"Index, 2021=100",90.0,25.694999999999997,22.903636363636362,0.19348656521120655,-0.15180339953147387,62.77409090909091,56.84136363636364
2006-02-01,Manufacturing,Germany,90.8,"Index, 2021=100",90.5,22.324,25.694999999999997,-0.6518974343740799,0.0,60.21,62.77409090909091
2006-03-01,Manufacturing,Germany,90.1,"Index, 2021=100",90.8,26.028260869565216,22.324,-0.07863751143875931,-1.827456416166897,62.06478260869565,60.21
2006-04-01,Manufacturing,Germany,92.3,"Index, 2021=100",90.1,21.387999999999998,26.028260869565216,0.6237237514902355,0.0,70.173,62.06478260869565
2006-05-01,Manufacturing,Germany,93.7,"Index, 2021=100",92.3,19.692608695652176,21.387999999999998,-0.3540726086115883,0.0,69.77695652173912,70.173
2006-06-01,Manufacturing,Germany,93.1,"Index, 2021=100",93.7,19.58409090909091,19.692608695652176,-0.31545669169778073,-1.1833322763183536,68.5559090909091,69.77695652173912
2006-07-01,Manufacturing,Germany,94.6,"Index, 2021=100",93.1,19.847619047619048,19.58409090909091,0.28310573574819875,0.0,73.67428571428572,68.5559090909091
2006-08-01,Manufacturing,Germany,95.3,"Index, 2021=100",94.6,17.97826086956522,19.847619047619048,-0.1782674258490434,0.0,73.2304347826087,73.67428571428572
2006-09-01,Manufacturing,Germany,95.3,"Index, 2021=100",95.3,15.951428571428572,17.97826086956522,-1.0773599355773278,-1.1265879387430244,61.95857142857143,73.2304347826087
2006-10-01,Manufacturing,Germany,95.0,"Index, 2021=100",95.3,14.200454545454546,15.951428571428572,-0.713482353040865,-1.0147867419479089,57.808181818181815,61.95857142857143
2006-11-01,Manufacturing,Germany,96.7,"Index, 2021=100",95.0,19.87272727272727,14.200454545454546,-0.6336040683167151,0.0,58.76136363636363,57.808181818181815
2006-12-01,Manufacturing,Germany,97.6,"Index, 2021=100",96.7,16.45809523809524,19.87272727272727,0.06279864252157119,1.7594994847040366,62.41952380952381,58.76136363636363
2007-01-01,Manufacturing,Germany,97.8,"Index, 2021=100",97.6,13.603478260869565,16.45809523809524,-0.8815456486489374,0.0,53.748695652173915,62.41952380952381
2007-02-01,Manufacturing,Germany,98.3,"Index, 2021=100",97.8,9.310500000000001,13.603478260869565,0.5012149220613668,0.0,57.516999999999996,53.748695652173915
2007-03-01,Manufacturing,Germany,98.6,"Index, 2021=100",98.3,10.338636363636363,9.310500000000001,0.001407425353364094,-0.689195928658093,62.05045454545455,57.516999999999996
2007-04-01,Manufacturing,Germany,97.7,"Index, 2021=100",98.6,8.91904761904762,10.338636363636363,0.23160567911181562,0.0,67.64428571428572,62.05045454545455
2007-05-01,Manufacturing,Germany,99.5,"Index, 2021=100",97.7,11.71391304347826,8.91904761904762,-0.29762578435044224,0.0,67.36478260869566,67.64428571428572
2007-06-01,Manufacturing,Germany,99.4,"Index, 2021=100",99.5,10.586190476190476,11.71391304347826,0.16535936703141824,0.0,71.04571428571428,67.36478260869566
2007-07-01,Manufacturing,Germany,100.2,"Index, 2021=100",99.4,14.946363636363635,10.586190476190476,0.18880782596297765,0.0,76.80863636363637,71.04571428571428
2007-08-01,Manufacturing,Germany,100.4,"Index, 2021=100",100.2,14.281304347826088,14.946363636363635,-0.5681005018139146,0.0,70.76086956521739,76.80863636363637
2007-09-01,Manufacturing,Germany,101.5,"Index, 2021=100",100.4,17.057,14.281304347826088,1.0001793364551819,1.1859376565060231,76.929,70.76086956521739
2007-10-01,Manufacturing,Germany,101.7,"Index, 2021=100",101.5,20.13478260869565,17.057,0.10198579635873983,0.0,82.34,76.929
2007-11-01,Manufacturing,Germany,101.3,"Index, 2021=100",101.7,22.223636363636363,20.13478260869565,0.6128810878526092,0.0,92.53045454545455,82.34
2007-12-01,Manufacturing,Germany,102.3,"Index, 2021=100",101.3,23.133333333333333,22.223636363636363,-0.28925766272037334,-0.831933850195447,90.99,92.53045454545455
2008-01-01,Manufacturing,Germany,103.9,"Index, 2021=100",102.3,24.26347826086956,23.133333333333333,-0.13761859893639725,0.0,92.13391304347826,90.99
2008-02-01,Manufacturing,Germany,103.5,"Index, 2021=100",103.9,22.760952380952382,24.26347826086956,0.2608943406309443,-2.502179452682496,95.08047619047619,92.13391304347826
2008-03-01,Manufacturing,Germany,102.9,"Index, 2021=100",103.5,23.693333333333335,22.760952380952382,1.0041522754151373,4.248635030337986,103.45190476190476,95.08047619047619
2008-04-01,Manufacturing,Germany,103.2,"Index, 2021=100",102.9,25.75318181818182,23.693333333333335,0.06105421820469373,0.0,109.07136363636364,103.45190476190476
2008-05-01,Manufacturing,Germany,101.1,"Index, 2021=100",103.2,25.01409090909091,25.75318181818182,1.3761117623094206,0.0,123.11181818181818,109.07136363636364
2008-06-01,Manufacturing,Germany,102.3,"Index, 2021=100",101.1,26.552380952380954,25.01409090909091,1.1146900143738558,0.0,132.32238095238094,123.11181818181818
2008-07-01,Manufacturing,Germany,100.6,"Index, 2021=100",102.3,25.088260869565215,26.552380952380954,0.5718559213874487,0.0,133.20652173913044,132.32238095238094
2008-08-01,Manufacturing,Germany,102.5,"Index, 2021=100",100.6,24.035238095238096,25.088260869565215,-0.46951606860925593,0.0,113.24333333333334,133.20652173913044
2008-09-01,Manufacturing,Germany,100.1,"Index, 2021=100",102.5,30.28409090909091,24.035238095238096,0.2624296377427312,-0.7550683370320911,97.97363636363637,113.24333333333334
2008-10-01,Manufacturing,Germany,98.1,"Index, 2021=100",100.1,26.14260869565217,30.28409090909091,-2.8871890830034372,-5.276020721573241,71.58217391304348,97.97363636363637
2008-11-01,Manufacturing,Germany,93.9,"Index, 2021=100",98.1,23.5355,26.14260869565217,-1.0616536689944311,0.0,52.2995,71.58217391304348
2008-12-01,Manufacturing,Germany,90.2,"Index, 2021=100",93.9,21.674347826086954,23.5355,-0.2694383119813248,-2.158283290921576,39.70782608695652,52.2995
2009-01-01,Manufacturing,Germany,82.8,"Index, 2021=100",90.2,23.224999999999998,21.674347826086954,1.9606284214617051,0.0,43.09227272727273,39.70782608695652
2009-02-01,Manufacturing,Germany,80.1,"Index, 2021=100",82.8,17.725,23.224999999999998,0.07516411002784573,0.0,43.326499999999996,43.09227272727273
2009-03-01,Manufacturing,Germany,80.6,"Index, 2021=100",80.1,12.2,17.725,1.147539934894266,1.9198599485884802,46.540454545454544,43.326499999999996
2009-04-01,Manufacturing,Germany,78.5,"Index, 2021=100",80.6,11.327272727272726,12.2,-0.6897706760210826,0.0,50.279545454545456,46.540454545454544
2009-05-01,Manufacturing,Germany,82.1,"Index, 2021=100",78.5,11.00952380952381,11.327272727272726,0.9371855413099275,2.9437593321208158,57.36904761904762,50.279545454545456
2009-06-01,Manufacturing,Germany,82.9,"Index, 2021=100",82.1,10.796818181818182,11.00952380952381,1.0697891624848404,0.0,68.60954545454545,57.36904761904762
2009-07-01,Manufacturing,Germany,82.0,"Index, 2021=100",82.9,9.393478260869566,10.796818181818182,-0.8584497443655938,0.0,64.49217391304347,68.60954545454545
2009-08-01,Manufacturing,Germany,83.2,"Index, 2021=100",82.0,8.778571428571428,9.393478260869566,1.168814769853965,0.0,72.50857142857143,64.49217391304347
2009-09-01,Manufacturing,Germany,86.8,"Index, 2021=100",83.2,9.418181818181818,8.778571428571428,0.12040182675501683,0.7555170574307397,67.56409090909091,72.50857142857143
2009-10-01,Manufacturing,Germany,85.0,"Index, 2021=100",86.8,10.340909090909092,9.418181818181818,0.8389514187941388,0.0,72.76954545454545,67.56409090909091
2009-11-01,Manufacturing,Germany,85.7,"Index, 2021=100",85.0,9.738095238095237,10.340909090909092,-0.14885123884919385,0.0,76.65761904761905,72.76954545454545
2009-12-01,Manufacturing,Germany,85.8,"Index, 2021=100",85.7,11.4,9.738095238095237,-0.8450010635890879,1.281714088367376,74.48652173913044,76.65761904761905
2010-01-01,Manufacturing,Germany,86.6,"Index, 2021=100",85.8,14.44047619047619,11.4,-0.48138524271346517,0.0,76.28285714285714,74.48652173913044
2010-02-01,Manufacturing,Germany,86.0,"Index, 2021=100",86.6,13.715,14.44047619047619,-0.21414063782099357,0.0,73.639,76.28285714285714
2010-03-01,Manufacturing,Germany,88.7,"Index, 2021=100",86.0,11.954782608695652,13.715,-0.5233596426999279,1.5544096531485574,78.82739130434783,73.639
2010-04-01,Manufacturing,Germany,90.3,"Index, 2021=100",88.7,13.493181818181819,11.954782608695652,-0.18357082280701043,0.0,84.71818181818182,78.82739130434783
2010-05-01,Manufacturing,Germany,93.1,"Index, 2021=100",90.3,16.781904761904762,13.493181818181819,-1.323271263136311,0.0,75.8052380952381,84.71818181818182
2010-06-01,Manufacturing,Germany,93.0,"Index, 2021=100",93.1,19.222727272727273,16.781904761904762,0.525869862586917,0.0,74.7609090909091,75.8052380952381
2010-07-01,Manufacturing,Germany,92.3,"Index, 2021=100",93.0,19.469545454545454,19.222727272727273,0.04754485195679738,0.0,75.40590909090909,74.7609090909091
2010-08-01,Manufacturing,Germany,93.8,"Index, 2021=100",92.3,18.13090909090909,19.469545454545454,-0.07161403937119563,0.0,77.03954545454545,75.40590909090909
2010-09-01,Manufacturing,Germany,95.2,"Index, 2021=100",93.8,18.943181818181817,18.13090909090909,-0.1487126906627298,0.0,77.71272727272728,77.03954545454545
2010-10-01,Manufacturing,Germany,97.2,"Index, 2021=100",95.2,18.497619047619047,18.943181818181817,0.7103428057964077,-0.4584134038079942,82.6647619047619,77.71272727272728
2010-11-01,Manufacturing,Germany,96.7,"Index, 2021=100",97.2,19.477272727272727,18.497619047619047,0.09961570270309454,0.0,85.24090909090908,82.6647619047619
2010-12-01,Manufacturing,Germany,98.3,"Index, 2021=100",96.7,24.09478260869565,19.477272727272727,-0.1169385540431611,1.0894693635716877,91.54173913043478,85.24090909090908
2011-01-01,Manufacturing,Germany,98.1,"Index, 2021=100",98.3,22.343809523809526,24.09478260869565,-0.13316626923827257,0.0,96.58714285714285,91.54173913043478
2011-02-01,Manufacturing,Germany,99.2,"Index, 2021=100",98.1,21.761,22.343809523809526,0.1062714600527813,0.0,103.6405,96.58714285714285
2011-03-01,Manufacturing,Germany,99.8,"Index, 2021=100",99.2,23.722608695652173,21.761,1.0735774048683804,0.0,114.64347826086957,103.6405
2011-04-01,Manufacturing,Germany,100.3,"Index, 2021=100",99.8,22.854761904761904,23.722608695652173,0.9191065185128502,0.0,123.45380952380954,114.64347826086957
2011-05-01,Manufacturing,Germany,101.6,"Index, 2021=100",100.3,22.989545454545453,22.854761904761904,-0.754449697870264,0.0,114.98272727272727,123.45380952380954
2011-06-01,Manufacturing,Germany,100.0,"Index, 2021=100",101.6,22.613636363636363,22.989545454545453,-0.5053044665651589,1.5367288900477356,113.83318181818181,114.98272727272727
2011-07-01,Manufacturing,Germany,103.1,"Index, 2021=100",100.0,21.51142857142857,22.613636363636363,-0.18652846565540906,0.0,116.63285714285715,113.83318181818181
2011-08-01,Manufacturing,Germany,102.3,"Index, 2021=100",103.1,21.93565217391304,21.51142857142857,-1.0228125161863917,0.0,110.3095652173913,116.63285714285715
2011-09-01,Manufacturing,Germany,100.6,"Index, 2021=100",102.3,23.39363636363636,21.93565217391304,0.43959634290727284,0.0,112.9740909090909,110.3095652173913
2011-10-01,Manufacturing,Germany,101.9,"Index, 2021=100",100.6,22.554761904761904,23.39363636363636,-0.15278013183668757,0.0,109.55000000000001,112.9740909090909
2011-11-01,Manufacturing,Germany,101.1,"Index, 2021=100",101.9,23.736363636363638,22.554761904761904,0.8939539270283243,0.0,110.58909090909091,109.55000000000001
2011-12-01,Manufacturing,Germany,99.8,"Index, 2021=100",101.1,22.296818181818182,23.736363636363638,-0.356458994127559,-4.916568331324604,107.99863636363635,110.58909090909091
2012-01-01,Manufacturing,Germany,100.2,"Index, 2021=100",99.8,21.865454545454543,22.296818181818182,0.20632540358179952,0.0,110.53136363636364,107.99863636363635
2012-02-01,Manufacturing,Germany,100.1,"Index, 2021=100",100.2,25.41142857142857,21.865454545454543,-0.029054799009691847,0.0,119.39190476190477,110.53136363636364
2012-03-01,Manufacturing,Germany,101.2,"Index, 2021=100",100.1,23.80727272727273,25.41142857142857,0.784751689386223,0.0,125.44545454545455,119.39190476190477
2012-04-01,Manufacturing,Germany,99.5,"Index, 2021=100",101.2,24.78952380952381,23.80727272727273,0.24063874434988755,0.0,120.05666666666667,125.44545454545455
2012-05-01,Manufacturing,Germany,101.4,"Index, 2021=100",99.5,24.196521739130436,24.78952380952381,-0.3856336478636065,0.0,110.2891304347826,120.05666666666667
2012-06-01,Manufacturing,Germany,100.1,"Index, 2021=100",101.4,23.673333333333332,24.196521739130436,-0.36812562156261563,1.490841835031829,95.15571428571428,110.2891304347826
2012-07-01,Manufacturing,Germany,101.5,"Index, 2021=100",100.1,24.332727272727276,23.673333333333332,0.6703576310954897,0.0,102.49454545454546,95.15571428571428
2012-08-01,Manufacturing,Germany,101.3,"Index, 2021=100",101.5,24.05652173913043,24.332727272727276,0.889111873743037,0.0,113.35608695652174,102.49454545454546
2012-09-01,Manufacturing,Germany,100.1,"Index, 2021=100",101.3,25.825499999999998,24.05652173913043,0.366716761812549,0.0,112.917,113.35608695652174
2012-10-01,Manufacturing,Germany,98.8,"Index, 2021=100",100.1,26.702173913043477,25.825499999999998,-0.2515652750980356,0.0,111.7108695652174,112.917
2012-11-01,Manufacturing,Germany,98.1,"Index, 2021=100",98.8,27.24909090909091,26.702173913043477,-0.07773850880404555,0.0,109.13818181818182,111.7108695652174
2012-12-01,Manufacturing,Germany,98.8,"Index, 2021=100",98.1,27.22333333333333,27.24909090909091,-0.28562219812972955,0.9944110031743462,109.44380952380953,109.13818181818182
2013-01-01,Manufacturing,Germany,97.8,"Index, 2021=100",98.8,26.51782608695652,27.22333333333333,0.31250565033261724,0.0,112.81173913043479,109.44380952380953
2013-02-01,Manufacturing,Germany,98.4,"Index, 2021=100",97.8,26.3165,26.51782608695652,0.16430715373994836,0.0,116.11800000000001,112.81173913043479
2013-03-01,Manufacturing,Germany,99.8,"Index, 2021=100",98.4,32.31666666666666,26.3165,-0.383542027094866,0.0,108.47333333333333,116.11800000000001
2013-04-01,Manufacturing,Germany,100.0,"Index, 2021=100",99.8,28.575,32.31666666666666,-0.25921885392347294,0.0,102.24818181818182,108.47333333333333
2013-05-01,Manufacturing,Germany,99.5,"Index, 2021=100",100.0,26.73304347826087,28.575,0.16248527258302423,-1.3607161850187028,102.50130434782609,102.24818181818182
2013-06-01,Manufacturing,Germany,101.1,"Index, 2021=100",99.5,26.23,26.73304347826087,0.1894274611148,0.0,102.9195,102.50130434782609
2013-07-01,Manufacturing,Germany,99.3,"Index, 2021=100",101.1,26.070434782608697,26.23,0.6182980381651376,0.0,107.85434782608696,102.9195
2013-08-01,Manufacturing,Germany,101.6,"Index, 2021=100",99.3,25.55181818181818,26.070434782608697,-0.07052223294410298,0.0,111.28045454545455,107.85434782608696
2013-09-01,Manufacturing,Germany,101.1,"Index, 2021=100",101.6,26.478571428571428,25.55181818181818,0.06362224893820845,0.0,111.8047619047619,111.28045454545455
2013-10-01,Manufacturing,Germany,100.4,"Index, 2021=100",101.1,25.868695652173916,26.478571428571428,0.13725652508100525,0.0,109.07652173913044,111.8047619047619
2013-11-01,Manufacturing,Germany,102.7,"Index, 2021=100",100.4,27.18047619047619,25.868695652173916,-0.11144201084991862,0.0,107.96,109.07652173913044
2013-12-01,Manufacturing,Germany,102.9,"Index, 2021=100",102.7,27.702727272727273,27.18047619047619,0.6426503974155726,1.006536826380158,110.79363636363637,107.96
2014-01-01,Manufacturing,Germany,102.3,"Index, 2021=100",102.9,26.253913043478263,27.702727272727273,-0.19812368810882713,0.0,108.19739130434782,110.79363636363637
2014-02-01,Manufacturing,Germany,102.4,"Index, 2021=100",102.3,23.849,26.253913043478263,-0.044531303873754494,0.0,108.88700000000001,108.19739130434782
2014-03-01,Manufacturing,Germany,102.8,"Index, 2021=100",102.4,22.767142857142858,23.849,0.0514680128382354,0.0,107.48095238095237,108.88700000000001
2014-04-01,Manufacturing,Germany,102.5,"Index, 2021=100",102.8,20.423181818181817,22.767142857142858,-0.018508882722691297,0.0,107.84772727272728,107.48095238095237
2014-05-01,Manufacturing,Germany,101.5,"Index, 2021=100",102.5,19.08818181818182,20.423181818181817,0.10496074182617701,0.0,109.53909090909092,107.84772727272728
2014-06-01,Manufacturing,Germany,101.6,"Index, 2021=100",101.5,17.39190476190476,19.08818181818182,0.3545000070992207,0.42851134062250246,111.79523809523809,109.53909090909092
2014-07-01,Manufacturing,Germany,103.7,"Index, 2021=100",101.6,16.50565217391304,17.39190476190476,-0.4381447112306579,0.0,106.86434782608696,111.79523809523809
2014-08-01,Manufacturing,Germany,99.7,"Index, 2021=100",103.7,17.497142857142858,16.50565217391304,0.08722188445673984,0.0,101.60809523809523,106.86434782608696
2014-09-01,Manufacturing,Germany,102.1,"Index, 2021=100",99.7,20.74863636363636,17.497142857142858,-0.16107172026645272,0.0,97.27454545454545,101.60809523809523
2014-10-01,Manufacturing,Germany,102.3,"Index, 2021=100",102.1,21.268260869565218,20.74863636363636,-0.2764119863445895,0.0,87.42521739130434,97.27454545454545
2014-11-01,Manufacturing,Germany,102.4,"Index, 2021=100",102.3,22.978,21.268260869565218,-0.9869169148213338,-9.796069628596289,79.3355,87.42521739130434
2014-12-01,Manufacturing,Germany,104.1,"Index, 2021=100",102.4,22.520869565217392,22.978,-1.2412203634377712,0.0,62.17565217391304,79.3355
2015-01-01,Manufacturing,Germany,101.4,"Index, 2021=100",104.1,19.755,22.520869565217392,-1.689378075003543,0.0,48.08363636363636,62.17565217391304
2015-02-01,Manufacturing,Germany,102.2,"Index, 2021=100",101.4,22.566,19.755,1.030226324080852,0.0,58.0955,48.08363636363636
2015-03-01,Manufacturing,Germany,102.1,"Index, 2021=100",102.2,21.856818181818184,22.566,-0.2471285840319799,0.0,55.88545454545454,58.0955
2015-04-01,Manufacturing,Germany,103.1,"Index, 2021=100",102.1,22.078181818181818,21.856818181818184,0.7630852782137214,0.0,59.35181818181818,55.88545454545454
2015-05-01,Manufacturing,Germany,103.5,"Index, 2021=100",103.1,20.548571428571428,22.078181818181818,0.9306750388082086,0.0,64.1047619047619,59.35181818181818
2015-06-01,Manufacturing,Germany,103.2,"Index, 2021=100",103.5,20.520454545454545,20.548571428571428,-0.3949488388902102,2.4056171564772404,61.47772727272727,64.1047619047619
2015-07-01,Manufacturing,Germany,104.7,"Index, 2021=100",103.2,20.858260869565218,20.520454545454545,-0.8969936335129175,0.0,56.56130434782609,61.47772727272727
2015-08-01,Manufacturing,Germany,102.1,"Index, 2021=100",104.7,19.576190476190476,20.858260869565218,-0.6689537169882939,0.0,46.58428571428571,56.56130434782609
2015-09-01,Manufacturing,Germany,102.2,"Index, 2021=100",102.1,19.16,19.576190476190476,0.4134260838296521,0.0,47.62318181818182,46.58428571428571
2015-10-01,Manufacturing,Germany,103.3,"Index, 2021=100",102.2,18.243636363636366,19.16,-0.17098247375992967,0.0,48.43,47.62318181818182
2015-11-01,Manufacturing,Germany,102.0,"Index, 2021=100",103.3,17.202380952380953,18.243636363636366,-0.3748783969247207,0.0,44.26761904761905,48.43
2015-12-01,Manufacturing,Germany,102.6,"Index, 2021=100",102.0,15.640869565217391,17.202380952380953,-0.7698627351357819,-1.9668139100704445,37.97130434782609,44.26761904761905
2016-01-01,Manufacturing,Germany,104.3,"Index, 2021=100",102.6,13.904285714285715,15.640869565217391,-1.2929579520638326,0.0,30.98095238095238,37.97130434782609
2016-02-01,Manufacturing,Germany,104.2,"Index, 2021=100",104.3,12.476666666666667,13.904285714285715,-0.22939651791615284,0.0,32.163333333333334,30.98095238095238
2016-03-01,Manufacturing,Germany,103.2,"Index, 2021=100",104.2,12.267826086956523,12.476666666666667,0.9962287899781237,0.0,38.21565217391304,32.163333333333334
2016-04-01,Manufacturing,Germany,104.0,"Index, 2021=100",103.2,11.979999999999999,12.267826086956523,-0.15187983491624749,0.0,41.583333333333336,38.21565217391304
2016-05-01,Manufacturing,Germany,102.1,"Index, 2021=100",104.0,13.04090909090909,11.979999999999999,0.6792464128472383,0.0,46.84909090909091,41.583333333333336
2016-06-01,Manufacturing,Germany,104.2,"Index, 2021=100",102.1,14.41590909090909,13.04090909090909,-0.1770446016289529,0.582575139176583,48.24727272727273,46.84909090909091
2016-07-01,Manufacturing,Germany,102.7,"Index, 2021=100",104.2,14.241904761904761,14.41590909090909,-0.4528878840711025,0.0,44.951904761904764,48.24727272727273
2016-08-01,Manufacturing,Germany,104.3,"Index, 2021=100",102.7,11.980869565217391,14.241904761904761,0.1189274105169856,0.0,45.843043478260874,44.951904761904764
2016-09-01,Manufacturing,Germany,104.0,"Index, 2021=100",104.3,12.282272727272726,11.980869565217391,0.24870447283671346,1.4727297897900193,46.567727272727275,45.843043478260874
2016-10-01,Manufacturing,Germany,104.9,"Index, 2021=100",104.0,16.093809523809526,12.282272727272726,0.41093056832079616,0.0,49.522380952380956,46.567727272727275
2016-11-01,Manufacturing,Germany,104.5,"Index, 2021=100",104.9,17.90590909090909,16.093809523809526,-0.5793797051617606,7.91404059403762,44.73409090909091,49.522380952380956
2016-12-01,Manufacturing,Germany,102.2,"Index, 2021=100",104.5,17.689545454545456,17.90590909090909,0.7086845393102761,2.0404579621780123,53.365,44.73409090909091
2017-01-01,Manufacturing,Germany,103.9,"Index, 2021=100",102.2,20.12272727272727,17.689545454545456,0.08901653408704874,0.0,54.59409090909091,53.365
2017-02-01,Manufacturing,Germany,105.0,"Index, 2021=100",103.9,19.553,20.12272727272727,-0.03179032404754296,0.0,54.8695,54.59409090909091
2017-03-01,Manufacturing,Germany,104.7,"Index, 2021=100",105.0,15.799130434782608,19.553,-1.4425063041961181,0.0,51.589130434782604,54.8695
2017-04-01,Manufacturing,Germany,106.2,"Index, 2021=100",104.7,16.058,15.799130434782608,0.21703780157455996,0.0,52.44500000000001,51.589130434782604
2017-05-01,Manufacturing,Germany,106.4,"Index, 2021=100",106.2,15.669130434782607,16.058,-0.8328997339371286,-4.41644778310952,50.326521739130435,52.44500000000001
2017-06-01,Manufacturing,Germany,106.4,"Index, 2021=100",106.4,15.134545454545453,15.669130434782607,-0.26420964099602673,0.0,46.36818181818182,50.326521739130435
2017-07-01,Manufacturing,Germany,107.2,"Index, 2021=100",106.4,15.095714285714285,15.134545454545453,-0.1449934034705647,0.0,48.47857142857143,46.36818181818182
2017-08-01,Manufacturing,Germany,109.5,"Index, 2021=100",107.2,15.99304347826087,15.095714285714285,-0.1520757414392232,0.0,51.70434782608696,48.47857142857143
2017-09-01,Manufacturing,Germany,108.6,"Index, 2021=100",109.5,17.302857142857142,15.99304347826087,0.32443706724488564,0.0,56.152857142857144,51.70434782608696
2017-10-01,Manufacturing,Germany,106.9,"Index, 2021=100",108.6,17.10363636363636,17.302857142857142,-0.3486109778555899,0.0,57.50772727272727,56.152857142857144
2017-11-01,Manufacturing,Germany,110.8,"Index, 2021=100",106.9,19.57090909090909,17.10363636363636,0.12556813519738738,0.21630901693183507,62.71409090909091,57.50772727272727
2017-12-01,Manufacturing,Germany,110.1,"Index, 2021=100",110.8,20.795238095238094,19.57090909090909,-0.1117328946322315,0.0,64.39619047619047,62.71409090909091
2018-01-01,Manufacturing,Germany,109.7,"Index, 2021=100",110.1,18.6,20.795238095238094,0.7325011228803984,0.0,68.97521739130435,64.39619047619047
2018-02-01,Manufacturing,Germany,107.4,"Index, 2021=100",109.7,21.679,18.6,-0.5046465050387093,0.0,65.3175,68.97521739130435
2018-03-01,Manufacturing,Germany,109.0,"Index, 2021=100",107.4,23.622727272727275,21.679,-0.10225293145429594,0.0,66.1531818181818,65.3175
2018-04-01,Manufacturing,Germany,108.6,"Index, 2021=100",109.0,19.645238095238096,23.622727272727275,0.47425564352743266,0.0,71.95904761904762,66.1531818181818
2018-05-01,Manufacturing,Germany,110.4,"Index, 2021=100",108.6,21.566086956521737,19.645238095238096,0.5388658853656386,0.0,76.86217391304348,71.95904761904762
2018-06-01,Manufacturing,Germany,109.8,"Index, 2021=100",110.4,21.92761904761905,21.566086956521737,-0.5831886971683538,-0.4130092757360921,74.4047619047619,76.86217391304348
2018-07-01,Manufacturing,Germany,107.7,"Index, 2021=100",109.8,22.253636363636364,21.92761904761905,0.5294960350409211,0.0,74.2540909090909,74.4047619047619
2018-08-01,Manufacturing,Germany,108.9,"Index, 2021=100",107.7,23.94347826086957,22.253636363636364,-0.20893271379353645,0.0,72.52826086956522,74.2540909090909
2018-09-01,Manufacturing,Germany,108.1,"Index, 2021=100",108.9,27.837,23.94347826086957,0.6564596940208821,0.0,78.89099999999999,72.52826086956522
2018-10-01,Manufacturing,Germany,108.0,"Index, 2021=100",108.1,25.539565217391303,27.837,0.12149689586130322,0.0,81.03217391304348,78.89099999999999
2018-11-01,Manufacturing,Germany,105.9,"Index, 2021=100",108.0,24.633636363636366,25.539565217391303,-1.3685992177175907,0.0,64.74818181818182,81.03217391304348
2018-12-01,Manufacturing,Germany,107.0,"Index, 2021=100",105.9,23.666190476190476,24.633636363636366,-0.2447966896801907,2.07348679679867,56.26285714285714,64.74818181818182
2019-01-01,Manufacturing,Germany,106.8,"Index, 2021=100",107.0,21.39782608695652,23.666190476190476,0.35962477880472876,0.0,59.025217391304345,56.26285714285714
2019-02-01,Manufacturing,Germany,106.4,"Index, 2021=100",106.8,18.0035,21.39782608695652,0.1517462342010795,0.0,63.9605,59.025217391304345
2019-03-01,Manufacturing,Germany,107.5,"Index, 2021=100",106.4,15.697619047619046,18.0035,-0.17808513427363806,0.0,66.13857142857144,63.9605
2019-04-01,Manufacturing,Germany,106.0,"Index, 2021=100",107.5,15.041818181818183,15.697619047619046,0.3628493694964929,0.0,71.20954545454545,66.13857142857144
2019-05-01,Manufacturing,Germany,106.6,"Index, 2021=100",106.0,13.298695652173913,15.041818181818183,-0.7347359961140314,0.0,71.17260869565217,71.20954545454545
2019-06-01,Manufacturing,Germany,105.4,"Index, 2021=100",106.6,10.5225,13.298695652173913,-0.33975076992957615,0.0,64.2205,71.17260869565217
2019-07-01,Manufacturing,Germany,105.0,"Index, 2021=100",105.4,10.941304347826087,10.5225,0.3395291323618024,-4.251048097619388,63.9191304347826,64.2205
2019-08-01,Manufacturing,Germany,105.3,"Index, 2021=100",105.0,10.029545454545454,10.941304347826087,-0.3748389650611249,0.0,59.041818181818186,63.9191304347826
2019-09-01,Manufacturing,Germany,104.3,"Index, 2021=100",105.3,9.568095238095239,10.029545454545454,0.48197852185687173,0.0,62.826666666666675,59.041818181818186
2019-10-01,Manufacturing,Germany,103.6,"Index, 2021=100",104.3,10.30913043478261,9.568095238095239,-0.3400181888327622,0.0,59.71304347826087,62.826666666666675
2019-11-01,Manufacturing,Germany,103.8,"Index, 2021=100",103.6,14.763809523809524,10.30913043478261,0.4635132466348744,0.0,63.21190476190476,59.71304347826087
2019-12-01,Manufacturing,Germany,101.3,"Index, 2021=100",103.8,13.031363636363636,14.763809523809524,0.4622502963974788,1.090508505035817,67.31,63.21190476190476
2020-01-01,Manufacturing,Germany,104.6,"Index, 2021=100",101.3,11.144782608695651,13.031363636363636,1.4414572982744303,0.0,63.82478260869566,67.31
2020-02-01,Manufacturing,Germany,105.4,"Index, 2021=100",104.6,9.3725,11.144782608695651,-0.8114535624060095,0.0,55.702,63.82478260869566
2020-03-01,Manufacturing,Germany,94.2,"Index, 2021=100",105.4,8.622727272727273,9.3725,-1.9239758097171007,-8.007737426749562,31.993636363636366,55.702
2020-04-01,Manufacturing,Germany,73.3,"Index, 2021=100",94.2,6.54,8.622727272727273,1.3138212739143362,3.0940649462160628,18.546818181818182,31.993636363636366
2020-05-01,Manufacturing,Germany,82.2,"Index, 2021=100",73.3,4.575714285714286,6.54,0.7414620048035757,0.0,29.344285714285714,18.546818181818182
2020-06-01,Manufacturing,Germany,91.8,"Index, 2021=100",82.2,4.991818181818181,4.575714285714286,-0.674179631293128,-3.149840310433884,40.26681818181818,29.344285714285714
2020-07-01,Manufacturing,Germany,94.2,"Index, 2021=100",91.8,4.879565217391304,4.991818181818181,-0.07202838847948002,0.0,43.24217391304348,40.26681818181818
2020-08-01,Manufacturing,Germany,93.6,"Index, 2021=100",94.2,7.533333333333333,4.879565217391304,-0.7379957308695794,0.0,44.75904761904762,43.24217391304348
2020-09-01,Manufacturing,Germany,96.2,"Index, 2021=100",93.6,11.161818181818182,7.533333333333333,-0.5826109751692493,0.0,40.90954545454545,44.75904761904762
2020-10-01,Manufacturing,Germany,100.0,"Index, 2021=100",96.2,13.955454545454545,11.161818181818182,-0.291036694449014,0.0,40.18954545454546,40.90954545454545
2020-11-01,Manufacturing,Germany,101.5,"Index, 2021=100",100.0,13.794285714285715,13.955454545454545,-0.1676225177801478,0.0,42.69238095238095,40.18954545454546
2020-12-01,Manufacturing,Germany,101.4,"Index, 2021=100",101.5,16.34565217391304,13.794285714285715,-0.06503074006202851,0.563137829641395,50.03217391304348,42.69238095238095
2021-01-01,Manufacturing,Germany,102.0,"Index, 2021=100",101.4,20.476190476190474,16.34565217391304,-0.5778110950222807,3.899417998430563,54.60476190476191,50.03217391304348
2021-02-01,Manufacturing,Germany,99.9,"Index, 2021=100",102.0,17.4085,20.476190476190474,0.26866362438390906,0.0,62.2765,54.60476190476191
2021-03-01,Manufacturing,Germany,101.0,"Index, 2021=100",99.9,17.795217391304348,17.4085,0.3009824618650811,3.5419347237958796,65.41,62.2765
2021-04-01,Manufacturing,Germany,100.8,"Index, 2021=100",101.0,20.775454545454547,17.795217391304348,0.5129892999970512,5.991632222929873,64.71954545454545,65.41
2021-05-01,Manufacturing,Germany,100.2,"Index, 2021=100",100.8,25.285238095238096,20.775454545454547,0.8992703670969532,0.0,68.5352380952381,64.71954545454545
2021-06-01,Manufacturing,Germany,98.1,"Index, 2021=100",100.2,29.238636363636363,25.285238095238096,0.36360474028399664,2.2925007532095663,73.1640909090909,68.5352380952381
2021-07-01,Manufacturing,Germany,100.6,"Index, 2021=100",98.1,36.13954545454545,29.238636363636363,0.019142986170709916,-9.851298268875022,75.1659090909091,73.1640909090909
2021-08-01,Manufacturing,Germany,94.4,"Index, 2021=100",100.6,44.30409090909091,36.13954545454545,-0.3147083142103972,0.0,70.81590909090909,75.1659090909091
2021-09-01,Manufacturing,Germany,94.9,"Index, 2021=100",94.4,64.45363636363636,44.30409090909091,1.015760795186652,0.4390282348823775,74.48863636363636,70.81590909090909
2021-10-01,Manufacturing,Germany,98.9,"Index, 2021=100",94.9,87.69238095238094,64.45363636363636,0.7705932795655408,2.361261487325598,83.53809523809524,74.48863636363636
2021-11-01,Manufacturing,Germany,99.8,"Index, 2021=100",98.9,81.92136363636364,87.69238095238094,-0.5218341421272874,-1.0130750354233125,81.05,83.53809523809524
2021-12-01,Manufacturing,Germany,101.2,"Index, 2021=100",99.8,112.80739130434783,81.92136363636364,-0.49656758152090014,1.7069751201240932,74.26347826086956,81.05
2022-01-01,Manufacturing,Germany,101.1,"Index, 2021=100",101.2,84.06952380952382,112.80739130434783,0.8522287791057341,1.4985078326623733,86.50523809523808,74.26347826086956
2022-02-01,Manufacturing,Germany,100.8,"Index, 2021=100",101.1,81.164,84.06952380952382,0.20967705216092372,0.6492342056890332,97.12899999999999,86.50523809523808
2022-03-01,Manufacturing,Germany,95.3,"Index, 2021=100",100.8,129.18304347826088,81.164,1.1589724435645128,1.020230642989599,117.24521739130434,97.12899999999999
2022-04-01,Manufacturing,Germany,97.2,"Index, 2021=100",95.3,101.06238095238095,129.18304347826088,-0.41804567878166843,0.0,105.17095238095239,117.24521739130434
2022-05-01,Manufacturing,Germany,99.1,"Index, 2021=100",97.2,88.58863636363637,101.06238095238095,0.8079062673307621,0.4644825107300398,113.11136363636363,105.17095238095239
2022-06-01,Manufacturing,Germany,99.5,"Index, 2021=100",99.1,106.29454545454546,88.58863636363637,0.2666071424046354,-2.121493222584776,122.68772727272727,113.11136363636363
2022-07-01,Manufacturing,Germany,99.4,"Index, 2021=100",99.5,171.41666666666666,106.29454545454546,-1.5284523643533043,0.0,111.92571428571429,122.68772727272727
2022-08-01,Manufacturing,Germany,98.2,"Index, 2021=100",99.4,235.68391304347824,171.41666666666666,-0.8625649365210946,-2.904996658248558,100.47608695652173,111.92571428571429
2022-09-01,Manufacturing,Germany,100.8,"Index, 2021=100",98.2,190.24181818181816,235.68391304347824,-0.6092331240191604,0.5554531127177963,89.74954545454545,100.47608695652173
2022-10-01,Manufacturing,Germany,100.3,"Index, 2021=100",100.8,72.15047619047618,190.24181818181816,0.8249900068007756,2.4641871317219377,93.33190476190477,89.74954545454545
2022-11-01,Manufacturing,Germany,101.0,"Index, 2021=100",100.3,96.28181818181817,72.15047619047618,-0.31727729228827767,0.0,91.41545454545455,93.33190476190477
2022-12-01,Manufacturing,Germany,98.7,"Index, 2021=100",101.0,113.99181818181819,96.28181818181817,-0.5175798710392452,-2.8790551863806995,81.06272727272727,91.41545454545455
2023-01-01,Manufacturing,Germany,100.3,"Index, 2021=100",98.7,63.004090909090905,113.99181818181819,0.16272770514393026,0.0,82.51590909090909,81.06272727272727
2023-02-01,Manufacturing,Germany,102.7,"Index, 2021=100",100.3,53.352999999999994,63.004090909090905,-0.3578309492217428,0.0,82.58500000000001,82.51590909090909
2023-03-01,Manufacturing,Germany,100.0,"Index, 2021=100",102.7,44.18782608695652,53.352999999999994,-0.5444578687975978,0.0,78.43434782608696,82.58500000000001
2023-04-01,Manufacturing,Germany,99.2,"Index, 2021=100",100.0,42.585,44.18782608695652,0.7779760977112515,0.0,84.8305,78.43434782608696
2023-05-01,Manufacturing,Germany,101.4,"Index, 2021=100",99.2,31.335652173913044,42.585,-0.9911199872566404,0.0,75.77478260869565,84.8305
2023-06-01,Manufacturing,Germany,99.0,"Index, 2021=100",101.4,32.39909090909091,31.335652173913044,0.10438583996063543,0.4626838105740375,74.83909090909091,75.77478260869565
2023-07-01,Manufacturing,Germany,98.0,"Index, 2021=100",99.0,29.665714285714287,32.39909090909091,0.3105036346079896,0.0,80.10809523809523,74.83909090909091
2023-08-01,Manufacturing,Germany,97.8,"Index, 2021=100",98.0,33.52304347826087,29.665714285714287,0.2634335721723802,0.0,86.11608695652174,80.10809523809523
2023-09-01,Manufacturing,Germany,97.3,"Index, 2021=100",97.8,36.52761904761905,33.52304347826087,0.4709271233739839,0.0,93.72238095238096,86.11608695652174
2023-10-01,Manufacturing,Germany,96.6,"Index, 2021=100",97.3,43.264545454545456,36.52761904761905,-0.16534366151930893,0.0,90.59590909090909,93.72238095238096
2023-11-01,Manufacturing,Germany,96.3,"Index, 2021=100",96.6,43.269090909090906,43.264545454545456,-0.571544726123262,-2.4651491943871404,82.94,90.59590909090909
2023-12-01,Manufacturing,Germany,94.2,"Index, 2021=100",96.3,35.318571428571424,43.269090909090906,0.011208893183722398,0.0,77.87857142857143,82.94
2004-01-01,"Electricity, gas, steam and air conditioning supply",Germany,120.5,"Index, 2021=100",120.5,11.36,11.36,0.44154017195044576,0.0,31.236363636363638,29.77608695652174
2004-02-01,"Electricity, gas, steam and air conditioning supply",Germany,118.9,"Index, 2021=100",120.5,10.7975,11.36,-0.08581088034809001,2.694076911628696,30.8585,31.236363636363638
2004-03-01,"Electricity, gas, steam and air conditioning supply",Germany,118.2,"Index, 2021=100",118.9,10.900434782608697,10.7975,0.2813203494904621,-0.667869132781252,33.63434782608696,30.8585
2004-04-01,"Electricity, gas, steam and air conditioning supply",Germany,115.8,"Index, 2021=100",118.2,10.974545454545455,10.900434782608697,-0.6033863591783445,0.0,33.59090909090909,33.63434782608696
2004-05-01,"Electricity, gas, steam and air conditioning supply",Germany,115.7,"Index, 2021=100",115.8,11.221904761904762,10.974545454545455,0.5969780334499486,0.0,37.56761904761905,33.59090909090909
2004-06-01,"Electricity, gas, steam and air conditioning supply",Germany,114.9,"Index, 2021=100",115.7,10.607727272727272,11.221904761904762,-0.0108376887124877,-0.8697021883599181,35.18363636363636,37.56761904761905
2004-07-01,"Electricity, gas, steam and air conditioning supply",Germany,113.6,"Index, 2021=100",114.9,10.656818181818181,10.607727272727272,-0.18225670383212336,0.0,38.221363636363634,35.18363636363636
2004-08-01,"Electricity, gas, steam and air conditioning supply",Germany,115.2,"Index, 2021=100",113.6,12.030909090909091,10.656818181818181,0.41307128781677527,0.0,42.74409090909091,38.221363636363634
2004-09-01,"Electricity, gas, steam and air conditioning supply",Germany,117.8,"Index, 2021=100",115.2,12.784999999999998,12.030909090909091,0.020228290770040784,-1.6071356282661176,43.19681818181818,42.74409090909091
2004-10-01,"Electricity, gas, steam and air conditioning supply",Germany,117.2,"Index, 2021=100",117.8,12.065238095238096,12.784999999999998,0.8379242805985881,0.0,49.776666666666664,43.19681818181818
2004-11-01,"Electricity, gas, steam and air conditioning supply",Germany,119.4,"Index, 2021=100",117.2,12.959545454545456,12.065238095238096,-0.22862171681724705,0.0,43.110454545454544,49.776666666666664
2004-12-01,"Electricity, gas, steam and air conditioning supply",Germany,120.5,"Index, 2021=100",119.4,14.537391304347826,12.959545454545456,-0.8713033012256369,-3.1596202022297115,39.60217391304348,43.110454545454544
2005-01-01,"Electricity, gas, steam and air conditioning supply",Germany,112.5,"Index, 2021=100",120.5,14.123333333333331,14.537391304347826,0.2661415106984759,2.159954265104334,44.31238095238095,39.60217391304348
2005-02-01,"Electricity, gas, steam and air conditioning supply",Germany,121.3,"Index, 2021=100",112.5,16.8315,14.123333333333331,0.33553585232891664,0.0,45.475,44.31238095238095
2005-03-01,"Electricity, gas, steam and air conditioning supply",Germany,119.1,"Index, 2021=100",121.3,18.585217391304347,16.8315,0.5751930208570617,3.0421593263989704,53.071739130434786,45.475
2005-04-01,"Electricity, gas, steam and air conditioning supply",Germany,119.1,"Index, 2021=100",119.1,14.80857142857143,18.585217391304347,-0.5666684540474421,0.0,51.88380952380952,53.071739130434786
2005-05-01,"Electricity, gas, steam and air conditioning supply",Germany,116.9,"Index, 2021=100",119.1,14.289090909090909,14.80857142857143,-0.10846214234396483,0.0,48.64545454545455,51.88380952380952
2005-06-01,"Electricity, gas, steam and air conditioning supply",Germany,118.1,"Index, 2021=100",116.9,14.356363636363636,14.289090909090909,0.503989891285571,0.3374585671050337,54.35454545454545,48.64545454545455
2005-07-01,"Electricity, gas, steam and air conditioning supply",Germany,120.1,"Index, 2021=100",118.1,15.540952380952382,14.356363636363636,0.563468443674944,0.0,57.52,54.35454545454545
2005-08-01,"Electricity, gas, steam and air conditioning supply",Germany,116.3,"Index, 2021=100",120.1,15.107826086956523,15.540952380952382,0.718752317958703,0.0,63.98347826086956,57.52
2005-09-01,"Electricity, gas, steam and air conditioning supply",Germany,115.1,"Index, 2021=100",116.3,14.746363636363638,15.107826086956523,1.1148474280757803,-1.6643240899907965,62.908181818181816,63.98347826086956
2005-10-01,"Electricity, gas, steam and air conditioning supply",Germany,115.2,"Index, 2021=100",115.1,15.534761904761906,14.746363636363638,-1.0533079897254418,0.0,58.53857142857142,62.908181818181816
2005-11-01,"Electricity, gas, steam and air conditioning supply",Germany,116.8,"Index, 2021=100",115.2,19.15909090909091,15.534761904761906,-1.2341397270208476,0.0,55.24181818181818,58.53857142857142
2005-12-01,"Electricity, gas, steam and air conditioning supply",Germany,120.8,"Index, 2021=100",116.8,22.903636363636362,19.15909090909091,-0.03924653272715153,2.9526028347999587,56.84136363636364,55.24181818181818
2006-01-01,"Electricity, gas, steam and air conditioning supply",Germany,126.5,"Index, 2021=100",120.8,25.694999999999997,22.903636363636362,0.19348656521120655,-0.15180339953147387,62.77409090909091,56.84136363636364
2006-02-01,"Electricity, gas, steam and air conditioning supply",Germany,124.9,"Index, 2021=100",126.5,22.324,25.694999999999997,-0.6518974343740799,0.0,60.21,62.77409090909091
2006-03-01,"Electricity, gas, steam and air conditioning supply",Germany,124.9,"Index, 2021=100",124.9,26.028260869565216,22.324,-0.07863751143875931,-1.827456416166897,62.06478260869565,60.21
2006-04-01,"Electricity, gas, steam and air conditioning supply",Germany,120.3,"Index, 2021=100",124.9,21.387999999999998,26.028260869565216,0.6237237514902355,0.0,70.173,62.06478260869565
2006-05-01,"Electricity, gas, steam and air conditioning supply",Germany,114.7,"Index, 2021=100",120.3,19.692608695652176,21.387999999999998,-0.3540726086115883,0.0,69.77695652173912,70.173
2006-06-01,"Electricity, gas, steam and air conditioning supply",Germany,121.2,"Index, 2021=100",114.7,19.58409090909091,19.692608695652176,-0.31545669169778073,-1.1833322763183536,68.5559090909091,69.77695652173912
2006-07-01,"Electricity, gas, steam and air conditioning supply",Germany,121.7,"Index, 2021=100",121.2,19.847619047619048,19.58409090909091,0.28310573574819875,0.0,73.67428571428572,68.5559090909091
2006-08-01,"Electricity, gas, steam and air conditioning supply",Germany,119.5,"Index, 2021=100",121.7,17.97826086956522,19.847619047619048,-0.1782674258490434,0.0,73.2304347826087,73.67428571428572
2006-09-01,"Electricity, gas, steam and air conditioning supply",Germany,115.6,"Index, 2021=100",119.5,15.951428571428572,17.97826086956522,-1.0773599355773278,-1.1265879387430244,61.95857142857143,73.2304347826087
2006-10-01,"Electricity, gas, steam and air conditioning supply",Germany,113.7,"Index, 2021=100",115.6,14.200454545454546,15.951428571428572,-0.713482353040865,-1.0147867419479089,57.808181818181815,61.95857142857143
2006-11-01,"Electricity, gas, steam and air conditioning supply",Germany,113.6,"Index, 2021=100",113.7,19.87272727272727,14.200454545454546,-0.6336040683167151,0.0,58.76136363636363,57.808181818181815
2006-12-01,"Electricity, gas, steam and air conditioning supply",Germany,113.7,"Index, 2021=100",113.6,16.45809523809524,19.87272727272727,0.06279864252157119,1.7594994847040366,62.41952380952381,58.76136363636363
2007-01-01,"Electricity, gas, steam and air conditioning supply",Germany,105.0,"Index, 2021=100",113.7,13.603478260869565,16.45809523809524,-0.8815456486489374,0.0,53.748695652173915,62.41952380952381
2007-02-01,"Electricity, gas, steam and air conditioning supply",Germany,109.6,"Index, 2021=100",105.0,9.310500000000001,13.603478260869565,0.5012149220613668,0.0,57.516999999999996,53.748695652173915
2007-03-01,"Electricity, gas, steam and air conditioning supply",Germany,111.0,"Index, 2021=100",109.6,10.338636363636363,9.310500000000001,0.001407425353364094,-0.689195928658093,62.05045454545455,57.516999999999996
2007-04-01,"Electricity, gas, steam and air conditioning supply",Germany,111.2,"Index, 2021=100",111.0,8.91904761904762,10.338636363636363,0.23160567911181562,0.0,67.64428571428572,62.05045454545455
2007-05-01,"Electricity, gas, steam and air conditioning supply",Germany,116.5,"Index, 2021=100",111.2,11.71391304347826,8.91904761904762,-0.29762578435044224,0.0,67.36478260869566,67.64428571428572
2007-06-01,"Electricity, gas, steam and air conditioning supply",Germany,120.3,"Index, 2021=100",116.5,10.586190476190476,11.71391304347826,0.16535936703141824,0.0,71.04571428571428,67.36478260869566
2007-07-01,"Electricity, gas, steam and air conditioning supply",Germany,116.3,"Index, 2021=100",120.3,14.946363636363635,10.586190476190476,0.18880782596297765,0.0,76.80863636363637,71.04571428571428
2007-08-01,"Electricity, gas, steam and air conditioning supply",Germany,119.8,"Index, 2021=100",116.3,14.281304347826088,14.946363636363635,-0.5681005018139146,0.0,70.76086956521739,76.80863636363637
2007-09-01,"Electricity, gas, steam and air conditioning supply",Germany,118.7,"Index, 2021=100",119.8,17.057,14.281304347826088,1.0001793364551819,1.1859376565060231,76.929,70.76086956521739
2007-10-01,"Electricity, gas, steam and air conditioning supply",Germany,119.6,"Index, 2021=100",118.7,20.13478260869565,17.057,0.10198579635873983,0.0,82.34,76.929
2007-11-01,"Electricity, gas, steam and air conditioning supply",Germany,119.1,"Index, 2021=100",119.6,22.223636363636363,20.13478260869565,0.6128810878526092,0.0,92.53045454545455,82.34
2007-12-01,"Electricity, gas, steam and air conditioning supply",Germany,116.2,"Index, 2021=100",119.1,23.133333333333333,22.223636363636363,-0.28925766272037334,-0.831933850195447,90.99,92.53045454545455
2008-01-01,"Electricity, gas, steam and air conditioning supply",Germany,108.4,"Index, 2021=100",116.2,24.26347826086956,23.133333333333333,-0.13761859893639725,0.0,92.13391304347826,90.99
2008-02-01,"Electricity, gas, steam and air conditioning supply",Germany,110.1,"Index, 2021=100",108.4,22.760952380952382,24.26347826086956,0.2608943406309443,-2.502179452682496,95.08047619047619,92.13391304347826
2008-03-01,"Electricity, gas, steam and air conditioning supply",Germany,114.3,"Index, 2021=100",110.1,23.693333333333335,22.760952380952382,1.0041522754151373,4.248635030337986,103.45190476190476,95.08047619047619
2008-04-01,"Electricity, gas, steam and air conditioning supply",Germany,120.6,"Index, 2021=100",114.3,25.75318181818182,23.693333333333335,0.06105421820469373,0.0,109.07136363636364,103.45190476190476
2008-05-01,"Electricity, gas, steam and air conditioning supply",Germany,116.8,"Index, 2021=100",120.6,25.01409090909091,25.75318181818182,1.3761117623094206,0.0,123.11181818181818,109.07136363636364
2008-06-01,"Electricity, gas, steam and air conditioning supply",Germany,116.8,"Index, 2021=100",116.8,26.552380952380954,25.01409090909091,1.1146900143738558,0.0,132.32238095238094,123.11181818181818
2008-07-01,"Electricity, gas, steam and air conditioning supply",Germany,114.6,"Index, 2021=100",116.8,25.088260869565215,26.552380952380954,0.5718559213874487,0.0,133.20652173913044,132.32238095238094
2008-08-01,"Electricity, gas, steam and air conditioning supply",Germany,112.5,"Index, 2021=100",114.6,24.035238095238096,25.088260869565215,-0.46951606860925593,0.0,113.24333333333334,133.20652173913044
2008-09-01,"Electricity, gas, steam and air conditioning supply",Germany,116.4,"Index, 2021=100",112.5,30.28409090909091,24.035238095238096,0.2624296377427312,-0.7550683370320911,97.97363636363637,113.24333333333334
2008-10-01,"Electricity, gas, steam and air conditioning supply",Germany,113.7,"Index, 2021=100",116.4,26.14260869565217,30.28409090909091,-2.8871890830034372,-5.276020721573241,71.58217391304348,97.97363636363637
2008-11-01,"Electricity, gas, steam and air conditioning supply",Germany,106.5,"Index, 2021=100",113.7,23.5355,26.14260869565217,-1.0616536689944311,0.0,52.2995,71.58217391304348
2008-12-01,"Electricity, gas, steam and air conditioning supply",Germany,105.9,"Index, 2021=100",106.5,21.674347826086954,23.5355,-0.2694383119813248,-2.158283290921576,39.70782608695652,52.2995
2009-01-01,"Electricity, gas, steam and air conditioning supply",Germany,110.8,"Index, 2021=100",105.9,23.224999999999998,21.674347826086954,1.9606284214617051,0.0,43.09227272727273,39.70782608695652
2009-02-01,"Electricity, gas, steam and air conditioning supply",Germany,107.0,"Index, 2021=100",110.8,17.725,23.224999999999998,0.07516411002784573,0.0,43.326499999999996,43.09227272727273
2009-03-01,"Electricity, gas, steam and air conditioning supply",Germany,100.8,"Index, 2021=100",107.0,12.2,17.725,1.147539934894266,1.9198599485884802,46.540454545454544,43.326499999999996
2009-04-01,"Electricity, gas, steam and air conditioning supply",Germany,97.6,"Index, 2021=100",100.8,11.327272727272726,12.2,-0.6897706760210826,0.0,50.279545454545456,46.540454545454544
2009-05-01,"Electricity, gas, steam and air conditioning supply",Germany,100.7,"Index, 2021=100",97.6,11.00952380952381,11.327272727272726,0.9371855413099275,2.9437593321208158,57.36904761904762,50.279545454545456
2009-06-01,"Electricity, gas, steam and air conditioning supply",Germany,111.8,"Index, 2021=100",100.7,10.796818181818182,11.00952380952381,1.0697891624848404,0.0,68.60954545454545,57.36904761904762
2009-07-01,"Electricity, gas, steam and air conditioning supply",Germany,111.7,"Index, 2021=100",111.8,9.393478260869566,10.796818181818182,-0.8584497443655938,0.0,64.49217391304347,68.60954545454545
2009-08-01,"Electricity, gas, steam and air conditioning supply",Germany,112.4,"Index, 2021=100",111.7,8.778571428571428,9.393478260869566,1.168814769853965,0.0,72.50857142857143,64.49217391304347
2009-09-01,"Electricity, gas, steam and air conditioning supply",Germany,110.8,"Index, 2021=100",112.4,9.418181818181818,8.778571428571428,0.12040182675501683,0.7555170574307397,67.56409090909091,72.50857142857143
2009-10-01,"Electricity, gas, steam and air conditioning supply",Germany,109.9,"Index, 2021=100",110.8,10.340909090909092,9.418181818181818,0.8389514187941388,0.0,72.76954545454545,67.56409090909091
2009-11-01,"Electricity, gas, steam and air conditioning supply",Germany,106.8,"Index, 2021=100",109.9,9.738095238095237,10.340909090909092,-0.14885123884919385,0.0,76.65761904761905,72.76954545454545
2009-12-01,"Electricity, gas, steam and air conditioning supply",Germany,112.4,"Index, 2021=100",106.8,11.4,9.738095238095237,-0.8450010635890879,1.281714088367376,74.48652173913044,76.65761904761905
2010-01-01,"Electricity, gas, steam and air conditioning supply",Germany,115.2,"Index, 2021=100",112.4,14.44047619047619,11.4,-0.48138524271346517,0.0,76.28285714285714,74.48652173913044
2010-02-01,"Electricity, gas, steam and air conditioning supply",Germany,113.2,"Index, 2021=100",115.2,13.715,14.44047619047619,-0.21414063782099357,0.0,73.639,76.28285714285714
2010-03-01,"Electricity, gas, steam and air conditioning supply",Germany,107.6,"Index, 2021=100",113.2,11.954782608695652,13.715,-0.5233596426999279,1.5544096531485574,78.82739130434783,73.639
2010-04-01,"Electricity, gas, steam and air conditioning supply",Germany,112.4,"Index, 2021=100",107.6,13.493181818181819,11.954782608695652,-0.18357082280701043,0.0,84.71818181818182,78.82739130434783
2010-05-01,"Electricity, gas, steam and air conditioning supply",Germany,115.6,"Index, 2021=100",112.4,16.781904761904762,13.493181818181819,-1.323271263136311,0.0,75.8052380952381,84.71818181818182
2010-06-01,"Electricity, gas, steam and air conditioning supply",Germany,106.4,"Index, 2021=100",115.6,19.222727272727273,16.781904761904762,0.525869862586917,0.0,74.7609090909091,75.8052380952381
2010-07-01,"Electricity, gas, steam and air conditioning supply",Germany,112.5,"Index, 2021=100",106.4,19.469545454545454,19.222727272727273,0.04754485195679738,0.0,75.40590909090909,74.7609090909091
2010-08-01,"Electricity, gas, steam and air conditioning supply",Germany,109.8,"Index, 2021=100",112.5,18.13090909090909,19.469545454545454,-0.07161403937119563,0.0,77.03954545454545,75.40590909090909
2010-09-01,"Electricity, gas, steam and air conditioning supply",Germany,110.5,"Index, 2021=100",109.8,18.943181818181817,18.13090909090909,-0.1487126906627298,0.0,77.71272727272728,77.03954545454545
2010-10-01,"Electricity, gas, steam and air conditioning supply",Germany,112.8,"Index, 2021=100",110.5,18.497619047619047,18.943181818181817,0.7103428057964077,-0.4584134038079942,82.6647619047619,77.71272727272728
2010-11-01,"Electricity, gas, steam and air conditioning supply",Germany,112.8,"Index, 2021=100",112.8,19.477272727272727,18.497619047619047,0.09961570270309454,0.0,85.24090909090908,82.6647619047619
2010-12-01,"Electricity, gas, steam and air conditioning supply",Germany,118.6,"Index, 2021=100",112.8,24.09478260869565,19.477272727272727,-0.1169385540431611,1.0894693635716877,91.54173913043478,85.24090909090908
2011-01-01,"Electricity, gas, steam and air conditioning supply",Germany,111.5,"Index, 2021=100",118.6,22.343809523809526,24.09478260869565,-0.13316626923827257,0.0,96.58714285714285,91.54173913043478
2011-02-01,"Electricity, gas, steam and air conditioning supply",Germany,111.9,"Index, 2021=100",111.5,21.761,22.343809523809526,0.1062714600527813,0.0,103.6405,96.58714285714285
2011-03-01,"Electricity, gas, steam and air conditioning supply",Germany,110.0,"Index, 2021=100",111.9,23.722608695652173,21.761,1.0735774048683804,0.0,114.64347826086957,103.6405
2011-04-01,"Electricity, gas, steam and air conditioning supply",Germany,106.0,"Index, 2021=100",110.0,22.854761904761904,23.722608695652173,0.9191065185128502,0.0,123.45380952380954,114.64347826086957
2011-05-01,"Electricity, gas, steam and air conditioning supply",Germany,103.0,"Index, 2021=100",106.0,22.989545454545453,22.854761904761904,-0.754449697870264,0.0,114.98272727272727,123.45380952380954
2011-06-01,"Electricity, gas, steam and air conditioning supply",Germany,102.6,"Index, 2021=100",103.0,22.613636363636363,22.989545454545453,-0.5053044665651589,1.5367288900477356,113.83318181818181,114.98272727272727
2011-07-01,"Electricity, gas, steam and air conditioning supply",Germany,105.9,"Index, 2021=100",102.6,21.51142857142857,22.613636363636363,-0.18652846565540906,0.0,116.63285714285715,113.83318181818181
2011-08-01,"Electricity, gas, steam and air conditioning supply",Germany,105.5,"Index, 2021=100",105.9,21.93565217391304,21.51142857142857,-1.0228125161863917,0.0,110.3095652173913,116.63285714285715
2011-09-01,"Electricity, gas, steam and air conditioning supply",Germany,102.4,"Index, 2021=100",105.5,23.39363636363636,21.93565217391304,0.43959634290727284,0.0,112.9740909090909,110.3095652173913
2011-10-01,"Electricity, gas, steam and air conditioning supply",Germany,105.1,"Index, 2021=100",102.4,22.554761904761904,23.39363636363636,-0.15278013183668757,0.0,109.55000000000001,112.9740909090909
2011-11-01,"Electricity, gas, steam and air conditioning supply",Germany,105.8,"Index, 2021=100",105.1,23.736363636363638,22.554761904761904,0.8939539270283243,0.0,110.58909090909091,109.55000000000001
2011-12-01,"Electricity, gas, steam and air conditioning supply",Germany,106.3,"Index, 2021=100",105.8,22.296818181818182,23.736363636363638,-0.356458994127559,-4.916568331324604,107.99863636363635,110.58909090909091
2012-01-01,"Electricity, gas, steam and air conditioning supply",Germany,105.9,"Index, 2021=100",106.3,21.865454545454543,22.296818181818182,0.20632540358179952,0.0,110.53136363636364,107.99863636363635
2012-02-01,"Electricity, gas, steam and air conditioning supply",Germany,114.1,"Index, 2021=100",105.9,25.41142857142857,21.865454545454543,-0.029054799009691847,0.0,119.39190476190477,110.53136363636364
2012-03-01,"Electricity, gas, steam and air conditioning supply",Germany,108.2,"Index, 2021=100",114.1,23.80727272727273,25.41142857142857,0.784751689386223,0.0,125.44545454545455,119.39190476190477
2012-04-01,"Electricity, gas, steam and air conditioning supply",Germany,111.1,"Index, 2021=100",108.2,24.78952380952381,23.80727272727273,0.24063874434988755,0.0,120.05666666666667,125.44545454545455
2012-05-01,"Electricity, gas, steam and air conditioning supply",Germany,110.5,"Index, 2021=100",111.1,24.196521739130436,24.78952380952381,-0.3856336478636065,0.0,110.2891304347826,120.05666666666667
2012-06-01,"Electricity, gas, steam and air conditioning supply",Germany,111.8,"Index, 2021=100",110.5,23.673333333333332,24.196521739130436,-0.36812562156261563,1.490841835031829,95.15571428571428,110.2891304347826
2012-07-01,"Electricity, gas, steam and air conditioning supply",Germany,108.9,"Index, 2021=100",111.8,24.332727272727276,23.673333333333332,0.6703576310954897,0.0,102.49454545454546,95.15571428571428
2012-08-01,"Electricity, gas, steam and air conditioning supply",Germany,112.1,"Index, 2021=100",108.9,24.05652173913043,24.332727272727276,0.889111873743037,0.0,113.35608695652174,102.49454545454546
2012-09-01,"Electricity, gas, steam and air conditioning supply",Germany,109.9,"Index, 2021=100",112.1,25.825499999999998,24.05652173913043,0.366716761812549,0.0,112.917,113.35608695652174
2012-10-01,"Electricity, gas, steam and air conditioning supply",Germany,108.8,"Index, 2021=100",109.9,26.702173913043477,25.825499999999998,-0.2515652750980356,0.0,111.7108695652174,112.917
2012-11-01,"Electricity, gas, steam and air conditioning supply",Germany,108.1,"Index, 2021=100",108.8,27.24909090909091,26.702173913043477,-0.07773850880404555,0.0,109.13818181818182,111.7108695652174
2012-12-01,"Electricity, gas, steam and air conditioning supply",Germany,105.4,"Index, 2021=100",108.1,27.22333333333333,27.24909090909091,-0.28562219812972955,0.9944110031743462,109.44380952380953,109.13818181818182
2013-01-01,"Electricity, gas, steam and air conditioning supply",Germany,108.2,"Index, 2021=100",105.4,26.51782608695652,27.22333333333333,0.31250565033261724,0.0,112.81173913043479,109.44380952380953
2013-02-01,"Electricity, gas, steam and air conditioning supply",Germany,110.2,"Index, 2021=100",108.2,26.3165,26.51782608695652,0.16430715373994836,0.0,116.11800000000001,112.81173913043479
2013-03-01,"Electricity, gas, steam and air conditioning supply",Germany,116.1,"Index, 2021=100",110.2,32.31666666666666,26.3165,-0.383542027094866,0.0,108.47333333333333,116.11800000000001
2013-04-01,"Electricity, gas, steam and air conditioning supply",Germany,112.1,"Index, 2021=100",116.1,28.575,32.31666666666666,-0.25921885392347294,0.0,102.24818181818182,108.47333333333333
2013-05-01,"Electricity, gas, steam and air conditioning supply",Germany,108.0,"Index, 2021=100",112.1,26.73304347826087,28.575,0.16248527258302423,-1.3607161850187028,102.50130434782609,102.24818181818182
2013-06-01,"Electricity, gas, steam and air conditioning supply",Germany,110.6,"Index, 2021=100",108.0,26.23,26.73304347826087,0.1894274611148,0.0,102.9195,102.50130434782609
2013-07-01,"Electricity, gas, steam and air conditioning supply",Germany,109.9,"Index, 2021=100",110.6,26.070434782608697,26.23,0.6182980381651376,0.0,107.85434782608696,102.9195
2013-08-01,"Electricity, gas, steam and air conditioning supply",Germany,109.8,"Index, 2021=100",109.9,25.55181818181818,26.070434782608697,-0.07052223294410298,0.0,111.28045454545455,107.85434782608696
2013-09-01,"Electricity, gas, steam and air conditioning supply",Germany,112.4,"Index, 2021=100",109.8,26.478571428571428,25.55181818181818,0.06362224893820845,0.0,111.8047619047619,111.28045454545455
2013-10-01,"Electricity, gas, steam and air conditioning supply",Germany,109.8,"Index, 2021=100",112.4,25.868695652173916,26.478571428571428,0.13725652508100525,0.0,109.07652173913044,111.8047619047619
2013-11-01,"Electricity, gas, steam and air conditioning supply",Germany,108.4,"Index, 2021=100",109.8,27.18047619047619,25.868695652173916,-0.11144201084991862,0.0,107.96,109.07652173913044
2013-12-01,"Electricity, gas, steam and air conditioning supply",Germany,107.1,"Index, 2021=100",108.4,27.702727272727273,27.18047619047619,0.6426503974155726,1.006536826380158,110.79363636363637,107.96
2014-01-01,"Electricity, gas, steam and air conditioning supply",Germany,105.0,"Index, 2021=100",107.1,26.253913043478263,27.702727272727273,-0.19812368810882713,0.0,108.19739130434782,110.79363636363637
2014-02-01,"Electricity, gas, steam and air conditioning supply",Germany,103.1,"Index, 2021=100",105.0,23.849,26.253913043478263,-0.044531303873754494,0.0,108.88700000000001,108.19739130434782
2014-03-01,"Electricity, gas, steam and air conditioning supply",Germany,104.6,"Index, 2021=100",103.1,22.767142857142858,23.849,0.0514680128382354,0.0,107.48095238095237,108.88700000000001
2014-04-01,"Electricity, gas, steam and air conditioning supply",Germany,103.3,"Index, 2021=100",104.6,20.423181818181817,22.767142857142858,-0.018508882722691297,0.0,107.84772727272728,107.48095238095237
2014-05-01,"Electricity, gas, steam and air conditioning supply",Germany,105.1,"Index, 2021=100",103.3,19.08818181818182,20.423181818181817,0.10496074182617701,0.0,109.53909090909092,107.84772727272728
2014-06-01,"Electricity, gas, steam and air conditioning supply",Germany,105.9,"Index, 2021=100",105.1,17.39190476190476,19.08818181818182,0.3545000070992207,0.42851134062250246,111.79523809523809,109.53909090909092
2014-07-01,"Electricity, gas, steam and air conditioning supply",Germany,103.0,"Index, 2021=100",105.9,16.50565217391304,17.39190476190476,-0.4381447112306579,0.0,106.86434782608696,111.79523809523809
2014-08-01,"Electricity, gas, steam and air conditioning supply",Germany,102.9,"Index, 2021=100",103.0,17.497142857142858,16.50565217391304,0.08722188445673984,0.0,101.60809523809523,106.86434782608696
2014-09-01,"Electricity, gas, steam and air conditioning supply",Germany,106.7,"Index, 2021=100",102.9,20.74863636363636,17.497142857142858,-0.16107172026645272,0.0,97.27454545454545,101.60809523809523
2014-10-01,"Electricity, gas, steam and air conditioning supply",Germany,108.7,"Index, 2021=100",106.7,21.268260869565218,20.74863636363636,-0.2764119863445895,0.0,87.42521739130434,97.27454545454545
2014-11-01,"Electricity, gas, steam and air conditioning supply",Germany,106.5,"Index, 2021=100",108.7,22.978,21.268260869565218,-0.9869169148213338,-9.796069628596289,79.3355,87.42521739130434
2014-12-01,"Electricity, gas, steam and air conditioning supply",Germany,108.1,"Index, 2021=100",106.5,22.520869565217392,22.978,-1.2412203634377712,0.0,62.17565217391304,79.3355
2015-01-01,"Electricity, gas, steam and air conditioning supply",Germany,108.3,"Index, 2021=100",108.1,19.755,22.520869565217392,-1.689378075003543,0.0,48.08363636363636,62.17565217391304
2015-02-01,"Electricity, gas, steam and air conditioning supply",Germany,110.8,"Index, 2021=100",108.3,22.566,19.755,1.030226324080852,0.0,58.0955,48.08363636363636
2015-03-01,"Electricity, gas, steam and air conditioning supply",Germany,112.1,"Index, 2021=100",110.8,21.856818181818184,22.566,-0.2471285840319799,0.0,55.88545454545454,58.0955
2015-04-01,"Electricity, gas, steam and air conditioning supply",Germany,112.8,"Index, 2021=100",112.1,22.078181818181818,21.856818181818184,0.7630852782137214,0.0,59.35181818181818,55.88545454545454
2015-05-01,"Electricity, gas, steam and air conditioning supply",Germany,109.8,"Index, 2021=100",112.8,20.548571428571428,22.078181818181818,0.9306750388082086,0.0,64.1047619047619,59.35181818181818
2015-06-01,"Electricity, gas, steam and air conditioning supply",Germany,113.3,"Index, 2021=100",109.8,20.520454545454545,20.548571428571428,-0.3949488388902102,2.4056171564772404,61.47772727272727,64.1047619047619
2015-07-01,"Electricity, gas, steam and air conditioning supply",Germany,116.0,"Index, 2021=100",113.3,20.858260869565218,20.520454545454545,-0.8969936335129175,0.0,56.56130434782609,61.47772727272727
2015-08-01,"Electricity, gas, steam and air conditioning supply",Germany,114.0,"Index, 2021=100",116.0,19.576190476190476,20.858260869565218,-0.6689537169882939,0.0,46.58428571428571,56.56130434782609
2015-09-01,"Electricity, gas, steam and air conditioning supply",Germany,116.1,"Index, 2021=100",114.0,19.16,19.576190476190476,0.4134260838296521,0.0,47.62318181818182,46.58428571428571
2015-10-01,"Electricity, gas, steam and air conditioning supply",Germany,111.1,"Index, 2021=100",116.1,18.243636363636366,19.16,-0.17098247375992967,0.0,48.43,47.62318181818182
2015-11-01,"Electricity, gas, steam and air conditioning supply",Germany,111.8,"Index, 2021=100",111.1,17.202380952380953,18.243636363636366,-0.3748783969247207,0.0,44.26761904761905,48.43
2015-12-01,"Electricity, gas, steam and air conditioning supply",Germany,109.5,"Index, 2021=100",111.8,15.640869565217391,17.202380952380953,-0.7698627351357819,-1.9668139100704445,37.97130434782609,44.26761904761905
2016-01-01,"Electricity, gas, steam and air conditioning supply",Germany,111.3,"Index, 2021=100",109.5,13.904285714285715,15.640869565217391,-1.2929579520638326,0.0,30.98095238095238,37.97130434782609
2016-02-01,"Electricity, gas, steam and air conditioning supply",Germany,108.7,"Index, 2021=100",111.3,12.476666666666667,13.904285714285715,-0.22939651791615284,0.0,32.163333333333334,30.98095238095238
2016-03-01,"Electricity, gas, steam and air conditioning supply",Germany,108.5,"Index, 2021=100",108.7,12.267826086956523,12.476666666666667,0.9962287899781237,0.0,38.21565217391304,32.163333333333334
2016-04-01,"Electricity, gas, steam and air conditioning supply",Germany,109.5,"Index, 2021=100",108.5,11.979999999999999,12.267826086956523,-0.15187983491624749,0.0,41.583333333333336,38.21565217391304
2016-05-01,"Electricity, gas, steam and air conditioning supply",Germany,111.3,"Index, 2021=100",109.5,13.04090909090909,11.979999999999999,0.6792464128472383,0.0,46.84909090909091,41.583333333333336
2016-06-01,"Electricity, gas, steam and air conditioning supply",Germany,110.3,"Index, 2021=100",111.3,14.41590909090909,13.04090909090909,-0.1770446016289529,0.582575139176583,48.24727272727273,46.84909090909091
2016-07-01,"Electricity, gas, steam and air conditioning supply",Germany,113.6,"Index, 2021=100",110.3,14.241904761904761,14.41590909090909,-0.4528878840711025,0.0,44.951904761904764,48.24727272727273
2016-08-01,"Electricity, gas, steam and air conditioning supply",Germany,113.7,"Index, 2021=100",113.6,11.980869565217391,14.241904761904761,0.1189274105169856,0.0,45.843043478260874,44.951904761904764
2016-09-01,"Electricity, gas, steam and air conditioning supply",Germany,113.7,"Index, 2021=100",113.7,12.282272727272726,11.980869565217391,0.24870447283671346,1.4727297897900193,46.567727272727275,45.843043478260874
2016-10-01,"Electricity, gas, steam and air conditioning supply",Germany,112.0,"Index, 2021=100",113.7,16.093809523809526,12.282272727272726,0.41093056832079616,0.0,49.522380952380956,46.567727272727275
2016-11-01,"Electricity, gas, steam and air conditioning supply",Germany,113.5,"Index, 2021=100",112.0,17.90590909090909,16.093809523809526,-0.5793797051617606,7.91404059403762,44.73409090909091,49.522380952380956
2016-12-01,"Electricity, gas, steam and air conditioning supply",Germany,110.0,"Index, 2021=100",113.5,17.689545454545456,17.90590909090909,0.7086845393102761,2.0404579621780123,53.365,44.73409090909091
2017-01-01,"Electricity, gas, steam and air conditioning supply",Germany,112.5,"Index, 2021=100",110.0,20.12272727272727,17.689545454545456,0.08901653408704874,0.0,54.59409090909091,53.365
2017-02-01,"Electricity, gas, steam and air conditioning supply",Germany,109.5,"Index, 2021=100",112.5,19.553,20.12272727272727,-0.03179032404754296,0.0,54.8695,54.59409090909091
2017-03-01,"Electricity, gas, steam and air conditioning supply",Germany,106.5,"Index, 2021=100",109.5,15.799130434782608,19.553,-1.4425063041961181,0.0,51.589130434782604,54.8695
2017-04-01,"Electricity, gas, steam and air conditioning supply",Germany,111.9,"Index, 2021=100",106.5,16.058,15.799130434782608,0.21703780157455996,0.0,52.44500000000001,51.589130434782604
2017-05-01,"Electricity, gas, steam and air conditioning supply",Germany,115.9,"Index, 2021=100",111.9,15.669130434782607,16.058,-0.8328997339371286,-4.41644778310952,50.326521739130435,52.44500000000001
2017-06-01,"Electricity, gas, steam and air conditioning supply",Germany,115.7,"Index, 2021=100",115.9,15.134545454545453,15.669130434782607,-0.26420964099602673,0.0,46.36818181818182,50.326521739130435
2017-07-01,"Electricity, gas, steam and air conditioning supply",Germany,110.6,"Index, 2021=100",115.7,15.095714285714285,15.134545454545453,-0.1449934034705647,0.0,48.47857142857143,46.36818181818182
2017-08-01,"Electricity, gas, steam and air conditioning supply",Germany,114.3,"Index, 2021=100",110.6,15.99304347826087,15.095714285714285,-0.1520757414392232,0.0,51.70434782608696,48.47857142857143
2017-09-01,"Electricity, gas, steam and air conditioning supply",Germany,110.4,"Index, 2021=100",114.3,17.302857142857142,15.99304347826087,0.32443706724488564,0.0,56.152857142857144,51.70434782608696
2017-10-01,"Electricity, gas, steam and air conditioning supply",Germany,113.1,"Index, 2021=100",110.4,17.10363636363636,17.302857142857142,-0.3486109778555899,0.0,57.50772727272727,56.152857142857144
2017-11-01,"Electricity, gas, steam and air conditioning supply",Germany,112.5,"Index, 2021=100",113.1,19.57090909090909,17.10363636363636,0.12556813519738738,0.21630901693183507,62.71409090909091,57.50772727272727
2017-12-01,"Electricity, gas, steam and air conditioning supply",Germany,113.0,"Index, 2021=100",112.5,20.795238095238094,19.57090909090909,-0.1117328946322315,0.0,64.39619047619047,62.71409090909091
2018-01-01,"Electricity, gas, steam and air conditioning supply",Germany,107.3,"Index, 2021=100",113.0,18.6,20.795238095238094,0.7325011228803984,0.0,68.97521739130435,64.39619047619047
2018-02-01,"Electricity, gas, steam and air conditioning supply",Germany,112.5,"Index, 2021=100",107.3,21.679,18.6,-0.5046465050387093,0.0,65.3175,68.97521739130435
2018-03-01,"Electricity, gas, steam and air conditioning supply",Germany,113.9,"Index, 2021=100",112.5,23.622727272727275,21.679,-0.10225293145429594,0.0,66.1531818181818,65.3175
2018-04-01,"Electricity, gas, steam and air conditioning supply",Germany,109.8,"Index, 2021=100",113.9,19.645238095238096,23.622727272727275,0.47425564352743266,0.0,71.95904761904762,66.1531818181818
2018-05-01,"Electricity, gas, steam and air conditioning supply",Germany,110.0,"Index, 2021=100",109.8,21.566086956521737,19.645238095238096,0.5388658853656386,0.0,76.86217391304348,71.95904761904762
2018-06-01,"Electricity, gas, steam and air conditioning supply",Germany,112.2,"Index, 2021=100",110.0,21.92761904761905,21.566086956521737,-0.5831886971683538,-0.4130092757360921,74.4047619047619,76.86217391304348
2018-07-01,"Electricity, gas, steam and air conditioning supply",Germany,113.9,"Index, 2021=100",112.2,22.253636363636364,21.92761904761905,0.5294960350409211,0.0,74.2540909090909,74.4047619047619
2018-08-01,"Electricity, gas, steam and air conditioning supply",Germany,119.6,"Index, 2021=100",113.9,23.94347826086957,22.253636363636364,-0.20893271379353645,0.0,72.52826086956522,74.2540909090909
2018-09-01,"Electricity, gas, steam and air conditioning supply",Germany,111.8,"Index, 2021=100",119.6,27.837,23.94347826086957,0.6564596940208821,0.0,78.89099999999999,72.52826086956522
2018-10-01,"Electricity, gas, steam and air conditioning supply",Germany,109.3,"Index, 2021=100",111.8,25.539565217391303,27.837,0.12149689586130322,0.0,81.03217391304348,78.89099999999999
2018-11-01,"Electricity, gas, steam and air conditioning supply",Germany,108.0,"Index, 2021=100",109.3,24.633636363636366,25.539565217391303,-1.3685992177175907,0.0,64.74818181818182,81.03217391304348
2018-12-01,"Electricity, gas, steam and air conditioning supply",Germany,110.4,"Index, 2021=100",108.0,23.666190476190476,24.633636363636366,-0.2447966896801907,2.07348679679867,56.26285714285714,64.74818181818182
2019-01-01,"Electricity, gas, steam and air conditioning supply",Germany,112.7,"Index, 2021=100",110.4,21.39782608695652,23.666190476190476,0.35962477880472876,0.0,59.025217391304345,56.26285714285714
2019-02-01,"Electricity, gas, steam and air conditioning supply",Germany,107.5,"Index, 2021=100",112.7,18.0035,21.39782608695652,0.1517462342010795,0.0,63.9605,59.025217391304345
2019-03-01,"Electricity, gas, steam and air conditioning supply",Germany,108.9,"Index, 2021=100",107.5,15.697619047619046,18.0035,-0.17808513427363806,0.0,66.13857142857144,63.9605
2019-04-01,"Electricity, gas, steam and air conditioning supply",Germany,106.2,"Index, 2021=100",108.9,15.041818181818183,15.697619047619046,0.3628493694964929,0.0,71.20954545454545,66.13857142857144
2019-05-01,"Electricity, gas, steam and air conditioning supply",Germany,104.4,"Index, 2021=100",106.2,13.298695652173913,15.041818181818183,-0.7347359961140314,0.0,71.17260869565217,71.20954545454545
2019-06-01,"Electricity, gas, steam and air conditioning supply",Germany,100.5,"Index, 2021=100",104.4,10.5225,13.298695652173913,-0.33975076992957615,0.0,64.2205,71.17260869565217
2019-07-01,"Electricity, gas, steam and air conditioning supply",Germany,100.0,"Index, 2021=100",100.5,10.941304347826087,10.5225,0.3395291323618024,-4.251048097619388,63.9191304347826,64.2205
2019-08-01,"Electricity, gas, steam and air conditioning supply",Germany,99.7,"Index, 2021=100",100.0,10.029545454545454,10.941304347826087,-0.3748389650611249,0.0,59.041818181818186,63.9191304347826
2019-09-01,"Electricity, gas, steam and air conditioning supply",Germany,99.9,"Index, 2021=100",99.7,9.568095238095239,10.029545454545454,0.48197852185687173,0.0,62.826666666666675,59.041818181818186
2019-10-01,"Electricity, gas, steam and air conditioning supply",Germany,102.3,"Index, 2021=100",99.9,10.30913043478261,9.568095238095239,-0.3400181888327622,0.0,59.71304347826087,62.826666666666675
2019-11-01,"Electricity, gas, steam and air conditioning supply",Germany,104.1,"Index, 2021=100",102.3,14.763809523809524,10.30913043478261,0.4635132466348744,0.0,63.21190476190476,59.71304347826087
2019-12-01,"Electricity, gas, steam and air conditioning supply",Germany,102.3,"Index, 2021=100",104.1,13.031363636363636,14.763809523809524,0.4622502963974788,1.090508505035817,67.31,63.21190476190476
2020-01-01,"Electricity, gas, steam and air conditioning supply",Germany,102.0,"Index, 2021=100",102.3,11.144782608695651,13.031363636363636,1.4414572982744303,0.0,63.82478260869566,67.31
2020-02-01,"Electricity, gas, steam and air conditioning supply",Germany,101.9,"Index, 2021=100",102.0,9.3725,11.144782608695651,-0.8114535624060095,0.0,55.702,63.82478260869566
2020-03-01,"Electricity, gas, steam and air conditioning supply",Germany,96.8,"Index, 2021=100",101.9,8.622727272727273,9.3725,-1.9239758097171007,-8.007737426749562,31.993636363636366,55.702
2020-04-01,"Electricity, gas, steam and air conditioning supply",Germany,86.8,"Index, 2021=100",96.8,6.54,8.622727272727273,1.3138212739143362,3.0940649462160628,18.546818181818182,31.993636363636366
2020-05-01,"Electricity, gas, steam and air conditioning supply",Germany,87.3,"Index, 2021=100",86.8,4.575714285714286,6.54,0.7414620048035757,0.0,29.344285714285714,18.546818181818182
2020-06-01,"Electricity, gas, steam and air conditioning supply",Germany,94.0,"Index, 2021=100",87.3,4.991818181818181,4.575714285714286,-0.674179631293128,-3.149840310433884,40.26681818181818,29.344285714285714
2020-07-01,"Electricity, gas, steam and air conditioning supply",Germany,92.7,"Index, 2021=100",94.0,4.879565217391304,4.991818181818181,-0.07202838847948002,0.0,43.24217391304348,40.26681818181818
2020-08-01,"Electricity, gas, steam and air conditioning supply",Germany,101.3,"Index, 2021=100",92.7,7.533333333333333,4.879565217391304,-0.7379957308695794,0.0,44.75904761904762,43.24217391304348
2020-09-01,"Electricity, gas, steam and air conditioning supply",Germany,98.4,"Index, 2021=100",101.3,11.161818181818182,7.533333333333333,-0.5826109751692493,0.0,40.90954545454545,44.75904761904762
2020-10-01,"Electricity, gas, steam and air conditioning supply",Germany,102.2,"Index, 2021=100",98.4,13.955454545454545,11.161818181818182,-0.291036694449014,0.0,40.18954545454546,40.90954545454545
2020-11-01,"Electricity, gas, steam and air conditioning supply",Germany,99.6,"Index, 2021=100",102.2,13.794285714285715,13.955454545454545,-0.1676225177801478,0.0,42.69238095238095,40.18954545454546
2020-12-01,"Electricity, gas, steam and air conditioning supply",Germany,98.2,"Index, 2021=100",99.6,16.34565217391304,13.794285714285715,-0.06503074006202851,0.563137829641395,50.03217391304348,42.69238095238095
2021-01-01,"Electricity, gas, steam and air conditioning supply",Germany,97.0,"Index, 2021=100",98.2,20.476190476190474,16.34565217391304,-0.5778110950222807,3.899417998430563,54.60476190476191,50.03217391304348
2021-02-01,"Electricity, gas, steam and air conditioning supply",Germany,96.2,"Index, 2021=100",97.0,17.4085,20.476190476190474,0.26866362438390906,0.0,62.2765,54.60476190476191
2021-03-01,"Electricity, gas, steam and air conditioning supply",Germany,99.8,"Index, 2021=100",96.2,17.795217391304348,17.4085,0.3009824618650811,3.5419347237958796,65.41,62.2765
2021-04-01,"Electricity, gas, steam and air conditioning supply",Germany,103.7,"Index, 2021=100",99.8,20.775454545454547,17.795217391304348,0.5129892999970512,5.991632222929873,64.71954545454545,65.41
2021-05-01,"Electricity, gas, steam and air conditioning supply",Germany,102.0,"Index, 2021=100",103.7,25.285238095238096,20.775454545454547,0.8992703670969532,0.0,68.5352380952381,64.71954545454545
2021-06-01,"Electricity, gas, steam and air conditioning supply",Germany,100.7,"Index, 2021=100",102.0,29.238636363636363,25.285238095238096,0.36360474028399664,2.2925007532095663,73.1640909090909,68.5352380952381
2021-07-01,"Electricity, gas, steam and air conditioning supply",Germany,97.5,"Index, 2021=100",100.7,36.13954545454545,29.238636363636363,0.019142986170709916,-9.851298268875022,75.1659090909091,73.1640909090909
2021-08-01,"Electricity, gas, steam and air conditioning supply",Germany,100.4,"Index, 2021=100",97.5,44.30409090909091,36.13954545454545,-0.3147083142103972,0.0,70.81590909090909,75.1659090909091
2021-09-01,"Electricity, gas, steam and air conditioning supply",Germany,103.7,"Index, 2021=100",100.4,64.45363636363636,44.30409090909091,1.015760795186652,0.4390282348823775,74.48863636363636,70.81590909090909
2021-10-01,"Electricity, gas, steam and air conditioning supply",Germany,102.6,"Index, 2021=100",103.7,87.69238095238094,64.45363636363636,0.7705932795655408,2.361261487325598,83.53809523809524,74.48863636363636
2021-11-01,"Electricity, gas, steam and air conditioning supply",Germany,98.6,"Index, 2021=100",102.6,81.92136363636364,87.69238095238094,-0.5218341421272874,-1.0130750354233125,81.05,83.53809523809524
2021-12-01,"Electricity, gas, steam and air conditioning supply",Germany,98.6,"Index, 2021=100",98.6,112.80739130434783,81.92136363636364,-0.49656758152090014,1.7069751201240932,74.26347826086956,81.05
2022-01-01,"Electricity, gas, steam and air conditioning supply",Germany,98.6,"Index, 2021=100",98.6,84.06952380952382,112.80739130434783,0.8522287791057341,1.4985078326623733,86.50523809523808,74.26347826086956
2022-02-01,"Electricity, gas, steam and air conditioning supply",Germany,104.6,"Index, 2021=100",98.6,81.164,84.06952380952382,0.20967705216092372,0.6492342056890332,97.12899999999999,86.50523809523808
2022-03-01,"Electricity, gas, steam and air conditioning supply",Germany,99.1,"Index, 2021=100",104.6,129.18304347826088,81.164,1.1589724435645128,1.020230642989599,117.24521739130434,97.12899999999999
2022-04-01,"Electricity, gas, steam and air conditioning supply",Germany,103.8,"Index, 2021=100",99.1,101.06238095238095,129.18304347826088,-0.41804567878166843,0.0,105.17095238095239,117.24521739130434
2022-05-01,"Electricity, gas, steam and air conditioning supply",Germany,99.9,"Index, 2021=100",103.8,88.58863636363637,101.06238095238095,0.8079062673307621,0.4644825107300398,113.11136363636363,105.17095238095239
2022-06-01,"Electricity, gas, steam and air conditioning supply",Germany,100.2,"Index, 2021=100",99.9,106.29454545454546,88.58863636363637,0.2666071424046354,-2.121493222584776,122.68772727272727,113.11136363636363
2022-07-01,"Electricity, gas, steam and air conditioning supply",Germany,102.1,"Index, 2021=100",100.2,171.41666666666666,106.29454545454546,-1.5284523643533043,0.0,111.92571428571429,122.68772727272727
2022-08-01,"Electricity, gas, steam and air conditioning supply",Germany,99.1,"Index, 2021=100",102.1,235.68391304347824,171.41666666666666,-0.8625649365210946,-2.904996658248558,100.47608695652173,111.92571428571429
2022-09-01,"Electricity, gas, steam and air conditioning supply",Germany,97.1,"Index, 2021=100",99.1,190.24181818181816,235.68391304347824,-0.6092331240191604,0.5554531127177963,89.74954545454545,100.47608695652173
2022-10-01,"Electricity, gas, steam and air conditioning supply",Germany,88.7,"Index, 2021=100",97.1,72.15047619047618,190.24181818181816,0.8249900068007756,2.4641871317219377,93.33190476190477,89.74954545454545
2022-11-01,"Electricity, gas, steam and air conditioning supply",Germany,89.8,"Index, 2021=100",88.7,96.28181818181817,72.15047619047618,-0.31727729228827767,0.0,91.41545454545455,93.33190476190477
2022-12-01,"Electricity, gas, steam and air conditioning supply",Germany,90.4,"Index, 2021=100",89.8,113.99181818181819,96.28181818181817,-0.5175798710392452,-2.8790551863806995,81.06272727272727,91.41545454545455
2023-01-01,"Electricity, gas, steam and air conditioning supply",Germany,88.7,"Index, 2021=100",90.4,63.004090909090905,113.99181818181819,0.16272770514393026,0.0,82.51590909090909,81.06272727272727
2023-02-01,"Electricity, gas, steam and air conditioning supply",Germany,89.8,"Index, 2021=100",88.7,53.352999999999994,63.004090909090905,-0.3578309492217428,0.0,82.58500000000001,82.51590909090909
2023-03-01,"Electricity, gas, steam and air conditioning supply",Germany,90.1,"Index, 2021=100",89.8,44.18782608695652,53.352999999999994,-0.5444578687975978,0.0,78.43434782608696,82.58500000000001
2023-04-01,"Electricity, gas, steam and air conditioning supply",Germany,87.3,"Index, 2021=100",90.1,42.585,44.18782608695652,0.7779760977112515,0.0,84.8305,78.43434782608696
2023-05-01,"Electricity, gas, steam and air conditioning supply",Germany,82.2,"Index, 2021=100",87.3,31.335652173913044,42.585,-0.9911199872566404,0.0,75.77478260869565,84.8305
2023-06-01,"Electricity, gas, steam and air conditioning supply",Germany,80.3,"Index, 2021=100",82.2,32.39909090909091,31.335652173913044,0.10438583996063543,0.4626838105740375,74.83909090909091,75.77478260869565
2023-07-01,"Electricity, gas, steam and air conditioning supply",Germany,81.6,"Index, 2021=100",80.3,29.665714285714287,32.39909090909091,0.3105036346079896,0.0,80.10809523809523,74.83909090909091
2023-08-01,"Electricity, gas, steam and air conditioning supply",Germany,77.5,"Index, 2021=100",81.6,33.52304347826087,29.665714285714287,0.2634335721723802,0.0,86.11608695652174,80.10809523809523
2023-09-01,"Electricity, gas, steam and air conditioning supply",Germany,75.4,"Index, 2021=100",77.5,36.52761904761905,33.52304347826087,0.4709271233739839,0.0,93.72238095238096,86.11608695652174
2023-10-01,"Electricity, gas, steam and air conditioning supply",Germany,81.2,"Index, 2021=100",75.4,43.264545454545456,36.52761904761905,-0.16534366151930893,0.0,90.59590909090909,93.72238095238096
2023-11-01,"Electricity, gas, steam and air conditioning supply",Germany,84.0,"Index, 2021=100",81.2,43.269090909090906,43.264545454545456,-0.571544726123262,-2.4651491943871404,82.94,90.59590909090909
2023-12-01,"Electricity, gas, steam and air conditioning supply",Germany,87.2,"Index, 2021=100",84.0,35.318571428571424,43.269090909090906,0.011208893183722398,0.0,77.87857142857143,82.94
2004-01-01,MIG - capital goods,Germany,82.2,"Index, 2021=100",82.2,11.36,11.36,0.44154017195044576,0.0,31.236363636363638,29.77608695652174
2004-02-01,MIG - capital goods,Germany,82.3,"Index, 2021=100",82.2,10.7975,11.36,-0.08581088034809001,2.694076911628696,30.8585,31.236363636363638
2004-03-01,MIG - capital goods,Germany,82.8,"Index, 2021=100",82.3,10.900434782608697,10.7975,0.2813203494904621,-0.667869132781252,33.63434782608696,30.8585
2004-04-01,MIG - capital goods,Germany,83.7,"Index, 2021=100",82.8,10.974545454545455,10.900434782608697,-0.6033863591783445,0.0,33.59090909090909,33.63434782608696
2004-05-01,MIG - capital goods,Germany,86.2,"Index, 2021=100",83.7,11.221904761904762,10.974545454545455,0.5969780334499486,0.0,37.56761904761905,33.59090909090909
2004-06-01,MIG - capital goods,Germany,84.3,"Index, 2021=100",86.2,10.607727272727272,11.221904761904762,-0.0108376887124877,-0.8697021883599181,35.18363636363636,37.56761904761905
2004-07-01,MIG - capital goods,Germany,85.9,"Index, 2021=100",84.3,10.656818181818181,10.607727272727272,-0.18225670383212336,0.0,38.221363636363634,35.18363636363636
2004-08-01,MIG - capital goods,Germany,85.9,"Index, 2021=100",85.9,12.030909090909091,10.656818181818181,0.41307128781677527,0.0,42.74409090909091,38.221363636363634
2004-09-01,MIG - capital goods,Germany,85.0,"Index, 2021=100",85.9,12.784999999999998,12.030909090909091,0.020228290770040784,-1.6071356282661176,43.19681818181818,42.74409090909091
2004-10-01,MIG - capital goods,Germany,87.2,"Index, 2021=100",85.0,12.065238095238096,12.784999999999998,0.8379242805985881,0.0,49.776666666666664,43.19681818181818
2004-11-01,MIG - capital goods,Germany,83.7,"Index, 2021=100",87.2,12.959545454545456,12.065238095238096,-0.22862171681724705,0.0,43.110454545454544,49.776666666666664
2004-12-01,MIG - capital goods,Germany,83.3,"Index, 2021=100",83.7,14.537391304347826,12.959545454545456,-0.8713033012256369,-3.1596202022297115,39.60217391304348,43.110454545454544
2005-01-01,MIG - capital goods,Germany,85.9,"Index, 2021=100",83.3,14.123333333333331,14.537391304347826,0.2661415106984759,2.159954265104334,44.31238095238095,39.60217391304348
2005-02-01,MIG - capital goods,Germany,84.7,"Index, 2021=100",85.9,16.8315,14.123333333333331,0.33553585232891664,0.0,45.475,44.31238095238095
2005-03-01,MIG - capital goods,Germany,87.4,"Index, 2021=100",84.7,18.585217391304347,16.8315,0.5751930208570617,3.0421593263989704,53.071739130434786,45.475
2005-04-01,MIG - capital goods,Germany,87.6,"Index, 2021=100",87.4,14.80857142857143,18.585217391304347,-0.5666684540474421,0.0,51.88380952380952,53.071739130434786
2005-05-01,MIG - capital goods,Germany,85.7,"Index, 2021=100",87.6,14.289090909090909,14.80857142857143,-0.10846214234396483,0.0,48.64545454545455,51.88380952380952
2005-06-01,MIG - capital goods,Germany,89.2,"Index, 2021=100",85.7,14.356363636363636,14.289090909090909,0.503989891285571,0.3374585671050337,54.35454545454545,48.64545454545455
2005-07-01,MIG - capital goods,Germany,90.4,"Index, 2021=100",89.2,15.540952380952382,14.356363636363636,0.563468443674944,0.0,57.52,54.35454545454545
2005-08-01,MIG - capital goods,Germany,86.1,"Index, 2021=100",90.4,15.107826086956523,15.540952380952382,0.718752317958703,0.0,63.98347826086956,57.52
2005-09-01,MIG - capital goods,Germany,91.1,"Index, 2021=100",86.1,14.746363636363638,15.107826086956523,1.1148474280757803,-1.6643240899907965,62.908181818181816,63.98347826086956
2005-10-01,MIG - capital goods,Germany,91.6,"Index, 2021=100",91.1,15.534761904761906,14.746363636363638,-1.0533079897254418,0.0,58.53857142857142,62.908181818181816
2005-11-01,MIG - capital goods,Germany,90.7,"Index, 2021=100",91.6,19.15909090909091,15.534761904761906,-1.2341397270208476,0.0,55.24181818181818,58.53857142857142
2005-12-01,MIG - capital goods,Germany,90.7,"Index, 2021=100",90.7,22.903636363636362,19.15909090909091,-0.03924653272715153,2.9526028347999587,56.84136363636364,55.24181818181818
2006-01-01,MIG - capital goods,Germany,90.5,"Index, 2021=100",90.7,25.694999999999997,22.903636363636362,0.19348656521120655,-0.15180339953147387,62.77409090909091,56.84136363636364
2006-02-01,MIG - capital goods,Germany,91.9,"Index, 2021=100",90.5,22.324,25.694999999999997,-0.6518974343740799,0.0,60.21,62.77409090909091
2006-03-01,MIG - capital goods,Germany,90.9,"Index, 2021=100",91.9,26.028260869565216,22.324,-0.07863751143875931,-1.827456416166897,62.06478260869565,60.21
2006-04-01,MIG - capital goods,Germany,92.0,"Index, 2021=100",90.9,21.387999999999998,26.028260869565216,0.6237237514902355,0.0,70.173,62.06478260869565
2006-05-01,MIG - capital goods,Germany,93.7,"Index, 2021=100",92.0,19.692608695652176,21.387999999999998,-0.3540726086115883,0.0,69.77695652173912,70.173
2006-06-01,MIG - capital goods,Germany,93.2,"Index, 2021=100",93.7,19.58409090909091,19.692608695652176,-0.31545669169778073,-1.1833322763183536,68.5559090909091,69.77695652173912
2006-07-01,MIG - capital goods,Germany,96.0,"Index, 2021=100",93.2,19.847619047619048,19.58409090909091,0.28310573574819875,0.0,73.67428571428572,68.5559090909091
2006-08-01,MIG - capital goods,Germany,94.9,"Index, 2021=100",96.0,17.97826086956522,19.847619047619048,-0.1782674258490434,0.0,73.2304347826087,73.67428571428572
2006-09-01,MIG - capital goods,Germany,96.0,"Index, 2021=100",94.9,15.951428571428572,17.97826086956522,-1.0773599355773278,-1.1265879387430244,61.95857142857143,73.2304347826087
2006-10-01,MIG - capital goods,Germany,95.3,"Index, 2021=100",96.0,14.200454545454546,15.951428571428572,-0.713482353040865,-1.0147867419479089,57.808181818181815,61.95857142857143
2006-11-01,MIG - capital goods,Germany,98.3,"Index, 2021=100",95.3,19.87272727272727,14.200454545454546,-0.6336040683167151,0.0,58.76136363636363,57.808181818181815
2006-12-01,MIG - capital goods,Germany,97.3,"Index, 2021=100",98.3,16.45809523809524,19.87272727272727,0.06279864252157119,1.7594994847040366,62.41952380952381,58.76136363636363
2007-01-01,MIG - capital goods,Germany,99.2,"Index, 2021=100",97.3,13.603478260869565,16.45809523809524,-0.8815456486489374,0.0,53.748695652173915,62.41952380952381
2007-02-01,MIG - capital goods,Germany,99.5,"Index, 2021=100",99.2,9.310500000000001,13.603478260869565,0.5012149220613668,0.0,57.516999999999996,53.748695652173915
2007-03-01,MIG - capital goods,Germany,99.9,"Index, 2021=100",99.5,10.338636363636363,9.310500000000001,0.001407425353364094,-0.689195928658093,62.05045454545455,57.516999999999996
2007-04-01,MIG - capital goods,Germany,98.6,"Index, 2021=100",99.9,8.91904761904762,10.338636363636363,0.23160567911181562,0.0,67.64428571428572,62.05045454545455
2007-05-01,MIG - capital goods,Germany,101.3,"Index, 2021=100",98.6,11.71391304347826,8.91904761904762,-0.29762578435044224,0.0,67.36478260869566,67.64428571428572
2007-06-01,MIG - capital goods,Germany,102.0,"Index, 2021=100",101.3,10.586190476190476,11.71391304347826,0.16535936703141824,0.0,71.04571428571428,67.36478260869566
2007-07-01,MIG - capital goods,Germany,103.4,"Index, 2021=100",102.0,14.946363636363635,10.586190476190476,0.18880782596297765,0.0,76.80863636363637,71.04571428571428
2007-08-01,MIG - capital goods,Germany,102.3,"Index, 2021=100",103.4,14.281304347826088,14.946363636363635,-0.5681005018139146,0.0,70.76086956521739,76.80863636363637
2007-09-01,MIG - capital goods,Germany,103.8,"Index, 2021=100",102.3,17.057,14.281304347826088,1.0001793364551819,1.1859376565060231,76.929,70.76086956521739
2007-10-01,MIG - capital goods,Germany,105.0,"Index, 2021=100",103.8,20.13478260869565,17.057,0.10198579635873983,0.0,82.34,76.929
2007-11-01,MIG - capital goods,Germany,105.0,"Index, 2021=100",105.0,22.223636363636363,20.13478260869565,0.6128810878526092,0.0,92.53045454545455,82.34
2007-12-01,MIG - capital goods,Germany,104.9,"Index, 2021=100",105.0,23.133333333333333,22.223636363636363,-0.28925766272037334,-0.831933850195447,90.99,92.53045454545455
2008-01-01,MIG - capital goods,Germany,108.7,"Index, 2021=100",104.9,24.26347826086956,23.133333333333333,-0.13761859893639725,0.0,92.13391304347826,90.99
2008-02-01,MIG - capital goods,Germany,107.5,"Index, 2021=100",108.7,22.760952380952382,24.26347826086956,0.2608943406309443,-2.502179452682496,95.08047619047619,92.13391304347826
2008-03-01,MIG - capital goods,Germany,105.7,"Index, 2021=100",107.5,23.693333333333335,22.760952380952382,1.0041522754151373,4.248635030337986,103.45190476190476,95.08047619047619
2008-04-01,MIG - capital goods,Germany,107.5,"Index, 2021=100",105.7,25.75318181818182,23.693333333333335,0.06105421820469373,0.0,109.07136363636364,103.45190476190476
2008-05-01,MIG - capital goods,Germany,104.4,"Index, 2021=100",107.5,25.01409090909091,25.75318181818182,1.3761117623094206,0.0,123.11181818181818,109.07136363636364
2008-06-01,MIG - capital goods,Germany,106.5,"Index, 2021=100",104.4,26.552380952380954,25.01409090909091,1.1146900143738558,0.0,132.32238095238094,123.11181818181818
2008-07-01,MIG - capital goods,Germany,103.8,"Index, 2021=100",106.5,25.088260869565215,26.552380952380954,0.5718559213874487,0.0,133.20652173913044,132.32238095238094
2008-08-01,MIG - capital goods,Germany,106.1,"Index, 2021=100",103.8,24.035238095238096,25.088260869565215,-0.46951606860925593,0.0,113.24333333333334,133.20652173913044
2008-09-01,MIG - capital goods,Germany,104.3,"Index, 2021=100",106.1,30.28409090909091,24.035238095238096,0.2624296377427312,-0.7550683370320911,97.97363636363637,113.24333333333334
2008-10-01,MIG - capital goods,Germany,100.6,"Index, 2021=100",104.3,26.14260869565217,30.28409090909091,-2.8871890830034372,-5.276020721573241,71.58217391304348,97.97363636363637
2008-11-01,MIG - capital goods,Germany,97.8,"Index, 2021=100",100.6,23.5355,26.14260869565217,-1.0616536689944311,0.0,52.2995,71.58217391304348
2008-12-01,MIG - capital goods,Germany,94.7,"Index, 2021=100",97.8,21.674347826086954,23.5355,-0.2694383119813248,-2.158283290921576,39.70782608695652,52.2995
2009-01-01,MIG - capital goods,Germany,83.2,"Index, 2021=100",94.7,23.224999999999998,21.674347826086954,1.9606284214617051,0.0,43.09227272727273,39.70782608695652
2009-02-01,MIG - capital goods,Germany,78.5,"Index, 2021=100",83.2,17.725,23.224999999999998,0.07516411002784573,0.0,43.326499999999996,43.09227272727273
2009-03-01,MIG - capital goods,Germany,81.6,"Index, 2021=100",78.5,12.2,17.725,1.147539934894266,1.9198599485884802,46.540454545454544,43.326499999999996
2009-04-01,MIG - capital goods,Germany,76.5,"Index, 2021=100",81.6,11.327272727272726,12.2,-0.6897706760210826,0.0,50.279545454545456,46.540454545454544
2009-05-01,MIG - capital goods,Germany,82.3,"Index, 2021=100",76.5,11.00952380952381,11.327272727272726,0.9371855413099275,2.9437593321208158,57.36904761904762,50.279545454545456
2009-06-01,MIG - capital goods,Germany,82.8,"Index, 2021=100",82.3,10.796818181818182,11.00952380952381,1.0697891624848404,0.0,68.60954545454545,57.36904761904762
2009-07-01,MIG - capital goods,Germany,80.2,"Index, 2021=100",82.8,9.393478260869566,10.796818181818182,-0.8584497443655938,0.0,64.49217391304347,68.60954545454545
2009-08-01,MIG - capital goods,Germany,80.6,"Index, 2021=100",80.2,8.778571428571428,9.393478260869566,1.168814769853965,0.0,72.50857142857143,64.49217391304347
2009-09-01,MIG - capital goods,Germany,86.6,"Index, 2021=100",80.6,9.418181818181818,8.778571428571428,0.12040182675501683,0.7555170574307397,67.56409090909091,72.50857142857143
2009-10-01,MIG - capital goods,Germany,82.3,"Index, 2021=100",86.6,10.340909090909092,9.418181818181818,0.8389514187941388,0.0,72.76954545454545,67.56409090909091
2009-11-01,MIG - capital goods,Germany,83.1,"Index, 2021=100",82.3,9.738095238095237,10.340909090909092,-0.14885123884919385,0.0,76.65761904761905,72.76954545454545
2009-12-01,MIG - capital goods,Germany,83.5,"Index, 2021=100",83.1,11.4,9.738095238095237,-0.8450010635890879,1.281714088367376,74.48652173913044,76.65761904761905
2010-01-01,MIG - capital goods,Germany,83.7,"Index, 2021=100",83.5,14.44047619047619,11.4,-0.48138524271346517,0.0,76.28285714285714,74.48652173913044
2010-02-01,MIG - capital goods,Germany,83.3,"Index, 2021=100",83.7,13.715,14.44047619047619,-0.21414063782099357,0.0,73.639,76.28285714285714
2010-03-01,MIG - capital goods,Germany,87.4,"Index, 2021=100",83.3,11.954782608695652,13.715,-0.5233596426999279,1.5544096531485574,78.82739130434783,73.639
2010-04-01,MIG - capital goods,Germany,88.4,"Index, 2021=100",87.4,13.493181818181819,11.954782608695652,-0.18357082280701043,0.0,84.71818181818182,78.82739130434783
2010-05-01,MIG - capital goods,Germany,92.5,"Index, 2021=100",88.4,16.781904761904762,13.493181818181819,-1.323271263136311,0.0,75.8052380952381,84.71818181818182
2010-06-01,MIG - capital goods,Germany,92.2,"Index, 2021=100",92.5,19.222727272727273,16.781904761904762,0.525869862586917,0.0,74.7609090909091,75.8052380952381
2010-07-01,MIG - capital goods,Germany,90.2,"Index, 2021=100",92.2,19.469545454545454,19.222727272727273,0.04754485195679738,0.0,75.40590909090909,74.7609090909091
2010-08-01,MIG - capital goods,Germany,92.2,"Index, 2021=100",90.2,18.13090909090909,19.469545454545454,-0.07161403937119563,0.0,77.03954545454545,75.40590909090909
2010-09-01,MIG - capital goods,Germany,95.4,"Index, 2021=100",92.2,18.943181818181817,18.13090909090909,-0.1487126906627298,0.0,77.71272727272728,77.03954545454545
2010-10-01,MIG - capital goods,Germany,98.7,"Index, 2021=100",95.4,18.497619047619047,18.943181818181817,0.7103428057964077,-0.4584134038079942,82.6647619047619,77.71272727272728
2010-11-01,MIG - capital goods,Germany,97.7,"Index, 2021=100",98.7,19.477272727272727,18.497619047619047,0.09961570270309454,0.0,85.24090909090908,82.6647619047619
2010-12-01,MIG - capital goods,Germany,102.8,"Index, 2021=100",97.7,24.09478260869565,19.477272727272727,-0.1169385540431611,1.0894693635716877,91.54173913043478,85.24090909090908
2011-01-01,MIG - capital goods,Germany,99.3,"Index, 2021=100",102.8,22.343809523809526,24.09478260869565,-0.13316626923827257,0.0,96.58714285714285,91.54173913043478
2011-02-01,MIG - capital goods,Germany,100.8,"Index, 2021=100",99.3,21.761,22.343809523809526,0.1062714600527813,0.0,103.6405,96.58714285714285
2011-03-01,MIG - capital goods,Germany,102.0,"Index, 2021=100",100.8,23.722608695652173,21.761,1.0735774048683804,0.0,114.64347826086957,103.6405
2011-04-01,MIG - capital goods,Germany,102.2,"Index, 2021=100",102.0,22.854761904761904,23.722608695652173,0.9191065185128502,0.0,123.45380952380954,114.64347826086957
2011-05-01,MIG - capital goods,Germany,105.1,"Index, 2021=100",102.2,22.989545454545453,22.854761904761904,-0.754449697870264,0.0,114.98272727272727,123.45380952380954
2011-06-01,MIG - capital goods,Germany,102.4,"Index, 2021=100",105.1,22.613636363636363,22.989545454545453,-0.5053044665651589,1.5367288900477356,113.83318181818181,114.98272727272727
2011-07-01,MIG - capital goods,Germany,106.9,"Index, 2021=100",102.4,21.51142857142857,22.613636363636363,-0.18652846565540906,0.0,116.63285714285715,113.83318181818181
2011-08-01,MIG - capital goods,Germany,107.0,"Index, 2021=100",106.9,21.93565217391304,21.51142857142857,-1.0228125161863917,0.0,110.3095652173913,116.63285714285715
2011-09-01,MIG - capital goods,Germany,104.3,"Index, 2021=100",107.0,23.39363636363636,21.93565217391304,0.43959634290727284,0.0,112.9740909090909,110.3095652173913
2011-10-01,MIG - capital goods,Germany,106.6,"Index, 2021=100",104.3,22.554761904761904,23.39363636363636,-0.15278013183668757,0.0,109.55000000000001,112.9740909090909
2011-11-01,MIG - capital goods,Germany,105.7,"Index, 2021=100",106.6,23.736363636363638,22.554761904761904,0.8939539270283243,0.0,110.58909090909091,109.55000000000001
2011-12-01,MIG - capital goods,Germany,104.4,"Index, 2021=100",105.7,22.296818181818182,23.736363636363638,-0.356458994127559,-4.916568331324604,107.99863636363635,110.58909090909091
2012-01-01,MIG - capital goods,Germany,105.5,"Index, 2021=100",104.4,21.865454545454543,22.296818181818182,0.20632540358179952,0.0,110.53136363636364,107.99863636363635
2012-02-01,MIG - capital goods,Germany,105.4,"Index, 2021=100",105.5,25.41142857142857,21.865454545454543,-0.029054799009691847,0.0,119.39190476190477,110.53136363636364
2012-03-01,MIG - capital goods,Germany,107.4,"Index, 2021=100",105.4,23.80727272727273,25.41142857142857,0.784751689386223,0.0,125.44545454545455,119.39190476190477
2012-04-01,MIG - capital goods,Germany,104.2,"Index, 2021=100",107.4,24.78952380952381,23.80727272727273,0.24063874434988755,0.0,120.05666666666667,125.44545454545455
2012-05-01,MIG - capital goods,Germany,107.0,"Index, 2021=100",104.2,24.196521739130436,24.78952380952381,-0.3856336478636065,0.0,110.2891304347826,120.05666666666667
2012-06-01,MIG - capital goods,Germany,104.8,"Index, 2021=100",107.0,23.673333333333332,24.196521739130436,-0.36812562156261563,1.490841835031829,95.15571428571428,110.2891304347826
2012-07-01,MIG - capital goods,Germany,107.4,"Index, 2021=100",104.8,24.332727272727276,23.673333333333332,0.6703576310954897,0.0,102.49454545454546,95.15571428571428
2012-08-01,MIG - capital goods,Germany,107.0,"Index, 2021=100",107.4,24.05652173913043,24.332727272727276,0.889111873743037,0.0,113.35608695652174,102.49454545454546
2012-09-01,MIG - capital goods,Germany,105.3,"Index, 2021=100",107.0,25.825499999999998,24.05652173913043,0.366716761812549,0.0,112.917,113.35608695652174
2012-10-01,MIG - capital goods,Germany,102.3,"Index, 2021=100",105.3,26.702173913043477,25.825499999999998,-0.2515652750980356,0.0,111.7108695652174,112.917
2012-11-01,MIG - capital goods,Germany,102.8,"Index, 2021=100",102.3,27.24909090909091,26.702173913043477,-0.07773850880404555,0.0,109.13818181818182,111.7108695652174
2012-12-01,MIG - capital goods,Germany,104.0,"Index, 2021=100",102.8,27.22333333333333,27.24909090909091,-0.28562219812972955,0.9944110031743462,109.44380952380953,109.13818181818182
2013-01-01,MIG - capital goods,Germany,101.2,"Index, 2021=100",104.0,26.51782608695652,27.22333333333333,0.31250565033261724,0.0,112.81173913043479,109.44380952380953
2013-02-01,MIG - capital goods,Germany,103.8,"Index, 2021=100",101.2,26.3165,26.51782608695652,0.16430715373994836,0.0,116.11800000000001,112.81173913043479
2013-03-01,MIG - capital goods,Germany,105.1,"Index, 2021=100",103.8,32.31666666666666,26.3165,-0.383542027094866,0.0,108.47333333333333,116.11800000000001
2013-04-01,MIG - capital goods,Germany,106.6,"Index, 2021=100",105.1,28.575,32.31666666666666,-0.25921885392347294,0.0,102.24818181818182,108.47333333333333
2013-05-01,MIG - capital goods,Germany,103.9,"Index, 2021=100",106.6,26.73304347826087,28.575,0.16248527258302423,-1.3607161850187028,102.50130434782609,102.24818181818182
2013-06-01,MIG - capital goods,Germany,107.3,"Index, 2021=100",103.9,26.23,26.73304347826087,0.1894274611148,0.0,102.9195,102.50130434782609
2013-07-01,MIG - capital goods,Germany,103.6,"Index, 2021=100",107.3,26.070434782608697,26.23,0.6182980381651376,0.0,107.85434782608696,102.9195
2013-08-01,MIG - capital goods,Germany,109.2,"Index, 2021=100",103.6,25.55181818181818,26.070434782608697,-0.07052223294410298,0.0,111.28045454545455,107.85434782608696
2013-09-01,MIG - capital goods,Germany,107.0,"Index, 2021=100",109.2,26.478571428571428,25.55181818181818,0.06362224893820845,0.0,111.8047619047619,111.28045454545455
2013-10-01,MIG - capital goods,Germany,104.5,"Index, 2021=100",107.0,25.868695652173916,26.478571428571428,0.13725652508100525,0.0,109.07652173913044,111.8047619047619
2013-11-01,MIG - capital goods,Germany,109.1,"Index, 2021=100",104.5,27.18047619047619,25.868695652173916,-0.11144201084991862,0.0,107.96,109.07652173913044
2013-12-01,MIG - capital goods,Germany,108.7,"Index, 2021=100",109.1,27.702727272727273,27.18047619047619,0.6426503974155726,1.006536826380158,110.79363636363637,107.96
2014-01-01,MIG - capital goods,Germany,108.2,"Index, 2021=100",108.7,26.253913043478263,27.702727272727273,-0.19812368810882713,0.0,108.19739130434782,110.79363636363637
2014-02-01,MIG - capital goods,Germany,107.9,"Index, 2021=100",108.2,23.849,26.253913043478263,-0.044531303873754494,0.0,108.88700000000001,108.19739130434782
2014-03-01,MIG - capital goods,Germany,108.6,"Index, 2021=100",107.9,22.767142857142858,23.849,0.0514680128382354,0.0,107.48095238095237,108.88700000000001
2014-04-01,MIG - capital goods,Germany,107.3,"Index, 2021=100",108.6,20.423181818181817,22.767142857142858,-0.018508882722691297,0.0,107.84772727272728,107.48095238095237
2014-05-01,MIG - capital goods,Germany,108.1,"Index, 2021=100",107.3,19.08818181818182,20.423181818181817,0.10496074182617701,0.0,109.53909090909092,107.84772727272728
2014-06-01,MIG - capital goods,Germany,107.3,"Index, 2021=100",108.1,17.39190476190476,19.08818181818182,0.3545000070992207,0.42851134062250246,111.79523809523809,109.53909090909092
2014-07-01,MIG - capital goods,Germany,111.3,"Index, 2021=100",107.3,16.50565217391304,17.39190476190476,-0.4381447112306579,0.0,106.86434782608696,111.79523809523809
2014-08-01,MIG - capital goods,Germany,103.5,"Index, 2021=100",111.3,17.497142857142858,16.50565217391304,0.08722188445673984,0.0,101.60809523809523,106.86434782608696
2014-09-01,MIG - capital goods,Germany,108.9,"Index, 2021=100",103.5,20.74863636363636,17.497142857142858,-0.16107172026645272,0.0,97.27454545454545,101.60809523809523
2014-10-01,MIG - capital goods,Germany,108.1,"Index, 2021=100",108.9,21.268260869565218,20.74863636363636,-0.2764119863445895,0.0,87.42521739130434,97.27454545454545
2014-11-01,MIG - capital goods,Germany,109.1,"Index, 2021=100",108.1,22.978,21.268260869565218,-0.9869169148213338,-9.796069628596289,79.3355,87.42521739130434
2014-12-01,MIG - capital goods,Germany,110.8,"Index, 2021=100",109.1,22.520869565217392,22.978,-1.2412203634377712,0.0,62.17565217391304,79.3355
2015-01-01,MIG - capital goods,Germany,107.4,"Index, 2021=100",110.8,19.755,22.520869565217392,-1.689378075003543,0.0,48.08363636363636,62.17565217391304
2015-02-01,MIG - capital goods,Germany,109.0,"Index, 2021=100",107.4,22.566,19.755,1.030226324080852,0.0,58.0955,48.08363636363636
2015-03-01,MIG - capital goods,Germany,108.2,"Index, 2021=100",109.0,21.856818181818184,22.566,-0.2471285840319799,0.0,55.88545454545454,58.0955
2015-04-01,MIG - capital goods,Germany,109.8,"Index, 2021=100",108.2,22.078181818181818,21.856818181818184,0.7630852782137214,0.0,59.35181818181818,55.88545454545454
2015-05-01,MIG - capital goods,Germany,111.3,"Index, 2021=100",109.8,20.548571428571428,22.078181818181818,0.9306750388082086,0.0,64.1047619047619,59.35181818181818
2015-06-01,MIG - capital goods,Germany,108.5,"Index, 2021=100",111.3,20.520454545454545,20.548571428571428,-0.3949488388902102,2.4056171564772404,61.47772727272727,64.1047619047619
2015-07-01,MIG - capital goods,Germany,112.3,"Index, 2021=100",108.5,20.858260869565218,20.520454545454545,-0.8969936335129175,0.0,56.56130434782609,61.47772727272727
2015-08-01,MIG - capital goods,Germany,107.9,"Index, 2021=100",112.3,19.576190476190476,20.858260869565218,-0.6689537169882939,0.0,46.58428571428571,56.56130434782609
2015-09-01,MIG - capital goods,Germany,108.6,"Index, 2021=100",107.9,19.16,19.576190476190476,0.4134260838296521,0.0,47.62318181818182,46.58428571428571
2015-10-01,MIG - capital goods,Germany,112.0,"Index, 2021=100",108.6,18.243636363636366,19.16,-0.17098247375992967,0.0,48.43,47.62318181818182
2015-11-01,MIG - capital goods,Germany,107.7,"Index, 2021=100",112.0,17.202380952380953,18.243636363636366,-0.3748783969247207,0.0,44.26761904761905,48.43
2015-12-01,MIG - capital goods,Germany,108.5,"Index, 2021=100",107.7,15.640869565217391,17.202380952380953,-0.7698627351357819,-1.9668139100704445,37.97130434782609,44.26761904761905
2016-01-01,MIG - capital goods,Germany,111.3,"Index, 2021=100",108.5,13.904285714285715,15.640869565217391,-1.2929579520638326,0.0,30.98095238095238,37.97130434782609
2016-02-01,MIG - capital goods,Germany,110.4,"Index, 2021=100",111.3,12.476666666666667,13.904285714285715,-0.22939651791615284,0.0,32.163333333333334,30.98095238095238
2016-03-01,MIG - capital goods,Germany,110.0,"Index, 2021=100",110.4,12.267826086956523,12.476666666666667,0.9962287899781237,0.0,38.21565217391304,32.163333333333334
2016-04-01,MIG - capital goods,Germany,110.8,"Index, 2021=100",110.0,11.979999999999999,12.267826086956523,-0.15187983491624749,0.0,41.583333333333336,38.21565217391304
2016-05-01,MIG - capital goods,Germany,107.0,"Index, 2021=100",110.8,13.04090909090909,11.979999999999999,0.6792464128472383,0.0,46.84909090909091,41.583333333333336
2016-06-01,MIG - capital goods,Germany,111.3,"Index, 2021=100",107.0,14.41590909090909,13.04090909090909,-0.1770446016289529,0.582575139176583,48.24727272727273,46.84909090909091
2016-07-01,MIG - capital goods,Germany,108.6,"Index, 2021=100",111.3,14.241904761904761,14.41590909090909,-0.4528878840711025,0.0,44.951904761904764,48.24727272727273
2016-08-01,MIG - capital goods,Germany,110.9,"Index, 2021=100",108.6,11.980869565217391,14.241904761904761,0.1189274105169856,0.0,45.843043478260874,44.951904761904764
2016-09-01,MIG - capital goods,Germany,110.3,"Index, 2021=100",110.9,12.282272727272726,11.980869565217391,0.24870447283671346,1.4727297897900193,46.567727272727275,45.843043478260874
2016-10-01,MIG - capital goods,Germany,112.6,"Index, 2021=100",110.3,16.093809523809526,12.282272727272726,0.41093056832079616,0.0,49.522380952380956,46.567727272727275
2016-11-01,MIG - capital goods,Germany,111.0,"Index, 2021=100",112.6,17.90590909090909,16.093809523809526,-0.5793797051617606,7.91404059403762,44.73409090909091,49.522380952380956
2016-12-01,MIG - capital goods,Germany,107.2,"Index, 2021=100",111.0,17.689545454545456,17.90590909090909,0.7086845393102761,2.0404579621780123,53.365,44.73409090909091
2017-01-01,MIG - capital goods,Germany,110.2,"Index, 2021=100",107.2,20.12272727272727,17.689545454545456,0.08901653408704874,0.0,54.59409090909091,53.365
2017-02-01,MIG - capital goods,Germany,111.6,"Index, 2021=100",110.2,19.553,20.12272727272727,-0.03179032404754296,0.0,54.8695,54.59409090909091
2017-03-01,MIG - capital goods,Germany,110.6,"Index, 2021=100",111.6,15.799130434782608,19.553,-1.4425063041961181,0.0,51.589130434782604,54.8695
2017-04-01,MIG - capital goods,Germany,112.5,"Index, 2021=100",110.6,16.058,15.799130434782608,0.21703780157455996,0.0,52.44500000000001,51.589130434782604
2017-05-01,MIG - capital goods,Germany,113.0,"Index, 2021=100",112.5,15.669130434782607,16.058,-0.8328997339371286,-4.41644778310952,50.326521739130435,52.44500000000001
2017-06-01,MIG - capital goods,Germany,112.7,"Index, 2021=100",113.0,15.134545454545453,15.669130434782607,-0.26420964099602673,0.0,46.36818181818182,50.326521739130435
2017-07-01,MIG - capital goods,Germany,112.8,"Index, 2021=100",112.7,15.095714285714285,15.134545454545453,-0.1449934034705647,0.0,48.47857142857143,46.36818181818182
2017-08-01,MIG - capital goods,Germany,117.0,"Index, 2021=100",112.8,15.99304347826087,15.095714285714285,-0.1520757414392232,0.0,51.70434782608696,48.47857142857143
2017-09-01,MIG - capital goods,Germany,114.9,"Index, 2021=100",117.0,17.302857142857142,15.99304347826087,0.32443706724488564,0.0,56.152857142857144,51.70434782608696
2017-10-01,MIG - capital goods,Germany,112.9,"Index, 2021=100",114.9,17.10363636363636,17.302857142857142,-0.3486109778555899,0.0,57.50772727272727,56.152857142857144
2017-11-01,MIG - capital goods,Germany,117.8,"Index, 2021=100",112.9,19.57090909090909,17.10363636363636,0.12556813519738738,0.21630901693183507,62.71409090909091,57.50772727272727
2017-12-01,MIG - capital goods,Germany,116.5,"Index, 2021=100",117.8,20.795238095238094,19.57090909090909,-0.1117328946322315,0.0,64.39619047619047,62.71409090909091
2018-01-01,MIG - capital goods,Germany,116.9,"Index, 2021=100",116.5,18.6,20.795238095238094,0.7325011228803984,0.0,68.97521739130435,64.39619047619047
2018-02-01,MIG - capital goods,Germany,113.1,"Index, 2021=100",116.9,21.679,18.6,-0.5046465050387093,0.0,65.3175,68.97521739130435
2018-03-01,MIG - capital goods,Germany,116.8,"Index, 2021=100",113.1,23.622727272727275,21.679,-0.10225293145429594,0.0,66.1531818181818,65.3175
2018-04-01,MIG - capital goods,Germany,116.5,"Index, 2021=100",116.8,19.645238095238096,23.622727272727275,0.47425564352743266,0.0,71.95904761904762,66.1531818181818
2018-05-01,MIG - capital goods,Germany,115.9,"Index, 2021=100",116.5,21.566086956521737,19.645238095238096,0.5388658853656386,0.0,76.86217391304348,71.95904761904762
2018-06-01,MIG - capital goods,Germany,116.1,"Index, 2021=100",115.9,21.92761904761905,21.566086956521737,-0.5831886971683538,-0.4130092757360921,74.4047619047619,76.86217391304348
2018-07-01,MIG - capital goods,Germany,112.5,"Index, 2021=100",116.1,22.253636363636364,21.92761904761905,0.5294960350409211,0.0,74.2540909090909,74.4047619047619
2018-08-01,MIG - capital goods,Germany,114.0,"Index, 2021=100",112.5,23.94347826086957,22.253636363636364,-0.20893271379353645,0.0,72.52826086956522,74.2540909090909
2018-09-01,MIG - capital goods,Germany,113.1,"Index, 2021=100",114.0,27.837,23.94347826086957,0.6564596940208821,0.0,78.89099999999999,72.52826086956522
2018-10-01,MIG - capital goods,Germany,115.3,"Index, 2021=100",113.1,25.539565217391303,27.837,0.12149689586130322,0.0,81.03217391304348,78.89099999999999
2018-11-01,MIG - capital goods,Germany,112.1,"Index, 2021=100",115.3,24.633636363636366,25.539565217391303,-1.3685992177175907,0.0,64.74818181818182,81.03217391304348
2018-12-01,MIG - capital goods,Germany,114.7,"Index, 2021=100",112.1,23.666190476190476,24.633636363636366,-0.2447966896801907,2.07348679679867,56.26285714285714,64.74818181818182
2019-01-01,MIG - capital goods,Germany,112.6,"Index, 2021=100",114.7,21.39782608695652,23.666190476190476,0.35962477880472876,0.0,59.025217391304345,56.26285714285714
2019-02-01,MIG - capital goods,Germany,113.8,"Index, 2021=100",112.6,18.0035,21.39782608695652,0.1517462342010795,0.0,63.9605,59.025217391304345
2019-03-01,MIG - capital goods,Germany,115.0,"Index, 2021=100",113.8,15.697619047619046,18.0035,-0.17808513427363806,0.0,66.13857142857144,63.9605
2019-04-01,MIG - capital goods,Germany,113.3,"Index, 2021=100",115.0,15.041818181818183,15.697619047619046,0.3628493694964929,0.0,71.20954545454545,66.13857142857144
2019-05-01,MIG - capital goods,Germany,114.8,"Index, 2021=100",113.3,13.298695652173913,15.041818181818183,-0.7347359961140314,0.0,71.17260869565217,71.20954545454545
2019-06-01,MIG - capital goods,Germany,114.0,"Index, 2021=100",114.8,10.5225,13.298695652173913,-0.33975076992957615,0.0,64.2205,71.17260869565217
2019-07-01,MIG - capital goods,Germany,112.7,"Index, 2021=100",114.0,10.941304347826087,10.5225,0.3395291323618024,-4.251048097619388,63.9191304347826,64.2205
2019-08-01,MIG - capital goods,Germany,113.5,"Index, 2021=100",112.7,10.029545454545454,10.941304347826087,-0.3748389650611249,0.0,59.041818181818186,63.9191304347826
2019-09-01,MIG - capital goods,Germany,112.3,"Index, 2021=100",113.5,9.568095238095239,10.029545454545454,0.48197852185687173,0.0,62.826666666666675,59.041818181818186
2019-10-01,MIG - capital goods,Germany,109.5,"Index, 2021=100",112.3,10.30913043478261,9.568095238095239,-0.3400181888327622,0.0,59.71304347826087,62.826666666666675
2019-11-01,MIG - capital goods,Germany,110.5,"Index, 2021=100",109.5,14.763809523809524,10.30913043478261,0.4635132466348744,0.0,63.21190476190476,59.71304347826087
2019-12-01,MIG - capital goods,Germany,108.0,"Index, 2021=100",110.5,13.031363636363636,14.763809523809524,0.4622502963974788,1.090508505035817,67.31,63.21190476190476
2020-01-01,MIG - capital goods,Germany,110.4,"Index, 2021=100",108.0,11.144782608695651,13.031363636363636,1.4414572982744303,0.0,63.82478260869566,67.31
2020-02-01,MIG - capital goods,Germany,111.0,"Index, 2021=100",110.4,9.3725,11.144782608695651,-0.8114535624060095,0.0,55.702,63.82478260869566
2020-03-01,MIG - capital goods,Germany,93.7,"Index, 2021=100",111.0,8.622727272727273,9.3725,-1.9239758097171007,-8.007737426749562,31.993636363636366,55.702
2020-04-01,MIG - capital goods,Germany,61.5,"Index, 2021=100",93.7,6.54,8.622727272727273,1.3138212739143362,3.0940649462160628,18.546818181818182,31.993636363636366
2020-05-01,MIG - capital goods,Germany,79.8,"Index, 2021=100",61.5,4.575714285714286,6.54,0.7414620048035757,0.0,29.344285714285714,18.546818181818182
2020-06-01,MIG - capital goods,Germany,95.9,"Index, 2021=100",79.8,4.991818181818181,4.575714285714286,-0.674179631293128,-3.149840310433884,40.26681818181818,29.344285714285714
2020-07-01,MIG - capital goods,Germany,98.3,"Index, 2021=100",95.9,4.879565217391304,4.991818181818181,-0.07202838847948002,0.0,43.24217391304348,40.26681818181818
2020-08-01,MIG - capital goods,Germany,94.9,"Index, 2021=100",98.3,7.533333333333333,4.879565217391304,-0.7379957308695794,0.0,44.75904761904762,43.24217391304348
2020-09-01,MIG - capital goods,Germany,98.7,"Index, 2021=100",94.9,11.161818181818182,7.533333333333333,-0.5826109751692493,0.0,40.90954545454545,44.75904761904762
2020-10-01,MIG - capital goods,Germany,104.9,"Index, 2021=100",98.7,13.955454545454545,11.161818181818182,-0.291036694449014,0.0,40.18954545454546,40.90954545454545
2020-11-01,MIG - capital goods,Germany,106.2,"Index, 2021=100",104.9,13.794285714285715,13.955454545454545,-0.1676225177801478,0.0,42.69238095238095,40.18954545454546
2020-12-01,MIG - capital goods,Germany,104.4,"Index, 2021=100",106.2,16.34565217391304,13.794285714285715,-0.06503074006202851,0.563137829641395,50.03217391304348,42.69238095238095
2021-01-01,MIG - capital goods,Germany,105.1,"Index, 2021=100",104.4,20.476190476190474,16.34565217391304,-0.5778110950222807,3.899417998430563,54.60476190476191,50.03217391304348
2021-02-01,MIG - capital goods,Germany,103.3,"Index, 2021=100",105.1,17.4085,20.476190476190474,0.26866362438390906,0.0,62.2765,54.60476190476191
2021-03-01,MIG - capital goods,Germany,102.9,"Index, 2021=100",103.3,17.795217391304348,17.4085,0.3009824618650811,3.5419347237958796,65.41,62.2765
2021-04-01,MIG - capital goods,Germany,103.2,"Index, 2021=100",102.9,20.775454545454547,17.795217391304348,0.5129892999970512,5.991632222929873,64.71954545454545,65.41
2021-05-01,MIG - capital goods,Germany,99.5,"Index, 2021=100",103.2,25.285238095238096,20.775454545454547,0.8992703670969532,0.0,68.5352380952381,64.71954545454545
2021-06-01,MIG - capital goods,Germany,95.3,"Index, 2021=100",99.5,29.238636363636363,25.285238095238096,0.36360474028399664,2.2925007532095663,73.1640909090909,68.5352380952381
2021-07-01,MIG - capital goods,Germany,100.6,"Index, 2021=100",95.3,36.13954545454545,29.238636363636363,0.019142986170709916,-9.851298268875022,75.1659090909091,73.1640909090909
2021-08-01,MIG - capital goods,Germany,89.8,"Index, 2021=100",100.6,44.30409090909091,36.13954545454545,-0.3147083142103972,0.0,70.81590909090909,75.1659090909091
2021-09-01,MIG - capital goods,Germany,90.1,"Index, 2021=100",89.8,64.45363636363636,44.30409090909091,1.015760795186652,0.4390282348823775,74.48863636363636,70.81590909090909
2021-10-01,MIG - capital goods,Germany,98.5,"Index, 2021=100",90.1,87.69238095238094,64.45363636363636,0.7705932795655408,2.361261487325598,83.53809523809524,74.48863636363636
2021-11-01,MIG - capital goods,Germany,99.7,"Index, 2021=100",98.5,81.92136363636364,87.69238095238094,-0.5218341421272874,-1.0130750354233125,81.05,83.53809523809524
2021-12-01,MIG - capital goods,Germany,102.2,"Index, 2021=100",99.7,112.80739130434783,81.92136363636364,-0.49656758152090014,1.7069751201240932,74.26347826086956,81.05
2022-01-01,MIG - capital goods,Germany,101.9,"Index, 2021=100",102.2,84.06952380952382,112.80739130434783,0.8522287791057341,1.4985078326623733,86.50523809523808,74.26347826086956
2022-02-01,MIG - capital goods,Germany,100.9,"Index, 2021=100",101.9,81.164,84.06952380952382,0.20967705216092372,0.6492342056890332,97.12899999999999,86.50523809523808
2022-03-01,MIG - capital goods,Germany,91.2,"Index, 2021=100",100.9,129.18304347826088,81.164,1.1589724435645128,1.020230642989599,117.24521739130434,97.12899999999999
2022-04-01,MIG - capital goods,Germany,95.3,"Index, 2021=100",91.2,101.06238095238095,129.18304347826088,-0.41804567878166843,0.0,105.17095238095239,117.24521739130434
2022-05-01,MIG - capital goods,Germany,99.7,"Index, 2021=100",95.3,88.58863636363637,101.06238095238095,0.8079062673307621,0.4644825107300398,113.11136363636363,105.17095238095239
2022-06-01,MIG - capital goods,Germany,100.7,"Index, 2021=100",99.7,106.29454545454546,88.58863636363637,0.2666071424046354,-2.121493222584776,122.68772727272727,113.11136363636363
2022-07-01,MIG - capital goods,Germany,101.3,"Index, 2021=100",100.7,171.41666666666666,106.29454545454546,-1.5284523643533043,0.0,111.92571428571429,122.68772727272727
2022-08-01,MIG - capital goods,Germany,100.1,"Index, 2021=100",101.3,235.68391304347824,171.41666666666666,-0.8625649365210946,-2.904996658248558,100.47608695652173,111.92571428571429
2022-09-01,MIG - capital goods,Germany,104.0,"Index, 2021=100",100.1,190.24181818181816,235.68391304347824,-0.6092331240191604,0.5554531127177963,89.74954545454545,100.47608695652173
2022-10-01,MIG - capital goods,Germany,105.1,"Index, 2021=100",104.0,72.15047619047618,190.24181818181816,0.8249900068007756,2.4641871317219377,93.33190476190477,89.74954545454545
2022-11-01,MIG - capital goods,Germany,106.6,"Index, 2021=100",105.1,96.28181818181817,72.15047619047618,-0.31727729228827767,0.0,91.41545454545455,93.33190476190477
2022-12-01,MIG - capital goods,Germany,106.4,"Index, 2021=100",106.6,113.99181818181819,96.28181818181817,-0.5175798710392452,-2.8790551863806995,81.06272727272727,91.41545454545455
2023-01-01,MIG - capital goods,Germany,107.0,"Index, 2021=100",106.4,63.004090909090905,113.99181818181819,0.16272770514393026,0.0,82.51590909090909,81.06272727272727
2023-02-01,MIG - capital goods,Germany,111.6,"Index, 2021=100",107.0,53.352999999999994,63.004090909090905,-0.3578309492217428,0.0,82.58500000000001,82.51590909090909
2023-03-01,MIG - capital goods,Germany,107.9,"Index, 2021=100",111.6,44.18782608695652,53.352999999999994,-0.5444578687975978,0.0,78.43434782608696,82.58500000000001
2023-04-01,MIG - capital goods,Germany,106.7,"Index, 2021=100",107.9,42.585,44.18782608695652,0.7779760977112515,0.0,84.8305,78.43434782608696
2023-05-01,MIG - capital goods,Germany,112.1,"Index, 2021=100",106.7,31.335652173913044,42.585,-0.9911199872566404,0.0,75.77478260869565,84.8305
2023-06-01,MIG - capital goods,Germany,106.2,"Index, 2021=100",112.1,32.39909090909091,31.335652173913044,0.10438583996063543,0.4626838105740375,74.83909090909091,75.77478260869565
2023-07-01,MIG - capital goods,Germany,104.9,"Index, 2021=100",106.2,29.665714285714287,32.39909090909091,0.3105036346079896,0.0,80.10809523809523,74.83909090909091
2023-08-01,MIG - capital goods,Germany,104.4,"Index, 2021=100",104.9,33.52304347826087,29.665714285714287,0.2634335721723802,0.0,86.11608695652174,80.10809523809523
2023-09-01,MIG - capital goods,Germany,104.9,"Index, 2021=100",104.4,36.52761904761905,33.52304347826087,0.4709271233739839,0.0,93.72238095238096,86.11608695652174
2023-10-01,MIG - capital goods,Germany,104.5,"Index, 2021=100",104.9,43.264545454545456,36.52761904761905,-0.16534366151930893,0.0,90.59590909090909,93.72238095238096
2023-11-01,MIG - capital goods,Germany,103.8,"Index, 2021=100",104.5,43.269090909090906,43.264545454545456,-0.571544726123262,-2.4651491943871404,82.94,90.59590909090909
2023-12-01,MIG - capital goods,Germany,103.1,"Index, 2021=100",103.8,35.318571428571424,43.269090909090906,0.011208893183722398,0.0,77.87857142857143,82.94
2004-01-01,MIG - consumer goods,Germany,92.5,"Index, 2021=100",92.5,11.36,11.36,0.44154017195044576,0.0,31.236363636363638,29.77608695652174
2004-02-01,MIG - consumer goods,Germany,92.2,"Index, 2021=100",92.5,10.7975,11.36,-0.08581088034809001,2.694076911628696,30.8585,31.236363636363638
2004-03-01,MIG - consumer goods,Germany,91.2,"Index, 2021=100",92.2,10.900434782608697,10.7975,0.2813203494904621,-0.667869132781252,33.63434782608696,30.8585
2004-04-01,MIG - consumer goods,Germany,92.8,"Index, 2021=100",91.2,10.974545454545455,10.900434782608697,-0.6033863591783445,0.0,33.59090909090909,33.63434782608696
2004-05-01,MIG - consumer goods,Germany,92.2,"Index, 2021=100",92.8,11.221904761904762,10.974545454545455,0.5969780334499486,0.0,37.56761904761905,33.59090909090909
2004-06-01,MIG - consumer goods,Germany,92.4,"Index, 2021=100",92.2,10.607727272727272,11.221904761904762,-0.0108376887124877,-0.8697021883599181,35.18363636363636,37.56761904761905
2004-07-01,MIG - consumer goods,Germany,94.2,"Index, 2021=100",92.4,10.656818181818181,10.607727272727272,-0.18225670383212336,0.0,38.221363636363634,35.18363636363636
2004-08-01,MIG - consumer goods,Germany,91.4,"Index, 2021=100",94.2,12.030909090909091,10.656818181818181,0.41307128781677527,0.0,42.74409090909091,38.221363636363634
2004-09-01,MIG - consumer goods,Germany,91.6,"Index, 2021=100",91.4,12.784999999999998,12.030909090909091,0.020228290770040784,-1.6071356282661176,43.19681818181818,42.74409090909091
2004-10-01,MIG - consumer goods,Germany,91.9,"Index, 2021=100",91.6,12.065238095238096,12.784999999999998,0.8379242805985881,0.0,49.776666666666664,43.19681818181818
2004-11-01,MIG - consumer goods,Germany,92.0,"Index, 2021=100",91.9,12.959545454545456,12.065238095238096,-0.22862171681724705,0.0,43.110454545454544,49.776666666666664
2004-12-01,MIG - consumer goods,Germany,92.4,"Index, 2021=100",92.0,14.537391304347826,12.959545454545456,-0.8713033012256369,-3.1596202022297115,39.60217391304348,43.110454545454544
2005-01-01,MIG - consumer goods,Germany,93.2,"Index, 2021=100",92.4,14.123333333333331,14.537391304347826,0.2661415106984759,2.159954265104334,44.31238095238095,39.60217391304348
2005-02-01,MIG - consumer goods,Germany,94.0,"Index, 2021=100",93.2,16.8315,14.123333333333331,0.33553585232891664,0.0,45.475,44.31238095238095
2005-03-01,MIG - consumer goods,Germany,94.4,"Index, 2021=100",94.0,18.585217391304347,16.8315,0.5751930208570617,3.0421593263989704,53.071739130434786,45.475
2005-04-01,MIG - consumer goods,Germany,93.9,"Index, 2021=100",94.4,14.80857142857143,18.585217391304347,-0.5666684540474421,0.0,51.88380952380952,53.071739130434786
2005-05-01,MIG - consumer goods,Germany,94.1,"Index, 2021=100",93.9,14.289090909090909,14.80857142857143,-0.10846214234396483,0.0,48.64545454545455,51.88380952380952
2005-06-01,MIG - consumer goods,Germany,95.0,"Index, 2021=100",94.1,14.356363636363636,14.289090909090909,0.503989891285571,0.3374585671050337,54.35454545454545,48.64545454545455
2005-07-01,MIG - consumer goods,Germany,96.7,"Index, 2021=100",95.0,15.540952380952382,14.356363636363636,0.563468443674944,0.0,57.52,54.35454545454545
2005-08-01,MIG - consumer goods,Germany,95.2,"Index, 2021=100",96.7,15.107826086956523,15.540952380952382,0.718752317958703,0.0,63.98347826086956,57.52
2005-09-01,MIG - consumer goods,Germany,95.6,"Index, 2021=100",95.2,14.746363636363638,15.107826086956523,1.1148474280757803,-1.6643240899907965,62.908181818181816,63.98347826086956
2005-10-01,MIG - consumer goods,Germany,98.2,"Index, 2021=100",95.6,15.534761904761906,14.746363636363638,-1.0533079897254418,0.0,58.53857142857142,62.908181818181816
2005-11-01,MIG - consumer goods,Germany,96.5,"Index, 2021=100",98.2,19.15909090909091,15.534761904761906,-1.2341397270208476,0.0,55.24181818181818,58.53857142857142
2005-12-01,MIG - consumer goods,Germany,95.0,"Index, 2021=100",96.5,22.903636363636362,19.15909090909091,-0.03924653272715153,2.9526028347999587,56.84136363636364,55.24181818181818
2006-01-01,MIG - consumer goods,Germany,96.4,"Index, 2021=100",95.0,25.694999999999997,22.903636363636362,0.19348656521120655,-0.15180339953147387,62.77409090909091,56.84136363636364
2006-02-01,MIG - consumer goods,Germany,96.0,"Index, 2021=100",96.4,22.324,25.694999999999997,-0.6518974343740799,0.0,60.21,62.77409090909091
2006-03-01,MIG - consumer goods,Germany,95.3,"Index, 2021=100",96.0,26.028260869565216,22.324,-0.07863751143875931,-1.827456416166897,62.06478260869565,60.21
2006-04-01,MIG - consumer goods,Germany,98.0,"Index, 2021=100",95.3,21.387999999999998,26.028260869565216,0.6237237514902355,0.0,70.173,62.06478260869565
2006-05-01,MIG - consumer goods,Germany,98.3,"Index, 2021=100",98.0,19.692608695652176,21.387999999999998,-0.3540726086115883,0.0,69.77695652173912,70.173
2006-06-01,MIG - consumer goods,Germany,97.7,"Index, 2021=100",98.3,19.58409090909091,19.692608695652176,-0.31545669169778073,-1.1833322763183536,68.5559090909091,69.77695652173912
2006-07-01,MIG - consumer goods,Germany,98.7,"Index, 2021=100",97.7,19.847619047619048,19.58409090909091,0.28310573574819875,0.0,73.67428571428572,68.5559090909091
2006-08-01,MIG - consumer goods,Germany,99.1,"Index, 2021=100",98.7,17.97826086956522,19.847619047619048,-0.1782674258490434,0.0,73.2304347826087,73.67428571428572
2006-09-01,MIG - consumer goods,Germany,98.0,"Index, 2021=100",99.1,15.951428571428572,17.97826086956522,-1.0773599355773278,-1.1265879387430244,61.95857142857143,73.2304347826087
2006-10-01,MIG - consumer goods,Germany,98.6,"Index, 2021=100",98.0,14.200454545454546,15.951428571428572,-0.713482353040865,-1.0147867419479089,57.808181818181815,61.95857142857143
2006-11-01,MIG - consumer goods,Germany,99.9,"Index, 2021=100",98.6,19.87272727272727,14.200454545454546,-0.6336040683167151,0.0,58.76136363636363,57.808181818181815
2006-12-01,MIG - consumer goods,Germany,100.7,"Index, 2021=100",99.9,16.45809523809524,19.87272727272727,0.06279864252157119,1.7594994847040366,62.41952380952381,58.76136363636363
2007-01-01,MIG - consumer goods,Germany,99.6,"Index, 2021=100",100.7,13.603478260869565,16.45809523809524,-0.8815456486489374,0.0,53.748695652173915,62.41952380952381
2007-02-01,MIG - consumer goods,Germany,100.7,"Index, 2021=100",99.6,9.310500000000001,13.603478260869565,0.5012149220613668,0.0,57.516999999999996,53.748695652173915
2007-03-01,MIG - consumer goods,Germany,101.6,"Index, 2021=100",100.7,10.338636363636363,9.310500000000001,0.001407425353364094,-0.689195928658093,62.05045454545455,57.516999999999996
2007-04-01,MIG - consumer goods,Germany,101.8,"Index, 2021=100",101.6,8.91904761904762,10.338636363636363,0.23160567911181562,0.0,67.64428571428572,62.05045454545455
2007-05-01,MIG - consumer goods,Germany,103.0,"Index, 2021=100",101.8,11.71391304347826,8.91904761904762,-0.29762578435044224,0.0,67.36478260869566,67.64428571428572
2007-06-01,MIG - consumer goods,Germany,99.5,"Index, 2021=100",103.0,10.586190476190476,11.71391304347826,0.16535936703141824,0.0,71.04571428571428,67.36478260869566
2007-07-01,MIG - consumer goods,Germany,100.8,"Index, 2021=100",99.5,14.946363636363635,10.586190476190476,0.18880782596297765,0.0,76.80863636363637,71.04571428571428
2007-08-01,MIG - consumer goods,Germany,103.4,"Index, 2021=100",100.8,14.281304347826088,14.946363636363635,-0.5681005018139146,0.0,70.76086956521739,76.80863636363637
2007-09-01,MIG - consumer goods,Germany,103.5,"Index, 2021=100",103.4,17.057,14.281304347826088,1.0001793364551819,1.1859376565060231,76.929,70.76086956521739
2007-10-01,MIG - consumer goods,Germany,101.8,"Index, 2021=100",103.5,20.13478260869565,17.057,0.10198579635873983,0.0,82.34,76.929
2007-11-01,MIG - consumer goods,Germany,100.8,"Index, 2021=100",101.8,22.223636363636363,20.13478260869565,0.6128810878526092,0.0,92.53045454545455,82.34
2007-12-01,MIG - consumer goods,Germany,101.9,"Index, 2021=100",100.8,23.133333333333333,22.223636363636363,-0.28925766272037334,-0.831933850195447,90.99,92.53045454545455
2008-01-01,MIG - consumer goods,Germany,102.8,"Index, 2021=100",101.9,24.26347826086956,23.133333333333333,-0.13761859893639725,0.0,92.13391304347826,90.99
2008-02-01,MIG - consumer goods,Germany,101.6,"Index, 2021=100",102.8,22.760952380952382,24.26347826086956,0.2608943406309443,-2.502179452682496,95.08047619047619,92.13391304347826
2008-03-01,MIG - consumer goods,Germany,101.6,"Index, 2021=100",101.6,23.693333333333335,22.760952380952382,1.0041522754151373,4.248635030337986,103.45190476190476,95.08047619047619
2008-04-01,MIG - consumer goods,Germany,99.6,"Index, 2021=100",101.6,25.75318181818182,23.693333333333335,0.06105421820469373,0.0,109.07136363636364,103.45190476190476
2008-05-01,MIG - consumer goods,Germany,98.4,"Index, 2021=100",99.6,25.01409090909091,25.75318181818182,1.3761117623094206,0.0,123.11181818181818,109.07136363636364
2008-06-01,MIG - consumer goods,Germany,99.7,"Index, 2021=100",98.4,26.552380952380954,25.01409090909091,1.1146900143738558,0.0,132.32238095238094,123.11181818181818
2008-07-01,MIG - consumer goods,Germany,98.7,"Index, 2021=100",99.7,25.088260869565215,26.552380952380954,0.5718559213874487,0.0,133.20652173913044,132.32238095238094
2008-08-01,MIG - consumer goods,Germany,100.6,"Index, 2021=100",98.7,24.035238095238096,25.088260869565215,-0.46951606860925593,0.0,113.24333333333334,133.20652173913044
2008-09-01,MIG - consumer goods,Germany,99.1,"Index, 2021=100",100.6,30.28409090909091,24.035238095238096,0.2624296377427312,-0.7550683370320911,97.97363636363637,113.24333333333334
2008-10-01,MIG - consumer goods,Germany,99.2,"Index, 2021=100",99.1,26.14260869565217,30.28409090909091,-2.8871890830034372,-5.276020721573241,71.58217391304348,97.97363636363637
2008-11-01,MIG - consumer goods,Germany,96.6,"Index, 2021=100",99.2,23.5355,26.14260869565217,-1.0616536689944311,0.0,52.2995,71.58217391304348
2008-12-01,MIG - consumer goods,Germany,97.9,"Index, 2021=100",96.6,21.674347826086954,23.5355,-0.2694383119813248,-2.158283290921576,39.70782608695652,52.2995
2009-01-01,MIG - consumer goods,Germany,96.6,"Index, 2021=100",97.9,23.224999999999998,21.674347826086954,1.9606284214617051,0.0,43.09227272727273,39.70782608695652
2009-02-01,MIG - consumer goods,Germany,94.2,"Index, 2021=100",96.6,17.725,23.224999999999998,0.07516411002784573,0.0,43.326499999999996,43.09227272727273
2009-03-01,MIG - consumer goods,Germany,92.6,"Index, 2021=100",94.2,12.2,17.725,1.147539934894266,1.9198599485884802,46.540454545454544,43.326499999999996
2009-04-01,MIG - consumer goods,Germany,93.7,"Index, 2021=100",92.6,11.327272727272726,12.2,-0.6897706760210826,0.0,50.279545454545456,46.540454545454544
2009-05-01,MIG - consumer goods,Germany,93.9,"Index, 2021=100",93.7,11.00952380952381,11.327272727272726,0.9371855413099275,2.9437593321208158,57.36904761904762,50.279545454545456
2009-06-01,MIG - consumer goods,Germany,92.8,"Index, 2021=100",93.9,10.796818181818182,11.00952380952381,1.0697891624848404,0.0,68.60954545454545,57.36904761904762
2009-07-01,MIG - consumer goods,Germany,92.5,"Index, 2021=100",92.8,9.393478260869566,10.796818181818182,-0.8584497443655938,0.0,64.49217391304347,68.60954545454545
2009-08-01,MIG - consumer goods,Germany,93.0,"Index, 2021=100",92.5,8.778571428571428,9.393478260869566,1.168814769853965,0.0,72.50857142857143,64.49217391304347
2009-09-01,MIG - consumer goods,Germany,95.3,"Index, 2021=100",93.0,9.418181818181818,8.778571428571428,0.12040182675501683,0.7555170574307397,67.56409090909091,72.50857142857143
2009-10-01,MIG - consumer goods,Germany,93.3,"Index, 2021=100",95.3,10.340909090909092,9.418181818181818,0.8389514187941388,0.0,72.76954545454545,67.56409090909091
2009-11-01,MIG - consumer goods,Germany,94.7,"Index, 2021=100",93.3,9.738095238095237,10.340909090909092,-0.14885123884919385,0.0,76.65761904761905,72.76954545454545
2009-12-01,MIG - consumer goods,Germany,96.2,"Index, 2021=100",94.7,11.4,9.738095238095237,-0.8450010635890879,1.281714088367376,74.48652173913044,76.65761904761905
2010-01-01,MIG - consumer goods,Germany,97.2,"Index, 2021=100",96.2,14.44047619047619,11.4,-0.48138524271346517,0.0,76.28285714285714,74.48652173913044
2010-02-01,MIG - consumer goods,Germany,94.7,"Index, 2021=100",97.2,13.715,14.44047619047619,-0.21414063782099357,0.0,73.639,76.28285714285714
2010-03-01,MIG - consumer goods,Germany,95.7,"Index, 2021=100",94.7,11.954782608695652,13.715,-0.5233596426999279,1.5544096531485574,78.82739130434783,73.639
2010-04-01,MIG - consumer goods,Germany,95.2,"Index, 2021=100",95.7,13.493181818181819,11.954782608695652,-0.18357082280701043,0.0,84.71818181818182,78.82739130434783
2010-05-01,MIG - consumer goods,Germany,96.4,"Index, 2021=100",95.2,16.781904761904762,13.493181818181819,-1.323271263136311,0.0,75.8052380952381,84.71818181818182
2010-06-01,MIG - consumer goods,Germany,96.3,"Index, 2021=100",96.4,19.222727272727273,16.781904761904762,0.525869862586917,0.0,74.7609090909091,75.8052380952381
2010-07-01,MIG - consumer goods,Germany,97.1,"Index, 2021=100",96.3,19.469545454545454,19.222727272727273,0.04754485195679738,0.0,75.40590909090909,74.7609090909091
2010-08-01,MIG - consumer goods,Germany,97.7,"Index, 2021=100",97.1,18.13090909090909,19.469545454545454,-0.07161403937119563,0.0,77.03954545454545,75.40590909090909
2010-09-01,MIG - consumer goods,Germany,98.3,"Index, 2021=100",97.7,18.943181818181817,18.13090909090909,-0.1487126906627298,0.0,77.71272727272728,77.03954545454545
2010-10-01,MIG - consumer goods,Germany,98.3,"Index, 2021=100",98.3,18.497619047619047,18.943181818181817,0.7103428057964077,-0.4584134038079942,82.6647619047619,77.71272727272728
2010-11-01,MIG - consumer goods,Germany,98.5,"Index, 2021=100",98.3,19.477272727272727,18.497619047619047,0.09961570270309454,0.0,85.24090909090908,82.6647619047619
2010-12-01,MIG - consumer goods,Germany,96.5,"Index, 2021=100",98.5,24.09478260869565,19.477272727272727,-0.1169385540431611,1.0894693635716877,91.54173913043478,85.24090909090908
2011-01-01,MIG - consumer goods,Germany,98.4,"Index, 2021=100",96.5,22.343809523809526,24.09478260869565,-0.13316626923827257,0.0,96.58714285714285,91.54173913043478
2011-02-01,MIG - consumer goods,Germany,99.9,"Index, 2021=100",98.4,21.761,22.343809523809526,0.1062714600527813,0.0,103.6405,96.58714285714285
2011-03-01,MIG - consumer goods,Germany,99.8,"Index, 2021=100",99.9,23.722608695652173,21.761,1.0735774048683804,0.0,114.64347826086957,103.6405
2011-04-01,MIG - consumer goods,Germany,100.4,"Index, 2021=100",99.8,22.854761904761904,23.722608695652173,0.9191065185128502,0.0,123.45380952380954,114.64347826086957
2011-05-01,MIG - consumer goods,Germany,100.1,"Index, 2021=100",100.4,22.989545454545453,22.854761904761904,-0.754449697870264,0.0,114.98272727272727,123.45380952380954
2011-06-01,MIG - consumer goods,Germany,98.8,"Index, 2021=100",100.1,22.613636363636363,22.989545454545453,-0.5053044665651589,1.5367288900477356,113.83318181818181,114.98272727272727
2011-07-01,MIG - consumer goods,Germany,101.4,"Index, 2021=100",98.8,21.51142857142857,22.613636363636363,-0.18652846565540906,0.0,116.63285714285715,113.83318181818181
2011-08-01,MIG - consumer goods,Germany,97.2,"Index, 2021=100",101.4,21.93565217391304,21.51142857142857,-1.0228125161863917,0.0,110.3095652173913,116.63285714285715
2011-09-01,MIG - consumer goods,Germany,98.3,"Index, 2021=100",97.2,23.39363636363636,21.93565217391304,0.43959634290727284,0.0,112.9740909090909,110.3095652173913
2011-10-01,MIG - consumer goods,Germany,98.7,"Index, 2021=100",98.3,22.554761904761904,23.39363636363636,-0.15278013183668757,0.0,109.55000000000001,112.9740909090909
2011-11-01,MIG - consumer goods,Germany,98.2,"Index, 2021=100",98.7,23.736363636363638,22.554761904761904,0.8939539270283243,0.0,110.58909090909091,109.55000000000001
2011-12-01,MIG - consumer goods,Germany,97.6,"Index, 2021=100",98.2,22.296818181818182,23.736363636363638,-0.356458994127559,-4.916568331324604,107.99863636363635,110.58909090909091
2012-01-01,MIG - consumer goods,Germany,96.2,"Index, 2021=100",97.6,21.865454545454543,22.296818181818182,0.20632540358179952,0.0,110.53136363636364,107.99863636363635
2012-02-01,MIG - consumer goods,Germany,96.2,"Index, 2021=100",96.2,25.41142857142857,21.865454545454543,-0.029054799009691847,0.0,119.39190476190477,110.53136363636364
2012-03-01,MIG - consumer goods,Germany,98.4,"Index, 2021=100",96.2,23.80727272727273,25.41142857142857,0.784751689386223,0.0,125.44545454545455,119.39190476190477
2012-04-01,MIG - consumer goods,Germany,94.5,"Index, 2021=100",98.4,24.78952380952381,23.80727272727273,0.24063874434988755,0.0,120.05666666666667,125.44545454545455
2012-05-01,MIG - consumer goods,Germany,97.8,"Index, 2021=100",94.5,24.196521739130436,24.78952380952381,-0.3856336478636065,0.0,110.2891304347826,120.05666666666667
2012-06-01,MIG - consumer goods,Germany,97.1,"Index, 2021=100",97.8,23.673333333333332,24.196521739130436,-0.36812562156261563,1.490841835031829,95.15571428571428,110.2891304347826
2012-07-01,MIG - consumer goods,Germany,97.1,"Index, 2021=100",97.1,24.332727272727276,23.673333333333332,0.6703576310954897,0.0,102.49454545454546,95.15571428571428
2012-08-01,MIG - consumer goods,Germany,98.0,"Index, 2021=100",97.1,24.05652173913043,24.332727272727276,0.889111873743037,0.0,113.35608695652174,102.49454545454546
2012-09-01,MIG - consumer goods,Germany,98.2,"Index, 2021=100",98.0,25.825499999999998,24.05652173913043,0.366716761812549,0.0,112.917,113.35608695652174
2012-10-01,MIG - consumer goods,Germany,98.2,"Index, 2021=100",98.2,26.702173913043477,25.825499999999998,-0.2515652750980356,0.0,111.7108695652174,112.917
2012-11-01,MIG - consumer goods,Germany,95.8,"Index, 2021=100",98.2,27.24909090909091,26.702173913043477,-0.07773850880404555,0.0,109.13818181818182,111.7108695652174
2012-12-01,MIG - consumer goods,Germany,98.3,"Index, 2021=100",95.8,27.22333333333333,27.24909090909091,-0.28562219812972955,0.9944110031743462,109.44380952380953,109.13818181818182
2013-01-01,MIG - consumer goods,Germany,97.5,"Index, 2021=100",98.3,26.51782608695652,27.22333333333333,0.31250565033261724,0.0,112.81173913043479,109.44380952380953
2013-02-01,MIG - consumer goods,Germany,96.4,"Index, 2021=100",97.5,26.3165,26.51782608695652,0.16430715373994836,0.0,116.11800000000001,112.81173913043479
2013-03-01,MIG - consumer goods,Germany,97.1,"Index, 2021=100",96.4,32.31666666666666,26.3165,-0.383542027094866,0.0,108.47333333333333,116.11800000000001
2013-04-01,MIG - consumer goods,Germany,96.9,"Index, 2021=100",97.1,28.575,32.31666666666666,-0.25921885392347294,0.0,102.24818181818182,108.47333333333333
2013-05-01,MIG - consumer goods,Germany,97.3,"Index, 2021=100",96.9,26.73304347826087,28.575,0.16248527258302423,-1.3607161850187028,102.50130434782609,102.24818181818182
2013-06-01,MIG - consumer goods,Germany,97.5,"Index, 2021=100",97.3,26.23,26.73304347826087,0.1894274611148,0.0,102.9195,102.50130434782609
2013-07-01,MIG - consumer goods,Germany,97.5,"Index, 2021=100",97.5,26.070434782608697,26.23,0.6182980381651376,0.0,107.85434782608696,102.9195
2013-08-01,MIG - consumer goods,Germany,97.7,"Index, 2021=100",97.5,25.55181818181818,26.070434782608697,-0.07052223294410298,0.0,111.28045454545455,107.85434782608696
2013-09-01,MIG - consumer goods,Germany,98.3,"Index, 2021=100",97.7,26.478571428571428,25.55181818181818,0.06362224893820845,0.0,111.8047619047619,111.28045454545455
2013-10-01,MIG - consumer goods,Germany,98.2,"Index, 2021=100",98.3,25.868695652173916,26.478571428571428,0.13725652508100525,0.0,109.07652173913044,111.8047619047619
2013-11-01,MIG - consumer goods,Germany,99.1,"Index, 2021=100",98.2,27.18047619047619,25.868695652173916,-0.11144201084991862,0.0,107.96,109.07652173913044
2013-12-01,MIG - consumer goods,Germany,100.2,"Index, 2021=100",99.1,27.702727272727273,27.18047619047619,0.6426503974155726,1.006536826380158,110.79363636363637,107.96
2014-01-01,MIG - consumer goods,Germany,99.0,"Index, 2021=100",100.2,26.253913043478263,27.702727272727273,-0.19812368810882713,0.0,108.19739130434782,110.79363636363637
2014-02-01,MIG - consumer goods,Germany,99.2,"Index, 2021=100",99.0,23.849,26.253913043478263,-0.044531303873754494,0.0,108.88700000000001,108.19739130434782
2014-03-01,MIG - consumer goods,Germany,99.5,"Index, 2021=100",99.2,22.767142857142858,23.849,0.0514680128382354,0.0,107.48095238095237,108.88700000000001
2014-04-01,MIG - consumer goods,Germany,100.3,"Index, 2021=100",99.5,20.423181818181817,22.767142857142858,-0.018508882722691297,0.0,107.84772727272728,107.48095238095237
2014-05-01,MIG - consumer goods,Germany,97.6,"Index, 2021=100",100.3,19.08818181818182,20.423181818181817,0.10496074182617701,0.0,109.53909090909092,107.84772727272728
2014-06-01,MIG - consumer goods,Germany,98.8,"Index, 2021=100",97.6,17.39190476190476,19.08818181818182,0.3545000070992207,0.42851134062250246,111.79523809523809,109.53909090909092
2014-07-01,MIG - consumer goods,Germany,99.4,"Index, 2021=100",98.8,16.50565217391304,17.39190476190476,-0.4381447112306579,0.0,106.86434782608696,111.79523809523809
2014-08-01,MIG - consumer goods,Germany,98.3,"Index, 2021=100",99.4,17.497142857142858,16.50565217391304,0.08722188445673984,0.0,101.60809523809523,106.86434782608696
2014-09-01,MIG - consumer goods,Germany,98.5,"Index, 2021=100",98.3,20.74863636363636,17.497142857142858,-0.16107172026645272,0.0,97.27454545454545,101.60809523809523
2014-10-01,MIG - consumer goods,Germany,99.6,"Index, 2021=100",98.5,21.268260869565218,20.74863636363636,-0.2764119863445895,0.0,87.42521739130434,97.27454545454545
2014-11-01,MIG - consumer goods,Germany,98.8,"Index, 2021=100",99.6,22.978,21.268260869565218,-0.9869169148213338,-9.796069628596289,79.3355,87.42521739130434
2014-12-01,MIG - consumer goods,Germany,100.9,"Index, 2021=100",98.8,22.520869565217392,22.978,-1.2412203634377712,0.0,62.17565217391304,79.3355
2015-01-01,MIG - consumer goods,Germany,97.9,"Index, 2021=100",100.9,19.755,22.520869565217392,-1.689378075003543,0.0,48.08363636363636,62.17565217391304
2015-02-01,MIG - consumer goods,Germany,98.4,"Index, 2021=100",97.9,22.566,19.755,1.030226324080852,0.0,58.0955,48.08363636363636
2015-03-01,MIG - consumer goods,Germany,100.0,"Index, 2021=100",98.4,21.856818181818184,22.566,-0.2471285840319799,0.0,55.88545454545454,58.0955
2015-04-01,MIG - consumer goods,Germany,99.5,"Index, 2021=100",100.0,22.078181818181818,21.856818181818184,0.7630852782137214,0.0,59.35181818181818,55.88545454545454
2015-05-01,MIG - consumer goods,Germany,99.1,"Index, 2021=100",99.5,20.548571428571428,22.078181818181818,0.9306750388082086,0.0,64.1047619047619,59.35181818181818
2015-06-01,MIG - consumer goods,Germany,101.3,"Index, 2021=100",99.1,20.520454545454545,20.548571428571428,-0.3949488388902102,2.4056171564772404,61.47772727272727,64.1047619047619
2015-07-01,MIG - consumer goods,Germany,101.3,"Index, 2021=100",101.3,20.858260869565218,20.520454545454545,-0.8969936335129175,0.0,56.56130434782609,61.47772727272727
2015-08-01,MIG - consumer goods,Germany,99.6,"Index, 2021=100",101.3,19.576190476190476,20.858260869565218,-0.6689537169882939,0.0,46.58428571428571,56.56130434782609
2015-09-01,MIG - consumer goods,Germany,98.1,"Index, 2021=100",99.6,19.16,19.576190476190476,0.4134260838296521,0.0,47.62318181818182,46.58428571428571
2015-10-01,MIG - consumer goods,Germany,97.3,"Index, 2021=100",98.1,18.243636363636366,19.16,-0.17098247375992967,0.0,48.43,47.62318181818182
2015-11-01,MIG - consumer goods,Germany,99.2,"Index, 2021=100",97.3,17.202380952380953,18.243636363636366,-0.3748783969247207,0.0,44.26761904761905,48.43
2015-12-01,MIG - consumer goods,Germany,99.5,"Index, 2021=100",99.2,15.640869565217391,17.202380952380953,-0.7698627351357819,-1.9668139100704445,37.97130434782609,44.26761904761905
2016-01-01,MIG - consumer goods,Germany,101.6,"Index, 2021=100",99.5,13.904285714285715,15.640869565217391,-1.2929579520638326,0.0,30.98095238095238,37.97130434782609
2016-02-01,MIG - consumer goods,Germany,100.9,"Index, 2021=100",101.6,12.476666666666667,13.904285714285715,-0.22939651791615284,0.0,32.163333333333334,30.98095238095238
2016-03-01,MIG - consumer goods,Germany,99.7,"Index, 2021=100",100.9,12.267826086956523,12.476666666666667,0.9962287899781237,0.0,38.21565217391304,32.163333333333334
2016-04-01,MIG - consumer goods,Germany,100.9,"Index, 2021=100",99.7,11.979999999999999,12.267826086956523,-0.15187983491624749,0.0,41.583333333333336,38.21565217391304
2016-05-01,MIG - consumer goods,Germany,100.1,"Index, 2021=100",100.9,13.04090909090909,11.979999999999999,0.6792464128472383,0.0,46.84909090909091,41.583333333333336
2016-06-01,MIG - consumer goods,Germany,101.1,"Index, 2021=100",100.1,14.41590909090909,13.04090909090909,-0.1770446016289529,0.582575139176583,48.24727272727273,46.84909090909091
2016-07-01,MIG - consumer goods,Germany,100.1,"Index, 2021=100",101.1,14.241904761904761,14.41590909090909,-0.4528878840711025,0.0,44.951904761904764,48.24727272727273
2016-08-01,MIG - consumer goods,Germany,101.4,"Index, 2021=100",100.1,11.980869565217391,14.241904761904761,0.1189274105169856,0.0,45.843043478260874,44.951904761904764
2016-09-01,MIG - consumer goods,Germany,100.8,"Index, 2021=100",101.4,12.282272727272726,11.980869565217391,0.24870447283671346,1.4727297897900193,46.567727272727275,45.843043478260874
2016-10-01,MIG - consumer goods,Germany,100.9,"Index, 2021=100",100.8,16.093809523809526,12.282272727272726,0.41093056832079616,0.0,49.522380952380956,46.567727272727275
2016-11-01,MIG - consumer goods,Germany,101.6,"Index, 2021=100",100.9,17.90590909090909,16.093809523809526,-0.5793797051617606,7.91404059403762,44.73409090909091,49.522380952380956
2016-12-01,MIG - consumer goods,Germany,99.6,"Index, 2021=100",101.6,17.689545454545456,17.90590909090909,0.7086845393102761,2.0404579621780123,53.365,44.73409090909091
2017-01-01,MIG - consumer goods,Germany,100.2,"Index, 2021=100",99.6,20.12272727272727,17.689545454545456,0.08901653408704874,0.0,54.59409090909091,53.365
2017-02-01,MIG - consumer goods,Germany,102.3,"Index, 2021=100",100.2,19.553,20.12272727272727,-0.03179032404754296,0.0,54.8695,54.59409090909091
2017-03-01,MIG - consumer goods,Germany,101.7,"Index, 2021=100",102.3,15.799130434782608,19.553,-1.4425063041961181,0.0,51.589130434782604,54.8695
2017-04-01,MIG - consumer goods,Germany,102.4,"Index, 2021=100",101.7,16.058,15.799130434782608,0.21703780157455996,0.0,52.44500000000001,51.589130434782604
2017-05-01,MIG - consumer goods,Germany,103.1,"Index, 2021=100",102.4,15.669130434782607,16.058,-0.8328997339371286,-4.41644778310952,50.326521739130435,52.44500000000001
2017-06-01,MIG - consumer goods,Germany,102.8,"Index, 2021=100",103.1,15.134545454545453,15.669130434782607,-0.26420964099602673,0.0,46.36818181818182,50.326521739130435
2017-07-01,MIG - consumer goods,Germany,104.1,"Index, 2021=100",102.8,15.095714285714285,15.134545454545453,-0.1449934034705647,0.0,48.47857142857143,46.36818181818182
2017-08-01,MIG - consumer goods,Germany,104.6,"Index, 2021=100",104.1,15.99304347826087,15.095714285714285,-0.1520757414392232,0.0,51.70434782608696,48.47857142857143
2017-09-01,MIG - consumer goods,Germany,104.3,"Index, 2021=100",104.6,17.302857142857142,15.99304347826087,0.32443706724488564,0.0,56.152857142857144,51.70434782608696
2017-10-01,MIG - consumer goods,Germany,102.0,"Index, 2021=100",104.3,17.10363636363636,17.302857142857142,-0.3486109778555899,0.0,57.50772727272727,56.152857142857144
2017-11-01,MIG - consumer goods,Germany,106.0,"Index, 2021=100",102.0,19.57090909090909,17.10363636363636,0.12556813519738738,0.21630901693183507,62.71409090909091,57.50772727272727
2017-12-01,MIG - consumer goods,Germany,104.6,"Index, 2021=100",106.0,20.795238095238094,19.57090909090909,-0.1117328946322315,0.0,64.39619047619047,62.71409090909091
2018-01-01,MIG - consumer goods,Germany,106.5,"Index, 2021=100",104.6,18.6,20.795238095238094,0.7325011228803984,0.0,68.97521739130435,64.39619047619047
2018-02-01,MIG - consumer goods,Germany,105.6,"Index, 2021=100",106.5,21.679,18.6,-0.5046465050387093,0.0,65.3175,68.97521739130435
2018-03-01,MIG - consumer goods,Germany,106.1,"Index, 2021=100",105.6,23.622727272727275,21.679,-0.10225293145429594,0.0,66.1531818181818,65.3175
2018-04-01,MIG - consumer goods,Germany,104.9,"Index, 2021=100",106.1,19.645238095238096,23.622727272727275,0.47425564352743266,0.0,71.95904761904762,66.1531818181818
2018-05-01,MIG - consumer goods,Germany,110.6,"Index, 2021=100",104.9,21.566086956521737,19.645238095238096,0.5388658853656386,0.0,76.86217391304348,71.95904761904762
2018-06-01,MIG - consumer goods,Germany,108.6,"Index, 2021=100",110.6,21.92761904761905,21.566086956521737,-0.5831886971683538,-0.4130092757360921,74.4047619047619,76.86217391304348
2018-07-01,MIG - consumer goods,Germany,107.9,"Index, 2021=100",108.6,22.253636363636364,21.92761904761905,0.5294960350409211,0.0,74.2540909090909,74.4047619047619
2018-08-01,MIG - consumer goods,Germany,110.0,"Index, 2021=100",107.9,23.94347826086957,22.253636363636364,-0.20893271379353645,0.0,72.52826086956522,74.2540909090909
2018-09-01,MIG - consumer goods,Germany,109.0,"Index, 2021=100",110.0,27.837,23.94347826086957,0.6564596940208821,0.0,78.89099999999999,72.52826086956522
2018-10-01,MIG - consumer goods,Germany,103.7,"Index, 2021=100",109.0,25.539565217391303,27.837,0.12149689586130322,0.0,81.03217391304348,78.89099999999999
2018-11-01,MIG - consumer goods,Germany,101.3,"Index, 2021=100",103.7,24.633636363636366,25.539565217391303,-1.3685992177175907,0.0,64.74818181818182,81.03217391304348
2018-12-01,MIG - consumer goods,Germany,100.9,"Index, 2021=100",101.3,23.666190476190476,24.633636363636366,-0.2447966896801907,2.07348679679867,56.26285714285714,64.74818181818182
2019-01-01,MIG - consumer goods,Germany,103.6,"Index, 2021=100",100.9,21.39782608695652,23.666190476190476,0.35962477880472876,0.0,59.025217391304345,56.26285714285714
2019-02-01,MIG - consumer goods,Germany,101.6,"Index, 2021=100",103.6,18.0035,21.39782608695652,0.1517462342010795,0.0,63.9605,59.025217391304345
2019-03-01,MIG - consumer goods,Germany,102.9,"Index, 2021=100",101.6,15.697619047619046,18.0035,-0.17808513427363806,0.0,66.13857142857144,63.9605
2019-04-01,MIG - consumer goods,Germany,102.3,"Index, 2021=100",102.9,15.041818181818183,15.697619047619046,0.3628493694964929,0.0,71.20954545454545,66.13857142857144
2019-05-01,MIG - consumer goods,Germany,102.5,"Index, 2021=100",102.3,13.298695652173913,15.041818181818183,-0.7347359961140314,0.0,71.17260869565217,71.20954545454545
2019-06-01,MIG - consumer goods,Germany,100.2,"Index, 2021=100",102.5,10.5225,13.298695652173913,-0.33975076992957615,0.0,64.2205,71.17260869565217
2019-07-01,MIG - consumer goods,Germany,101.2,"Index, 2021=100",100.2,10.941304347826087,10.5225,0.3395291323618024,-4.251048097619388,63.9191304347826,64.2205
2019-08-01,MIG - consumer goods,Germany,100.8,"Index, 2021=100",101.2,10.029545454545454,10.941304347826087,-0.3748389650611249,0.0,59.041818181818186,63.9191304347826
2019-09-01,MIG - consumer goods,Germany,99.4,"Index, 2021=100",100.8,9.568095238095239,10.029545454545454,0.48197852185687173,0.0,62.826666666666675,59.041818181818186
2019-10-01,MIG - consumer goods,Germany,101.2,"Index, 2021=100",99.4,10.30913043478261,9.568095238095239,-0.3400181888327622,0.0,59.71304347826087,62.826666666666675
2019-11-01,MIG - consumer goods,Germany,101.5,"Index, 2021=100",101.2,14.763809523809524,10.30913043478261,0.4635132466348744,0.0,63.21190476190476,59.71304347826087
2019-12-01,MIG - consumer goods,Germany,99.6,"Index, 2021=100",101.5,13.031363636363636,14.763809523809524,0.4622502963974788,1.090508505035817,67.31,63.21190476190476
2020-01-01,MIG - consumer goods,Germany,102.5,"Index, 2021=100",99.6,11.144782608695651,13.031363636363636,1.4414572982744303,0.0,63.82478260869566,67.31
2020-02-01,MIG - consumer goods,Germany,103.9,"Index, 2021=100",102.5,9.3725,11.144782608695651,-0.8114535624060095,0.0,55.702,63.82478260869566
2020-03-01,MIG - consumer goods,Germany,97.1,"Index, 2021=100",103.9,8.622727272727273,9.3725,-1.9239758097171007,-8.007737426749562,31.993636363636366,55.702
2020-04-01,MIG - consumer goods,Germany,88.6,"Index, 2021=100",97.1,6.54,8.622727272727273,1.3138212739143362,3.0940649462160628,18.546818181818182,31.993636363636366
2020-05-01,MIG - consumer goods,Germany,91.0,"Index, 2021=100",88.6,4.575714285714286,6.54,0.7414620048035757,0.0,29.344285714285714,18.546818181818182
2020-06-01,MIG - consumer goods,Germany,96.3,"Index, 2021=100",91.0,4.991818181818181,4.575714285714286,-0.674179631293128,-3.149840310433884,40.26681818181818,29.344285714285714
2020-07-01,MIG - consumer goods,Germany,96.7,"Index, 2021=100",96.3,4.879565217391304,4.991818181818181,-0.07202838847948002,0.0,43.24217391304348,40.26681818181818
2020-08-01,MIG - consumer goods,Germany,95.9,"Index, 2021=100",96.7,7.533333333333333,4.879565217391304,-0.7379957308695794,0.0,44.75904761904762,43.24217391304348
2020-09-01,MIG - consumer goods,Germany,97.8,"Index, 2021=100",95.9,11.161818181818182,7.533333333333333,-0.5826109751692493,0.0,40.90954545454545,44.75904761904762
2020-10-01,MIG - consumer goods,Germany,96.9,"Index, 2021=100",97.8,13.955454545454545,11.161818181818182,-0.291036694449014,0.0,40.18954545454546,40.90954545454545
2020-11-01,MIG - consumer goods,Germany,96.6,"Index, 2021=100",96.9,13.794285714285715,13.955454545454545,-0.1676225177801478,0.0,42.69238095238095,40.18954545454546
2020-12-01,MIG - consumer goods,Germany,98.6,"Index, 2021=100",96.6,16.34565217391304,13.794285714285715,-0.06503074006202851,0.563137829641395,50.03217391304348,42.69238095238095
2021-01-01,MIG - consumer goods,Germany,96.8,"Index, 2021=100",98.6,20.476190476190474,16.34565217391304,-0.5778110950222807,3.899417998430563,54.60476190476191,50.03217391304348
2021-02-01,MIG - consumer goods,Germany,95.9,"Index, 2021=100",96.8,17.4085,20.476190476190474,0.26866362438390906,0.0,62.2765,54.60476190476191
2021-03-01,MIG - consumer goods,Germany,98.3,"Index, 2021=100",95.9,17.795217391304348,17.4085,0.3009824618650811,3.5419347237958796,65.41,62.2765
2021-04-01,MIG - consumer goods,Germany,95.5,"Index, 2021=100",98.3,20.775454545454547,17.795217391304348,0.5129892999970512,5.991632222929873,64.71954545454545,65.41
2021-05-01,MIG - consumer goods,Germany,99.6,"Index, 2021=100",95.5,25.285238095238096,20.775454545454547,0.8992703670969532,0.0,68.5352380952381,64.71954545454545
2021-06-01,MIG - consumer goods,Germany,101.3,"Index, 2021=100",99.6,29.238636363636363,25.285238095238096,0.36360474028399664,2.2925007532095663,73.1640909090909,68.5352380952381
2021-07-01,MIG - consumer goods,Germany,101.1,"Index, 2021=100",101.3,36.13954545454545,29.238636363636363,0.019142986170709916,-9.851298268875022,75.1659090909091,73.1640909090909
2021-08-01,MIG - consumer goods,Germany,99.5,"Index, 2021=100",101.1,44.30409090909091,36.13954545454545,-0.3147083142103972,0.0,70.81590909090909,75.1659090909091
2021-09-01,MIG - consumer goods,Germany,100.8,"Index, 2021=100",99.5,64.45363636363636,44.30409090909091,1.015760795186652,0.4390282348823775,74.48863636363636,70.81590909090909
2021-10-01,MIG - consumer goods,Germany,100.7,"Index, 2021=100",100.8,87.69238095238094,64.45363636363636,0.7705932795655408,2.361261487325598,83.53809523809524,74.48863636363636
2021-11-01,MIG - consumer goods,Germany,101.8,"Index, 2021=100",100.7,81.92136363636364,87.69238095238094,-0.5218341421272874,-1.0130750354233125,81.05,83.53809523809524
2021-12-01,MIG - consumer goods,Germany,101.0,"Index, 2021=100",101.8,112.80739130434783,81.92136363636364,-0.49656758152090014,1.7069751201240932,74.26347826086956,81.05
2022-01-01,MIG - consumer goods,Germany,99.2,"Index, 2021=100",101.0,84.06952380952382,112.80739130434783,0.8522287791057341,1.4985078326623733,86.50523809523808,74.26347826086956
2022-02-01,MIG - consumer goods,Germany,102.3,"Index, 2021=100",99.2,81.164,84.06952380952382,0.20967705216092372,0.6492342056890332,97.12899999999999,86.50523809523808
2022-03-01,MIG - consumer goods,Germany,101.5,"Index, 2021=100",102.3,129.18304347826088,81.164,1.1589724435645128,1.020230642989599,117.24521739130434,97.12899999999999
2022-04-01,MIG - consumer goods,Germany,99.3,"Index, 2021=100",101.5,101.06238095238095,129.18304347826088,-0.41804567878166843,0.0,105.17095238095239,117.24521739130434
2022-05-01,MIG - consumer goods,Germany,100.1,"Index, 2021=100",99.3,88.58863636363637,101.06238095238095,0.8079062673307621,0.4644825107300398,113.11136363636363,105.17095238095239
2022-06-01,MIG - consumer goods,Germany,100.1,"Index, 2021=100",100.1,106.29454545454546,88.58863636363637,0.2666071424046354,-2.121493222584776,122.68772727272727,113.11136363636363
2022-07-01,MIG - consumer goods,Germany,98.4,"Index, 2021=100",100.1,171.41666666666666,106.29454545454546,-1.5284523643533043,0.0,111.92571428571429,122.68772727272727
2022-08-01,MIG - consumer goods,Germany,99.8,"Index, 2021=100",98.4,235.68391304347824,171.41666666666666,-0.8625649365210946,-2.904996658248558,100.47608695652173,111.92571428571429
2022-09-01,MIG - consumer goods,Germany,102.5,"Index, 2021=100",99.8,190.24181818181816,235.68391304347824,-0.6092331240191604,0.5554531127177963,89.74954545454545,100.47608695652173
2022-10-01,MIG - consumer goods,Germany,101.0,"Index, 2021=100",102.5,72.15047619047618,190.24181818181816,0.8249900068007756,2.4641871317219377,93.33190476190477,89.74954545454545
2022-11-01,MIG - consumer goods,Germany,99.6,"Index, 2021=100",101.0,96.28181818181817,72.15047619047618,-0.31727729228827767,0.0,91.41545454545455,93.33190476190477
2022-12-01,MIG - consumer goods,Germany,99.7,"Index, 2021=100",99.6,113.99181818181819,96.28181818181817,-0.5175798710392452,-2.8790551863806995,81.06272727272727,91.41545454545455
2023-01-01,MIG - consumer goods,Germany,96.5,"Index, 2021=100",99.7,63.004090909090905,113.99181818181819,0.16272770514393026,0.0,82.51590909090909,81.06272727272727
2023-02-01,MIG - consumer goods,Germany,97.8,"Index, 2021=100",96.5,53.352999999999994,63.004090909090905,-0.3578309492217428,0.0,82.58500000000001,82.51590909090909
2023-03-01,MIG - consumer goods,Germany,95.8,"Index, 2021=100",97.8,44.18782608695652,53.352999999999994,-0.5444578687975978,0.0,78.43434782608696,82.58500000000001
2023-04-01,MIG - consumer goods,Germany,96.5,"Index, 2021=100",95.8,42.585,44.18782608695652,0.7779760977112515,0.0,84.8305,78.43434782608696
2023-05-01,MIG - consumer goods,Germany,95.4,"Index, 2021=100",96.5,31.335652173913044,42.585,-0.9911199872566404,0.0,75.77478260869565,84.8305
2023-06-01,MIG - consumer goods,Germany,97.3,"Index, 2021=100",95.4,32.39909090909091,31.335652173913044,0.10438583996063543,0.4626838105740375,74.83909090909091,75.77478260869565
2023-07-01,MIG - consumer goods,Germany,96.6,"Index, 2021=100",97.3,29.665714285714287,32.39909090909091,0.3105036346079896,0.0,80.10809523809523,74.83909090909091
2023-08-01,MIG - consumer goods,Germany,96.1,"Index, 2021=100",96.6,33.52304347826087,29.665714285714287,0.2634335721723802,0.0,86.11608695652174,80.10809523809523
2023-09-01,MIG - consumer goods,Germany,93.2,"Index, 2021=100",96.1,36.52761904761905,33.52304347826087,0.4709271233739839,0.0,93.72238095238096,86.11608695652174
2023-10-01,MIG - consumer goods,Germany,92.8,"Index, 2021=100",93.2,43.264545454545456,36.52761904761905,-0.16534366151930893,0.0,90.59590909090909,93.72238095238096
2023-11-01,MIG - consumer goods,Germany,92.9,"Index, 2021=100",92.8,43.269090909090906,43.264545454545456,-0.571544726123262,-2.4651491943871404,82.94,90.59590909090909
2023-12-01,MIG - consumer goods,Germany,91.9,"Index, 2021=100",92.9,35.318571428571424,43.269090909090906,0.011208893183722398,0.0,77.87857142857143,82.94
2004-01-01,MIG - durable consumer goods,Germany,97.7,"Index, 2021=100",97.7,11.36,11.36,0.44154017195044576,0.0,31.236363636363638,29.77608695652174
2004-02-01,MIG - durable consumer goods,Germany,96.2,"Index, 2021=100",97.7,10.7975,11.36,-0.08581088034809001,2.694076911628696,30.8585,31.236363636363638
2004-03-01,MIG - durable consumer goods,Germany,96.5,"Index, 2021=100",96.2,10.900434782608697,10.7975,0.2813203494904621,-0.667869132781252,33.63434782608696,30.8585
2004-04-01,MIG - durable consumer goods,Germany,97.4,"Index, 2021=100",96.5,10.974545454545455,10.900434782608697,-0.6033863591783445,0.0,33.59090909090909,33.63434782608696
2004-05-01,MIG - durable consumer goods,Germany,100.7,"Index, 2021=100",97.4,11.221904761904762,10.974545454545455,0.5969780334499486,0.0,37.56761904761905,33.59090909090909
2004-06-01,MIG - durable consumer goods,Germany,95.7,"Index, 2021=100",100.7,10.607727272727272,11.221904761904762,-0.0108376887124877,-0.8697021883599181,35.18363636363636,37.56761904761905
2004-07-01,MIG - durable consumer goods,Germany,102.9,"Index, 2021=100",95.7,10.656818181818181,10.607727272727272,-0.18225670383212336,0.0,38.221363636363634,35.18363636363636
2004-08-01,MIG - durable consumer goods,Germany,91.5,"Index, 2021=100",102.9,12.030909090909091,10.656818181818181,0.41307128781677527,0.0,42.74409090909091,38.221363636363634
2004-09-01,MIG - durable consumer goods,Germany,94.8,"Index, 2021=100",91.5,12.784999999999998,12.030909090909091,0.020228290770040784,-1.6071356282661176,43.19681818181818,42.74409090909091
2004-10-01,MIG - durable consumer goods,Germany,95.1,"Index, 2021=100",94.8,12.065238095238096,12.784999999999998,0.8379242805985881,0.0,49.776666666666664,43.19681818181818
2004-11-01,MIG - durable consumer goods,Germany,92.6,"Index, 2021=100",95.1,12.959545454545456,12.065238095238096,-0.22862171681724705,0.0,43.110454545454544,49.776666666666664
2004-12-01,MIG - durable consumer goods,Germany,93.0,"Index, 2021=100",92.6,14.537391304347826,12.959545454545456,-0.8713033012256369,-3.1596202022297115,39.60217391304348,43.110454545454544
2005-01-01,MIG - durable consumer goods,Germany,95.7,"Index, 2021=100",93.0,14.123333333333331,14.537391304347826,0.2661415106984759,2.159954265104334,44.31238095238095,39.60217391304348
2005-02-01,MIG - durable consumer goods,Germany,95.8,"Index, 2021=100",95.7,16.8315,14.123333333333331,0.33553585232891664,0.0,45.475,44.31238095238095
2005-03-01,MIG - durable consumer goods,Germany,95.8,"Index, 2021=100",95.8,18.585217391304347,16.8315,0.5751930208570617,3.0421593263989704,53.071739130434786,45.475
2005-04-01,MIG - durable consumer goods,Germany,97.0,"Index, 2021=100",95.8,14.80857142857143,18.585217391304347,-0.5666684540474421,0.0,51.88380952380952,53.071739130434786
2005-05-01,MIG - durable consumer goods,Germany,92.9,"Index, 2021=100",97.0,14.289090909090909,14.80857142857143,-0.10846214234396483,0.0,48.64545454545455,51.88380952380952
2005-06-01,MIG - durable consumer goods,Germany,97.4,"Index, 2021=100",92.9,14.356363636363636,14.289090909090909,0.503989891285571,0.3374585671050337,54.35454545454545,48.64545454545455
2005-07-01,MIG - durable consumer goods,Germany,97.8,"Index, 2021=100",97.4,15.540952380952382,14.356363636363636,0.563468443674944,0.0,57.52,54.35454545454545
2005-08-01,MIG - durable consumer goods,Germany,94.6,"Index, 2021=100",97.8,15.107826086956523,15.540952380952382,0.718752317958703,0.0,63.98347826086956,57.52
2005-09-01,MIG - durable consumer goods,Germany,94.4,"Index, 2021=100",94.6,14.746363636363638,15.107826086956523,1.1148474280757803,-1.6643240899907965,62.908181818181816,63.98347826086956
2005-10-01,MIG - durable consumer goods,Germany,97.6,"Index, 2021=100",94.4,15.534761904761906,14.746363636363638,-1.0533079897254418,0.0,58.53857142857142,62.908181818181816
2005-11-01,MIG - durable consumer goods,Germany,97.5,"Index, 2021=100",97.6,19.15909090909091,15.534761904761906,-1.2341397270208476,0.0,55.24181818181818,58.53857142857142
2005-12-01,MIG - durable consumer goods,Germany,98.2,"Index, 2021=100",97.5,22.903636363636362,19.15909090909091,-0.03924653272715153,2.9526028347999587,56.84136363636364,55.24181818181818
2006-01-01,MIG - durable consumer goods,Germany,100.3,"Index, 2021=100",98.2,25.694999999999997,22.903636363636362,0.19348656521120655,-0.15180339953147387,62.77409090909091,56.84136363636364
2006-02-01,MIG - durable consumer goods,Germany,98.5,"Index, 2021=100",100.3,22.324,25.694999999999997,-0.6518974343740799,0.0,60.21,62.77409090909091
2006-03-01,MIG - durable consumer goods,Germany,97.7,"Index, 2021=100",98.5,26.028260869565216,22.324,-0.07863751143875931,-1.827456416166897,62.06478260869565,60.21
2006-04-01,MIG - durable consumer goods,Germany,104.1,"Index, 2021=100",97.7,21.387999999999998,26.028260869565216,0.6237237514902355,0.0,70.173,62.06478260869565
2006-05-01,MIG - durable consumer goods,Germany,104.2,"Index, 2021=100",104.1,19.692608695652176,21.387999999999998,-0.3540726086115883,0.0,69.77695652173912,70.173
2006-06-01,MIG - durable consumer goods,Germany,101.7,"Index, 2021=100",104.2,19.58409090909091,19.692608695652176,-0.31545669169778073,-1.1833322763183536,68.5559090909091,69.77695652173912
2006-07-01,MIG - durable consumer goods,Germany,105.1,"Index, 2021=100",101.7,19.847619047619048,19.58409090909091,0.28310573574819875,0.0,73.67428571428572,68.5559090909091
2006-08-01,MIG - durable consumer goods,Germany,106.8,"Index, 2021=100",105.1,17.97826086956522,19.847619047619048,-0.1782674258490434,0.0,73.2304347826087,73.67428571428572
2006-09-01,MIG - durable consumer goods,Germany,104.5,"Index, 2021=100",106.8,15.951428571428572,17.97826086956522,-1.0773599355773278,-1.1265879387430244,61.95857142857143,73.2304347826087
2006-10-01,MIG - durable consumer goods,Germany,104.3,"Index, 2021=100",104.5,14.200454545454546,15.951428571428572,-0.713482353040865,-1.0147867419479089,57.808181818181815,61.95857142857143
2006-11-01,MIG - durable consumer goods,Germany,105.5,"Index, 2021=100",104.3,19.87272727272727,14.200454545454546,-0.6336040683167151,0.0,58.76136363636363,57.808181818181815
2006-12-01,MIG - durable consumer goods,Germany,110.8,"Index, 2021=100",105.5,16.45809523809524,19.87272727272727,0.06279864252157119,1.7594994847040366,62.41952380952381,58.76136363636363
2007-01-01,MIG - durable consumer goods,Germany,104.3,"Index, 2021=100",110.8,13.603478260869565,16.45809523809524,-0.8815456486489374,0.0,53.748695652173915,62.41952380952381
2007-02-01,MIG - durable consumer goods,Germany,106.4,"Index, 2021=100",104.3,9.310500000000001,13.603478260869565,0.5012149220613668,0.0,57.516999999999996,53.748695652173915
2007-03-01,MIG - durable consumer goods,Germany,105.4,"Index, 2021=100",106.4,10.338636363636363,9.310500000000001,0.001407425353364094,-0.689195928658093,62.05045454545455,57.516999999999996
2007-04-01,MIG - durable consumer goods,Germany,101.5,"Index, 2021=100",105.4,8.91904761904762,10.338636363636363,0.23160567911181562,0.0,67.64428571428572,62.05045454545455
2007-05-01,MIG - durable consumer goods,Germany,104.4,"Index, 2021=100",101.5,11.71391304347826,8.91904761904762,-0.29762578435044224,0.0,67.36478260869566,67.64428571428572
2007-06-01,MIG - durable consumer goods,Germany,104.0,"Index, 2021=100",104.4,10.586190476190476,11.71391304347826,0.16535936703141824,0.0,71.04571428571428,67.36478260869566
2007-07-01,MIG - durable consumer goods,Germany,105.3,"Index, 2021=100",104.0,14.946363636363635,10.586190476190476,0.18880782596297765,0.0,76.80863636363637,71.04571428571428
2007-08-01,MIG - durable consumer goods,Germany,106.4,"Index, 2021=100",105.3,14.281304347826088,14.946363636363635,-0.5681005018139146,0.0,70.76086956521739,76.80863636363637
2007-09-01,MIG - durable consumer goods,Germany,105.9,"Index, 2021=100",106.4,17.057,14.281304347826088,1.0001793364551819,1.1859376565060231,76.929,70.76086956521739
2007-10-01,MIG - durable consumer goods,Germany,104.5,"Index, 2021=100",105.9,20.13478260869565,17.057,0.10198579635873983,0.0,82.34,76.929
2007-11-01,MIG - durable consumer goods,Germany,103.4,"Index, 2021=100",104.5,22.223636363636363,20.13478260869565,0.6128810878526092,0.0,92.53045454545455,82.34
2007-12-01,MIG - durable consumer goods,Germany,103.8,"Index, 2021=100",103.4,23.133333333333333,22.223636363636363,-0.28925766272037334,-0.831933850195447,90.99,92.53045454545455
2008-01-01,MIG - durable consumer goods,Germany,103.4,"Index, 2021=100",103.8,24.26347826086956,23.133333333333333,-0.13761859893639725,0.0,92.13391304347826,90.99
2008-02-01,MIG - durable consumer goods,Germany,104.3,"Index, 2021=100",103.4,22.760952380952382,24.26347826086956,0.2608943406309443,-2.502179452682496,95.08047619047619,92.13391304347826
2008-03-01,MIG - durable consumer goods,Germany,104.7,"Index, 2021=100",104.3,23.693333333333335,22.760952380952382,1.0041522754151373,4.248635030337986,103.45190476190476,95.08047619047619
2008-04-01,MIG - durable consumer goods,Germany,105.1,"Index, 2021=100",104.7,25.75318181818182,23.693333333333335,0.06105421820469373,0.0,109.07136363636364,103.45190476190476
2008-05-01,MIG - durable consumer goods,Germany,98.5,"Index, 2021=100",105.1,25.01409090909091,25.75318181818182,1.3761117623094206,0.0,123.11181818181818,109.07136363636364
2008-06-01,MIG - durable consumer goods,Germany,104.5,"Index, 2021=100",98.5,26.552380952380954,25.01409090909091,1.1146900143738558,0.0,132.32238095238094,123.11181818181818
2008-07-01,MIG - durable consumer goods,Germany,98.9,"Index, 2021=100",104.5,25.088260869565215,26.552380952380954,0.5718559213874487,0.0,133.20652173913044,132.32238095238094
2008-08-01,MIG - durable consumer goods,Germany,102.3,"Index, 2021=100",98.9,24.035238095238096,25.088260869565215,-0.46951606860925593,0.0,113.24333333333334,133.20652173913044
2008-09-01,MIG - durable consumer goods,Germany,99.9,"Index, 2021=100",102.3,30.28409090909091,24.035238095238096,0.2624296377427312,-0.7550683370320911,97.97363636363637,113.24333333333334
2008-10-01,MIG - durable consumer goods,Germany,97.7,"Index, 2021=100",99.9,26.14260869565217,30.28409090909091,-2.8871890830034372,-5.276020721573241,71.58217391304348,97.97363636363637
2008-11-01,MIG - durable consumer goods,Germany,95.7,"Index, 2021=100",97.7,23.5355,26.14260869565217,-1.0616536689944311,0.0,52.2995,71.58217391304348
2008-12-01,MIG - durable consumer goods,Germany,89.0,"Index, 2021=100",95.7,21.674347826086954,23.5355,-0.2694383119813248,-2.158283290921576,39.70782608695652,52.2995
2009-01-01,MIG - durable consumer goods,Germany,86.1,"Index, 2021=100",89.0,23.224999999999998,21.674347826086954,1.9606284214617051,0.0,43.09227272727273,39.70782608695652
2009-02-01,MIG - durable consumer goods,Germany,82.7,"Index, 2021=100",86.1,17.725,23.224999999999998,0.07516411002784573,0.0,43.326499999999996,43.09227272727273
2009-03-01,MIG - durable consumer goods,Germany,83.1,"Index, 2021=100",82.7,12.2,17.725,1.147539934894266,1.9198599485884802,46.540454545454544,43.326499999999996
2009-04-01,MIG - durable consumer goods,Germany,82.2,"Index, 2021=100",83.1,11.327272727272726,12.2,-0.6897706760210826,0.0,50.279545454545456,46.540454545454544
2009-05-01,MIG - durable consumer goods,Germany,84.3,"Index, 2021=100",82.2,11.00952380952381,11.327272727272726,0.9371855413099275,2.9437593321208158,57.36904761904762,50.279545454545456
2009-06-01,MIG - durable consumer goods,Germany,82.6,"Index, 2021=100",84.3,10.796818181818182,11.00952380952381,1.0697891624848404,0.0,68.60954545454545,57.36904761904762
2009-07-01,MIG - durable consumer goods,Germany,83.5,"Index, 2021=100",82.6,9.393478260869566,10.796818181818182,-0.8584497443655938,0.0,64.49217391304347,68.60954545454545
2009-08-01,MIG - durable consumer goods,Germany,83.8,"Index, 2021=100",83.5,8.778571428571428,9.393478260869566,1.168814769853965,0.0,72.50857142857143,64.49217391304347
2009-09-01,MIG - durable consumer goods,Germany,85.9,"Index, 2021=100",83.8,9.418181818181818,8.778571428571428,0.12040182675501683,0.7555170574307397,67.56409090909091,72.50857142857143
2009-10-01,MIG - durable consumer goods,Germany,85.0,"Index, 2021=100",85.9,10.340909090909092,9.418181818181818,0.8389514187941388,0.0,72.76954545454545,67.56409090909091
2009-11-01,MIG - durable consumer goods,Germany,88.0,"Index, 2021=100",85.0,9.738095238095237,10.340909090909092,-0.14885123884919385,0.0,76.65761904761905,72.76954545454545
2009-12-01,MIG - durable consumer goods,Germany,87.5,"Index, 2021=100",88.0,11.4,9.738095238095237,-0.8450010635890879,1.281714088367376,74.48652173913044,76.65761904761905
2010-01-01,MIG - durable consumer goods,Germany,91.2,"Index, 2021=100",87.5,14.44047619047619,11.4,-0.48138524271346517,0.0,76.28285714285714,74.48652173913044
2010-02-01,MIG - durable consumer goods,Germany,89.1,"Index, 2021=100",91.2,13.715,14.44047619047619,-0.21414063782099357,0.0,73.639,76.28285714285714
2010-03-01,MIG - durable consumer goods,Germany,87.7,"Index, 2021=100",89.1,11.954782608695652,13.715,-0.5233596426999279,1.5544096531485574,78.82739130434783,73.639
2010-04-01,MIG - durable consumer goods,Germany,89.0,"Index, 2021=100",87.7,13.493181818181819,11.954782608695652,-0.18357082280701043,0.0,84.71818181818182,78.82739130434783
2010-05-01,MIG - durable consumer goods,Germany,93.7,"Index, 2021=100",89.0,16.781904761904762,13.493181818181819,-1.323271263136311,0.0,75.8052380952381,84.71818181818182
2010-06-01,MIG - durable consumer goods,Germany,92.6,"Index, 2021=100",93.7,19.222727272727273,16.781904761904762,0.525869862586917,0.0,74.7609090909091,75.8052380952381
2010-07-01,MIG - durable consumer goods,Germany,92.8,"Index, 2021=100",92.6,19.469545454545454,19.222727272727273,0.04754485195679738,0.0,75.40590909090909,74.7609090909091
2010-08-01,MIG - durable consumer goods,Germany,94.3,"Index, 2021=100",92.8,18.13090909090909,19.469545454545454,-0.07161403937119563,0.0,77.03954545454545,75.40590909090909
2010-09-01,MIG - durable consumer goods,Germany,92.7,"Index, 2021=100",94.3,18.943181818181817,18.13090909090909,-0.1487126906627298,0.0,77.71272727272728,77.03954545454545
2010-10-01,MIG - durable consumer goods,Germany,96.9,"Index, 2021=100",92.7,18.497619047619047,18.943181818181817,0.7103428057964077,-0.4584134038079942,82.6647619047619,77.71272727272728
2010-11-01,MIG - durable consumer goods,Germany,94.3,"Index, 2021=100",96.9,19.477272727272727,18.497619047619047,0.09961570270309454,0.0,85.24090909090908,82.6647619047619
2010-12-01,MIG - durable consumer goods,Germany,93.5,"Index, 2021=100",94.3,24.09478260869565,19.477272727272727,-0.1169385540431611,1.0894693635716877,91.54173913043478,85.24090909090908
2011-01-01,MIG - durable consumer goods,Germany,95.9,"Index, 2021=100",93.5,22.343809523809526,24.09478260869565,-0.13316626923827257,0.0,96.58714285714285,91.54173913043478
2011-02-01,MIG - durable consumer goods,Germany,96.4,"Index, 2021=100",95.9,21.761,22.343809523809526,0.1062714600527813,0.0,103.6405,96.58714285714285
2011-03-01,MIG - durable consumer goods,Germany,97.0,"Index, 2021=100",96.4,23.722608695652173,21.761,1.0735774048683804,0.0,114.64347826086957,103.6405
2011-04-01,MIG - durable consumer goods,Germany,97.8,"Index, 2021=100",97.0,22.854761904761904,23.722608695652173,0.9191065185128502,0.0,123.45380952380954,114.64347826086957
2011-05-01,MIG - durable consumer goods,Germany,98.2,"Index, 2021=100",97.8,22.989545454545453,22.854761904761904,-0.754449697870264,0.0,114.98272727272727,123.45380952380954
2011-06-01,MIG - durable consumer goods,Germany,91.2,"Index, 2021=100",98.2,22.613636363636363,22.989545454545453,-0.5053044665651589,1.5367288900477356,113.83318181818181,114.98272727272727
2011-07-01,MIG - durable consumer goods,Germany,102.9,"Index, 2021=100",91.2,21.51142857142857,22.613636363636363,-0.18652846565540906,0.0,116.63285714285715,113.83318181818181
2011-08-01,MIG - durable consumer goods,Germany,95.0,"Index, 2021=100",102.9,21.93565217391304,21.51142857142857,-1.0228125161863917,0.0,110.3095652173913,116.63285714285715
2011-09-01,MIG - durable consumer goods,Germany,96.1,"Index, 2021=100",95.0,23.39363636363636,21.93565217391304,0.43959634290727284,0.0,112.9740909090909,110.3095652173913
2011-10-01,MIG - durable consumer goods,Germany,100.4,"Index, 2021=100",96.1,22.554761904761904,23.39363636363636,-0.15278013183668757,0.0,109.55000000000001,112.9740909090909
2011-11-01,MIG - durable consumer goods,Germany,96.7,"Index, 2021=100",100.4,23.736363636363638,22.554761904761904,0.8939539270283243,0.0,110.58909090909091,109.55000000000001
2011-12-01,MIG - durable consumer goods,Germany,93.8,"Index, 2021=100",96.7,22.296818181818182,23.736363636363638,-0.356458994127559,-4.916568331324604,107.99863636363635,110.58909090909091
2012-01-01,MIG - durable consumer goods,Germany,95.8,"Index, 2021=100",93.8,21.865454545454543,22.296818181818182,0.20632540358179952,0.0,110.53136363636364,107.99863636363635
2012-02-01,MIG - durable consumer goods,Germany,93.4,"Index, 2021=100",95.8,25.41142857142857,21.865454545454543,-0.029054799009691847,0.0,119.39190476190477,110.53136363636364
2012-03-01,MIG - durable consumer goods,Germany,93.5,"Index, 2021=100",93.4,23.80727272727273,25.41142857142857,0.784751689386223,0.0,125.44545454545455,119.39190476190477
2012-04-01,MIG - durable consumer goods,Germany,92.6,"Index, 2021=100",93.5,24.78952380952381,23.80727272727273,0.24063874434988755,0.0,120.05666666666667,125.44545454545455
2012-05-01,MIG - durable consumer goods,Germany,96.4,"Index, 2021=100",92.6,24.196521739130436,24.78952380952381,-0.3856336478636065,0.0,110.2891304347826,120.05666666666667
2012-06-01,MIG - durable consumer goods,Germany,92.8,"Index, 2021=100",96.4,23.673333333333332,24.196521739130436,-0.36812562156261563,1.490841835031829,95.15571428571428,110.2891304347826
2012-07-01,MIG - durable consumer goods,Germany,94.9,"Index, 2021=100",92.8,24.332727272727276,23.673333333333332,0.6703576310954897,0.0,102.49454545454546,95.15571428571428
2012-08-01,MIG - durable consumer goods,Germany,95.5,"Index, 2021=100",94.9,24.05652173913043,24.332727272727276,0.889111873743037,0.0,113.35608695652174,102.49454545454546
2012-09-01,MIG - durable consumer goods,Germany,94.2,"Index, 2021=100",95.5,25.825499999999998,24.05652173913043,0.366716761812549,0.0,112.917,113.35608695652174
2012-10-01,MIG - durable consumer goods,Germany,92.4,"Index, 2021=100",94.2,26.702173913043477,25.825499999999998,-0.2515652750980356,0.0,111.7108695652174,112.917
2012-11-01,MIG - durable consumer goods,Germany,89.6,"Index, 2021=100",92.4,27.24909090909091,26.702173913043477,-0.07773850880404555,0.0,109.13818181818182,111.7108695652174
2012-12-01,MIG - durable consumer goods,Germany,89.8,"Index, 2021=100",89.6,27.22333333333333,27.24909090909091,-0.28562219812972955,0.9944110031743462,109.44380952380953,109.13818181818182
2013-01-01,MIG - durable consumer goods,Germany,91.2,"Index, 2021=100",89.8,26.51782608695652,27.22333333333333,0.31250565033261724,0.0,112.81173913043479,109.44380952380953
2013-02-01,MIG - durable consumer goods,Germany,91.6,"Index, 2021=100",91.2,26.3165,26.51782608695652,0.16430715373994836,0.0,116.11800000000001,112.81173913043479
2013-03-01,MIG - durable consumer goods,Germany,93.5,"Index, 2021=100",91.6,32.31666666666666,26.3165,-0.383542027094866,0.0,108.47333333333333,116.11800000000001
2013-04-01,MIG - durable consumer goods,Germany,92.2,"Index, 2021=100",93.5,28.575,32.31666666666666,-0.25921885392347294,0.0,102.24818181818182,108.47333333333333
2013-05-01,MIG - durable consumer goods,Germany,89.5,"Index, 2021=100",92.2,26.73304347826087,28.575,0.16248527258302423,-1.3607161850187028,102.50130434782609,102.24818181818182
2013-06-01,MIG - durable consumer goods,Germany,96.4,"Index, 2021=100",89.5,26.23,26.73304347826087,0.1894274611148,0.0,102.9195,102.50130434782609
2013-07-01,MIG - durable consumer goods,Germany,94.1,"Index, 2021=100",96.4,26.070434782608697,26.23,0.6182980381651376,0.0,107.85434782608696,102.9195
2013-08-01,MIG - durable consumer goods,Germany,92.2,"Index, 2021=100",94.1,25.55181818181818,26.070434782608697,-0.07052223294410298,0.0,111.28045454545455,107.85434782608696
2013-09-01,MIG - durable consumer goods,Germany,95.5,"Index, 2021=100",92.2,26.478571428571428,25.55181818181818,0.06362224893820845,0.0,111.8047619047619,111.28045454545455
2013-10-01,MIG - durable consumer goods,Germany,92.6,"Index, 2021=100",95.5,25.868695652173916,26.478571428571428,0.13725652508100525,0.0,109.07652173913044,111.8047619047619
2013-11-01,MIG - durable consumer goods,Germany,94.0,"Index, 2021=100",92.6,27.18047619047619,25.868695652173916,-0.11144201084991862,0.0,107.96,109.07652173913044
2013-12-01,MIG - durable consumer goods,Germany,92.4,"Index, 2021=100",94.0,27.702727272727273,27.18047619047619,0.6426503974155726,1.006536826380158,110.79363636363637,107.96
2014-01-01,MIG - durable consumer goods,Germany,91.6,"Index, 2021=100",92.4,26.253913043478263,27.702727272727273,-0.19812368810882713,0.0,108.19739130434782,110.79363636363637
2014-02-01,MIG - durable consumer goods,Germany,93.5,"Index, 2021=100",91.6,23.849,26.253913043478263,-0.044531303873754494,0.0,108.88700000000001,108.19739130434782
2014-03-01,MIG - durable consumer goods,Germany,95.2,"Index, 2021=100",93.5,22.767142857142858,23.849,0.0514680128382354,0.0,107.48095238095237,108.88700000000001
2014-04-01,MIG - durable consumer goods,Germany,92.7,"Index, 2021=100",95.2,20.423181818181817,22.767142857142858,-0.018508882722691297,0.0,107.84772727272728,107.48095238095237
2014-05-01,MIG - durable consumer goods,Germany,92.3,"Index, 2021=100",92.7,19.08818181818182,20.423181818181817,0.10496074182617701,0.0,109.53909090909092,107.84772727272728
2014-06-01,MIG - durable consumer goods,Germany,93.2,"Index, 2021=100",92.3,17.39190476190476,19.08818181818182,0.3545000070992207,0.42851134062250246,111.79523809523809,109.53909090909092
2014-07-01,MIG - durable consumer goods,Germany,94.3,"Index, 2021=100",93.2,16.50565217391304,17.39190476190476,-0.4381447112306579,0.0,106.86434782608696,111.79523809523809
2014-08-01,MIG - durable consumer goods,Germany,90.1,"Index, 2021=100",94.3,17.497142857142858,16.50565217391304,0.08722188445673984,0.0,101.60809523809523,106.86434782608696
2014-09-01,MIG - durable consumer goods,Germany,92.6,"Index, 2021=100",90.1,20.74863636363636,17.497142857142858,-0.16107172026645272,0.0,97.27454545454545,101.60809523809523
2014-10-01,MIG - durable consumer goods,Germany,93.9,"Index, 2021=100",92.6,21.268260869565218,20.74863636363636,-0.2764119863445895,0.0,87.42521739130434,97.27454545454545
2014-11-01,MIG - durable consumer goods,Germany,94.4,"Index, 2021=100",93.9,22.978,21.268260869565218,-0.9869169148213338,-9.796069628596289,79.3355,87.42521739130434
2014-12-01,MIG - durable consumer goods,Germany,96.8,"Index, 2021=100",94.4,22.520869565217392,22.978,-1.2412203634377712,0.0,62.17565217391304,79.3355
2015-01-01,MIG - durable consumer goods,Germany,93.2,"Index, 2021=100",96.8,19.755,22.520869565217392,-1.689378075003543,0.0,48.08363636363636,62.17565217391304
2015-02-01,MIG - durable consumer goods,Germany,96.4,"Index, 2021=100",93.2,22.566,19.755,1.030226324080852,0.0,58.0955,48.08363636363636
2015-03-01,MIG - durable consumer goods,Germany,95.3,"Index, 2021=100",96.4,21.856818181818184,22.566,-0.2471285840319799,0.0,55.88545454545454,58.0955
2015-04-01,MIG - durable consumer goods,Germany,96.7,"Index, 2021=100",95.3,22.078181818181818,21.856818181818184,0.7630852782137214,0.0,59.35181818181818,55.88545454545454
2015-05-01,MIG - durable consumer goods,Germany,97.0,"Index, 2021=100",96.7,20.548571428571428,22.078181818181818,0.9306750388082086,0.0,64.1047619047619,59.35181818181818
2015-06-01,MIG - durable consumer goods,Germany,93.7,"Index, 2021=100",97.0,20.520454545454545,20.548571428571428,-0.3949488388902102,2.4056171564772404,61.47772727272727,64.1047619047619
2015-07-01,MIG - durable consumer goods,Germany,95.3,"Index, 2021=100",93.7,20.858260869565218,20.520454545454545,-0.8969936335129175,0.0,56.56130434782609,61.47772727272727
2015-08-01,MIG - durable consumer goods,Germany,96.2,"Index, 2021=100",95.3,19.576190476190476,20.858260869565218,-0.6689537169882939,0.0,46.58428571428571,56.56130434782609
2015-09-01,MIG - durable consumer goods,Germany,94.5,"Index, 2021=100",96.2,19.16,19.576190476190476,0.4134260838296521,0.0,47.62318181818182,46.58428571428571
2015-10-01,MIG - durable consumer goods,Germany,95.2,"Index, 2021=100",94.5,18.243636363636366,19.16,-0.17098247375992967,0.0,48.43,47.62318181818182
2015-11-01,MIG - durable consumer goods,Germany,96.2,"Index, 2021=100",95.2,17.202380952380953,18.243636363636366,-0.3748783969247207,0.0,44.26761904761905,48.43
2015-12-01,MIG - durable consumer goods,Germany,95.8,"Index, 2021=100",96.2,15.640869565217391,17.202380952380953,-0.7698627351357819,-1.9668139100704445,37.97130434782609,44.26761904761905
2016-01-01,MIG - durable consumer goods,Germany,97.4,"Index, 2021=100",95.8,13.904285714285715,15.640869565217391,-1.2929579520638326,0.0,30.98095238095238,37.97130434782609
2016-02-01,MIG - durable consumer goods,Germany,98.2,"Index, 2021=100",97.4,12.476666666666667,13.904285714285715,-0.22939651791615284,0.0,32.163333333333334,30.98095238095238
2016-03-01,MIG - durable consumer goods,Germany,96.7,"Index, 2021=100",98.2,12.267826086956523,12.476666666666667,0.9962287899781237,0.0,38.21565217391304,32.163333333333334
2016-04-01,MIG - durable consumer goods,Germany,99.3,"Index, 2021=100",96.7,11.979999999999999,12.267826086956523,-0.15187983491624749,0.0,41.583333333333336,38.21565217391304
2016-05-01,MIG - durable consumer goods,Germany,94.4,"Index, 2021=100",99.3,13.04090909090909,11.979999999999999,0.6792464128472383,0.0,46.84909090909091,41.583333333333336
2016-06-01,MIG - durable consumer goods,Germany,100.9,"Index, 2021=100",94.4,14.41590909090909,13.04090909090909,-0.1770446016289529,0.582575139176583,48.24727272727273,46.84909090909091
2016-07-01,MIG - durable consumer goods,Germany,97.3,"Index, 2021=100",100.9,14.241904761904761,14.41590909090909,-0.4528878840711025,0.0,44.951904761904764,48.24727272727273
2016-08-01,MIG - durable consumer goods,Germany,99.2,"Index, 2021=100",97.3,11.980869565217391,14.241904761904761,0.1189274105169856,0.0,45.843043478260874,44.951904761904764
2016-09-01,MIG - durable consumer goods,Germany,97.6,"Index, 2021=100",99.2,12.282272727272726,11.980869565217391,0.24870447283671346,1.4727297897900193,46.567727272727275,45.843043478260874
2016-10-01,MIG - durable consumer goods,Germany,99.6,"Index, 2021=100",97.6,16.093809523809526,12.282272727272726,0.41093056832079616,0.0,49.522380952380956,46.567727272727275
2016-11-01,MIG - durable consumer goods,Germany,98.6,"Index, 2021=100",99.6,17.90590909090909,16.093809523809526,-0.5793797051617606,7.91404059403762,44.73409090909091,49.522380952380956
2016-12-01,MIG - durable consumer goods,Germany,99.8,"Index, 2021=100",98.6,17.689545454545456,17.90590909090909,0.7086845393102761,2.0404579621780123,53.365,44.73409090909091
2017-01-01,MIG - durable consumer goods,Germany,100.8,"Index, 2021=100",99.8,20.12272727272727,17.689545454545456,0.08901653408704874,0.0,54.59409090909091,53.365
2017-02-01,MIG - durable consumer goods,Germany,100.7,"Index, 2021=100",100.8,19.553,20.12272727272727,-0.03179032404754296,0.0,54.8695,54.59409090909091
2017-03-01,MIG - durable consumer goods,Germany,100.0,"Index, 2021=100",100.7,15.799130434782608,19.553,-1.4425063041961181,0.0,51.589130434782604,54.8695
2017-04-01,MIG - durable consumer goods,Germany,103.0,"Index, 2021=100",100.0,16.058,15.799130434782608,0.21703780157455996,0.0,52.44500000000001,51.589130434782604
2017-05-01,MIG - durable consumer goods,Germany,103.5,"Index, 2021=100",103.0,15.669130434782607,16.058,-0.8328997339371286,-4.41644778310952,50.326521739130435,52.44500000000001
2017-06-01,MIG - durable consumer goods,Germany,101.8,"Index, 2021=100",103.5,15.134545454545453,15.669130434782607,-0.26420964099602673,0.0,46.36818181818182,50.326521739130435
2017-07-01,MIG - durable consumer goods,Germany,102.4,"Index, 2021=100",101.8,15.095714285714285,15.134545454545453,-0.1449934034705647,0.0,48.47857142857143,46.36818181818182
2017-08-01,MIG - durable consumer goods,Germany,105.9,"Index, 2021=100",102.4,15.99304347826087,15.095714285714285,-0.1520757414392232,0.0,51.70434782608696,48.47857142857143
2017-09-01,MIG - durable consumer goods,Germany,103.5,"Index, 2021=100",105.9,17.302857142857142,15.99304347826087,0.32443706724488564,0.0,56.152857142857144,51.70434782608696
2017-10-01,MIG - durable consumer goods,Germany,102.0,"Index, 2021=100",103.5,17.10363636363636,17.302857142857142,-0.3486109778555899,0.0,57.50772727272727,56.152857142857144
2017-11-01,MIG - durable consumer goods,Germany,103.4,"Index, 2021=100",102.0,19.57090909090909,17.10363636363636,0.12556813519738738,0.21630901693183507,62.71409090909091,57.50772727272727
2017-12-01,MIG - durable consumer goods,Germany,101.8,"Index, 2021=100",103.4,20.795238095238094,19.57090909090909,-0.1117328946322315,0.0,64.39619047619047,62.71409090909091
2018-01-01,MIG - durable consumer goods,Germany,104.2,"Index, 2021=100",101.8,18.6,20.795238095238094,0.7325011228803984,0.0,68.97521739130435,64.39619047619047
2018-02-01,MIG - durable consumer goods,Germany,101.6,"Index, 2021=100",104.2,21.679,18.6,-0.5046465050387093,0.0,65.3175,68.97521739130435
2018-03-01,MIG - durable consumer goods,Germany,103.8,"Index, 2021=100",101.6,23.622727272727275,21.679,-0.10225293145429594,0.0,66.1531818181818,65.3175
2018-04-01,MIG - durable consumer goods,Germany,100.5,"Index, 2021=100",103.8,19.645238095238096,23.622727272727275,0.47425564352743266,0.0,71.95904761904762,66.1531818181818
2018-05-01,MIG - durable consumer goods,Germany,102.6,"Index, 2021=100",100.5,21.566086956521737,19.645238095238096,0.5388658853656386,0.0,76.86217391304348,71.95904761904762
2018-06-01,MIG - durable consumer goods,Germany,103.9,"Index, 2021=100",102.6,21.92761904761905,21.566086956521737,-0.5831886971683538,-0.4130092757360921,74.4047619047619,76.86217391304348
2018-07-01,MIG - durable consumer goods,Germany,99.2,"Index, 2021=100",103.9,22.253636363636364,21.92761904761905,0.5294960350409211,0.0,74.2540909090909,74.4047619047619
2018-08-01,MIG - durable consumer goods,Germany,101.7,"Index, 2021=100",99.2,23.94347826086957,22.253636363636364,-0.20893271379353645,0.0,72.52826086956522,74.2540909090909
2018-09-01,MIG - durable consumer goods,Germany,103.7,"Index, 2021=100",101.7,27.837,23.94347826086957,0.6564596940208821,0.0,78.89099999999999,72.52826086956522
2018-10-01,MIG - durable consumer goods,Germany,100.6,"Index, 2021=100",103.7,25.539565217391303,27.837,0.12149689586130322,0.0,81.03217391304348,78.89099999999999
2018-11-01,MIG - durable consumer goods,Germany,98.6,"Index, 2021=100",100.6,24.633636363636366,25.539565217391303,-1.3685992177175907,0.0,64.74818181818182,81.03217391304348
2018-12-01,MIG - durable consumer goods,Germany,99.4,"Index, 2021=100",98.6,23.666190476190476,24.633636363636366,-0.2447966896801907,2.07348679679867,56.26285714285714,64.74818181818182
2019-01-01,MIG - durable consumer goods,Germany,103.3,"Index, 2021=100",99.4,21.39782608695652,23.666190476190476,0.35962477880472876,0.0,59.025217391304345,56.26285714285714
2019-02-01,MIG - durable consumer goods,Germany,101.2,"Index, 2021=100",103.3,18.0035,21.39782608695652,0.1517462342010795,0.0,63.9605,59.025217391304345
2019-03-01,MIG - durable consumer goods,Germany,104.3,"Index, 2021=100",101.2,15.697619047619046,18.0035,-0.17808513427363806,0.0,66.13857142857144,63.9605
2019-04-01,MIG - durable consumer goods,Germany,98.2,"Index, 2021=100",104.3,15.041818181818183,15.697619047619046,0.3628493694964929,0.0,71.20954545454545,66.13857142857144
2019-05-01,MIG - durable consumer goods,Germany,101.4,"Index, 2021=100",98.2,13.298695652173913,15.041818181818183,-0.7347359961140314,0.0,71.17260869565217,71.20954545454545
2019-06-01,MIG - durable consumer goods,Germany,100.7,"Index, 2021=100",101.4,10.5225,13.298695652173913,-0.33975076992957615,0.0,64.2205,71.17260869565217
2019-07-01,MIG - durable consumer goods,Germany,100.3,"Index, 2021=100",100.7,10.941304347826087,10.5225,0.3395291323618024,-4.251048097619388,63.9191304347826,64.2205
2019-08-01,MIG - durable consumer goods,Germany,101.8,"Index, 2021=100",100.3,10.029545454545454,10.941304347826087,-0.3748389650611249,0.0,59.041818181818186,63.9191304347826
2019-09-01,MIG - durable consumer goods,Germany,102.7,"Index, 2021=100",101.8,9.568095238095239,10.029545454545454,0.48197852185687173,0.0,62.826666666666675,59.041818181818186
2019-10-01,MIG - durable consumer goods,Germany,102.2,"Index, 2021=100",102.7,10.30913043478261,9.568095238095239,-0.3400181888327622,0.0,59.71304347826087,62.826666666666675
2019-11-01,MIG - durable consumer goods,Germany,102.6,"Index, 2021=100",102.2,14.763809523809524,10.30913043478261,0.4635132466348744,0.0,63.21190476190476,59.71304347826087
2019-12-01,MIG - durable consumer goods,Germany,101.5,"Index, 2021=100",102.6,13.031363636363636,14.763809523809524,0.4622502963974788,1.090508505035817,67.31,63.21190476190476
2020-01-01,MIG - durable consumer goods,Germany,101.6,"Index, 2021=100",101.5,11.144782608695651,13.031363636363636,1.4414572982744303,0.0,63.82478260869566,67.31
2020-02-01,MIG - durable consumer goods,Germany,99.9,"Index, 2021=100",101.6,9.3725,11.144782608695651,-0.8114535624060095,0.0,55.702,63.82478260869566
2020-03-01,MIG - durable consumer goods,Germany,89.4,"Index, 2021=100",99.9,8.622727272727273,9.3725,-1.9239758097171007,-8.007737426749562,31.993636363636366,55.702
2020-04-01,MIG - durable consumer goods,Germany,68.7,"Index, 2021=100",89.4,6.54,8.622727272727273,1.3138212739143362,3.0940649462160628,18.546818181818182,31.993636363636366
2020-05-01,MIG - durable consumer goods,Germany,84.9,"Index, 2021=100",68.7,4.575714285714286,6.54,0.7414620048035757,0.0,29.344285714285714,18.546818181818182
2020-06-01,MIG - durable consumer goods,Germany,92.1,"Index, 2021=100",84.9,4.991818181818181,4.575714285714286,-0.674179631293128,-3.149840310433884,40.26681818181818,29.344285714285714
2020-07-01,MIG - durable consumer goods,Germany,93.0,"Index, 2021=100",92.1,4.879565217391304,4.991818181818181,-0.07202838847948002,0.0,43.24217391304348,40.26681818181818
2020-08-01,MIG - durable consumer goods,Germany,96.8,"Index, 2021=100",93.0,7.533333333333333,4.879565217391304,-0.7379957308695794,0.0,44.75904761904762,43.24217391304348
2020-09-01,MIG - durable consumer goods,Germany,96.0,"Index, 2021=100",96.8,11.161818181818182,7.533333333333333,-0.5826109751692493,0.0,40.90954545454545,44.75904761904762
2020-10-01,MIG - durable consumer goods,Germany,97.5,"Index, 2021=100",96.0,13.955454545454545,11.161818181818182,-0.291036694449014,0.0,40.18954545454546,40.90954545454545
2020-11-01,MIG - durable consumer goods,Germany,101.1,"Index, 2021=100",97.5,13.794285714285715,13.955454545454545,-0.1676225177801478,0.0,42.69238095238095,40.18954545454546
2020-12-01,MIG - durable consumer goods,Germany,100.4,"Index, 2021=100",101.1,16.34565217391304,13.794285714285715,-0.06503074006202851,0.563137829641395,50.03217391304348,42.69238095238095
2021-01-01,MIG - durable consumer goods,Germany,99.9,"Index, 2021=100",100.4,20.476190476190474,16.34565217391304,-0.5778110950222807,3.899417998430563,54.60476190476191,50.03217391304348
2021-02-01,MIG - durable consumer goods,Germany,96.9,"Index, 2021=100",99.9,17.4085,20.476190476190474,0.26866362438390906,0.0,62.2765,54.60476190476191
2021-03-01,MIG - durable consumer goods,Germany,94.8,"Index, 2021=100",96.9,17.795217391304348,17.4085,0.3009824618650811,3.5419347237958796,65.41,62.2765
2021-04-01,MIG - durable consumer goods,Germany,100.1,"Index, 2021=100",94.8,20.775454545454547,17.795217391304348,0.5129892999970512,5.991632222929873,64.71954545454545,65.41
2021-05-01,MIG - durable consumer goods,Germany,100.3,"Index, 2021=100",100.1,25.285238095238096,20.775454545454547,0.8992703670969532,0.0,68.5352380952381,64.71954545454545
2021-06-01,MIG - durable consumer goods,Germany,100.9,"Index, 2021=100",100.3,29.238636363636363,25.285238095238096,0.36360474028399664,2.2925007532095663,73.1640909090909,68.5352380952381
2021-07-01,MIG - durable consumer goods,Germany,102.5,"Index, 2021=100",100.9,36.13954545454545,29.238636363636363,0.019142986170709916,-9.851298268875022,75.1659090909091,73.1640909090909
2021-08-01,MIG - durable consumer goods,Germany,96.5,"Index, 2021=100",102.5,44.30409090909091,36.13954545454545,-0.3147083142103972,0.0,70.81590909090909,75.1659090909091
2021-09-01,MIG - durable consumer goods,Germany,96.6,"Index, 2021=100",96.5,64.45363636363636,44.30409090909091,1.015760795186652,0.4390282348823775,74.48863636363636,70.81590909090909
2021-10-01,MIG - durable consumer goods,Germany,100.9,"Index, 2021=100",96.6,87.69238095238094,64.45363636363636,0.7705932795655408,2.361261487325598,83.53809523809524,74.48863636363636
2021-11-01,MIG - durable consumer goods,Germany,99.8,"Index, 2021=100",100.9,81.92136363636364,87.69238095238094,-0.5218341421272874,-1.0130750354233125,81.05,83.53809523809524
2021-12-01,MIG - durable consumer goods,Germany,101.9,"Index, 2021=100",99.8,112.80739130434783,81.92136363636364,-0.49656758152090014,1.7069751201240932,74.26347826086956,81.05
2022-01-01,MIG - durable consumer goods,Germany,99.1,"Index, 2021=100",101.9,84.06952380952382,112.80739130434783,0.8522287791057341,1.4985078326623733,86.50523809523808,74.26347826086956
2022-02-01,MIG - durable consumer goods,Germany,101.8,"Index, 2021=100",99.1,81.164,84.06952380952382,0.20967705216092372,0.6492342056890332,97.12899999999999,86.50523809523808
2022-03-01,MIG - durable consumer goods,Germany,97.2,"Index, 2021=100",101.8,129.18304347826088,81.164,1.1589724435645128,1.020230642989599,117.24521739130434,97.12899999999999
2022-04-01,MIG - durable consumer goods,Germany,102.7,"Index, 2021=100",97.2,101.06238095238095,129.18304347826088,-0.41804567878166843,0.0,105.17095238095239,117.24521739130434
2022-05-01,MIG - durable consumer goods,Germany,105.1,"Index, 2021=100",102.7,88.58863636363637,101.06238095238095,0.8079062673307621,0.4644825107300398,113.11136363636363,105.17095238095239
2022-06-01,MIG - durable consumer goods,Germany,100.5,"Index, 2021=100",105.1,106.29454545454546,88.58863636363637,0.2666071424046354,-2.121493222584776,122.68772727272727,113.11136363636363
2022-07-01,MIG - durable consumer goods,Germany,102.0,"Index, 2021=100",100.5,171.41666666666666,106.29454545454546,-1.5284523643533043,0.0,111.92571428571429,122.68772727272727
2022-08-01,MIG - durable consumer goods,Germany,103.6,"Index, 2021=100",102.0,235.68391304347824,171.41666666666666,-0.8625649365210946,-2.904996658248558,100.47608695652173,111.92571428571429
2022-09-01,MIG - durable consumer goods,Germany,101.7,"Index, 2021=100",103.6,190.24181818181816,235.68391304347824,-0.6092331240191604,0.5554531127177963,89.74954545454545,100.47608695652173
2022-10-01,MIG - durable consumer goods,Germany,101.3,"Index, 2021=100",101.7,72.15047619047618,190.24181818181816,0.8249900068007756,2.4641871317219377,93.33190476190477,89.74954545454545
2022-11-01,MIG - durable consumer goods,Germany,99.5,"Index, 2021=100",101.3,96.28181818181817,72.15047619047618,-0.31727729228827767,0.0,91.41545454545455,93.33190476190477
2022-12-01,MIG - durable consumer goods,Germany,97.5,"Index, 2021=100",99.5,113.99181818181819,96.28181818181817,-0.5175798710392452,-2.8790551863806995,81.06272727272727,91.41545454545455
2023-01-01,MIG - durable consumer goods,Germany,97.8,"Index, 2021=100",97.5,63.004090909090905,113.99181818181819,0.16272770514393026,0.0,82.51590909090909,81.06272727272727
2023-02-01,MIG - durable consumer goods,Germany,98.2,"Index, 2021=100",97.8,53.352999999999994,63.004090909090905,-0.3578309492217428,0.0,82.58500000000001,82.51590909090909
2023-03-01,MIG - durable consumer goods,Germany,97.8,"Index, 2021=100",98.2,44.18782608695652,53.352999999999994,-0.5444578687975978,0.0,78.43434782608696,82.58500000000001
2023-04-01,MIG - durable consumer goods,Germany,93.7,"Index, 2021=100",97.8,42.585,44.18782608695652,0.7779760977112515,0.0,84.8305,78.43434782608696
2023-05-01,MIG - durable consumer goods,Germany,95.1,"Index, 2021=100",93.7,31.335652173913044,42.585,-0.9911199872566404,0.0,75.77478260869565,84.8305
2023-06-01,MIG - durable consumer goods,Germany,92.7,"Index, 2021=100",95.1,32.39909090909091,31.335652173913044,0.10438583996063543,0.4626838105740375,74.83909090909091,75.77478260869565
2023-07-01,MIG - durable consumer goods,Germany,94.9,"Index, 2021=100",92.7,29.665714285714287,32.39909090909091,0.3105036346079896,0.0,80.10809523809523,74.83909090909091
2023-08-01,MIG - durable consumer goods,Germany,94.0,"Index, 2021=100",94.9,33.52304347826087,29.665714285714287,0.2634335721723802,0.0,86.11608695652174,80.10809523809523
2023-09-01,MIG - durable consumer goods,Germany,91.6,"Index, 2021=100",94.0,36.52761904761905,33.52304347826087,0.4709271233739839,0.0,93.72238095238096,86.11608695652174
2023-10-01,MIG - durable consumer goods,Germany,90.7,"Index, 2021=100",91.6,43.264545454545456,36.52761904761905,-0.16534366151930893,0.0,90.59590909090909,93.72238095238096
2023-11-01,MIG - durable consumer goods,Germany,88.6,"Index, 2021=100",90.7,43.269090909090906,43.264545454545456,-0.571544726123262,-2.4651491943871404,82.94,90.59590909090909
2023-12-01,MIG - durable consumer goods,Germany,87.1,"Index, 2021=100",88.6,35.318571428571424,43.269090909090906,0.011208893183722398,0.0,77.87857142857143,82.94
2004-01-01,MIG - intermediate goods,Germany,80.9,"Index, 2021=100",80.9,11.36,11.36,0.44154017195044576,0.0,31.236363636363638,29.77608695652174
2004-02-01,MIG - intermediate goods,Germany,81.9,"Index, 2021=100",80.9,10.7975,11.36,-0.08581088034809001,2.694076911628696,30.8585,31.236363636363638
2004-03-01,MIG - intermediate goods,Germany,80.9,"Index, 2021=100",81.9,10.900434782608697,10.7975,0.2813203494904621,-0.667869132781252,33.63434782608696,30.8585
2004-04-01,MIG - intermediate goods,Germany,82.1,"Index, 2021=100",80.9,10.974545454545455,10.900434782608697,-0.6033863591783445,0.0,33.59090909090909,33.63434782608696
2004-05-01,MIG - intermediate goods,Germany,81.9,"Index, 2021=100",82.1,11.221904761904762,10.974545454545455,0.5969780334499486,0.0,37.56761904761905,33.59090909090909
2004-06-01,MIG - intermediate goods,Germany,82.0,"Index, 2021=100",81.9,10.607727272727272,11.221904761904762,-0.0108376887124877,-0.8697021883599181,35.18363636363636,37.56761904761905
2004-07-01,MIG - intermediate goods,Germany,82.6,"Index, 2021=100",82.0,10.656818181818181,10.607727272727272,-0.18225670383212336,0.0,38.221363636363634,35.18363636363636
2004-08-01,MIG - intermediate goods,Germany,81.7,"Index, 2021=100",82.6,12.030909090909091,10.656818181818181,0.41307128781677527,0.0,42.74409090909091,38.221363636363634
2004-09-01,MIG - intermediate goods,Germany,82.1,"Index, 2021=100",81.7,12.784999999999998,12.030909090909091,0.020228290770040784,-1.6071356282661176,43.19681818181818,42.74409090909091
2004-10-01,MIG - intermediate goods,Germany,82.5,"Index, 2021=100",82.1,12.065238095238096,12.784999999999998,0.8379242805985881,0.0,49.776666666666664,43.19681818181818
2004-11-01,MIG - intermediate goods,Germany,82.4,"Index, 2021=100",82.5,12.959545454545456,12.065238095238096,-0.22862171681724705,0.0,43.110454545454544,49.776666666666664
2004-12-01,MIG - intermediate goods,Germany,82.1,"Index, 2021=100",82.4,14.537391304347826,12.959545454545456,-0.8713033012256369,-3.1596202022297115,39.60217391304348,43.110454545454544
2005-01-01,MIG - intermediate goods,Germany,85.1,"Index, 2021=100",82.1,14.123333333333331,14.537391304347826,0.2661415106984759,2.159954265104334,44.31238095238095,39.60217391304348
2005-02-01,MIG - intermediate goods,Germany,82.6,"Index, 2021=100",85.1,16.8315,14.123333333333331,0.33553585232891664,0.0,45.475,44.31238095238095
2005-03-01,MIG - intermediate goods,Germany,82.0,"Index, 2021=100",82.6,18.585217391304347,16.8315,0.5751930208570617,3.0421593263989704,53.071739130434786,45.475
2005-04-01,MIG - intermediate goods,Germany,83.8,"Index, 2021=100",82.0,14.80857142857143,18.585217391304347,-0.5666684540474421,0.0,51.88380952380952,53.071739130434786
2005-05-01,MIG - intermediate goods,Germany,83.0,"Index, 2021=100",83.8,14.289090909090909,14.80857142857143,-0.10846214234396483,0.0,48.64545454545455,51.88380952380952
2005-06-01,MIG - intermediate goods,Germany,83.6,"Index, 2021=100",83.0,14.356363636363636,14.289090909090909,0.503989891285571,0.3374585671050337,54.35454545454545,48.64545454545455
2005-07-01,MIG - intermediate goods,Germany,85.0,"Index, 2021=100",83.6,15.540952380952382,14.356363636363636,0.563468443674944,0.0,57.52,54.35454545454545
2005-08-01,MIG - intermediate goods,Germany,83.8,"Index, 2021=100",85.0,15.107826086956523,15.540952380952382,0.718752317958703,0.0,63.98347826086956,57.52
2005-09-01,MIG - intermediate goods,Germany,84.6,"Index, 2021=100",83.8,14.746363636363638,15.107826086956523,1.1148474280757803,-1.6643240899907965,62.908181818181816,63.98347826086956
2005-10-01,MIG - intermediate goods,Germany,87.0,"Index, 2021=100",84.6,15.534761904761906,14.746363636363638,-1.0533079897254418,0.0,58.53857142857142,62.908181818181816
2005-11-01,MIG - intermediate goods,Germany,86.0,"Index, 2021=100",87.0,19.15909090909091,15.534761904761906,-1.2341397270208476,0.0,55.24181818181818,58.53857142857142
2005-12-01,MIG - intermediate goods,Germany,86.4,"Index, 2021=100",86.0,22.903636363636362,19.15909090909091,-0.03924653272715153,2.9526028347999587,56.84136363636364,55.24181818181818
2006-01-01,MIG - intermediate goods,Germany,87.0,"Index, 2021=100",86.4,25.694999999999997,22.903636363636362,0.19348656521120655,-0.15180339953147387,62.77409090909091,56.84136363636364
2006-02-01,MIG - intermediate goods,Germany,87.0,"Index, 2021=100",87.0,22.324,25.694999999999997,-0.6518974343740799,0.0,60.21,62.77409090909091
2006-03-01,MIG - intermediate goods,Germany,86.2,"Index, 2021=100",87.0,26.028260869565216,22.324,-0.07863751143875931,-1.827456416166897,62.06478260869565,60.21
2006-04-01,MIG - intermediate goods,Germany,89.1,"Index, 2021=100",86.2,21.387999999999998,26.028260869565216,0.6237237514902355,0.0,70.173,62.06478260869565
2006-05-01,MIG - intermediate goods,Germany,90.6,"Index, 2021=100",89.1,19.692608695652176,21.387999999999998,-0.3540726086115883,0.0,69.77695652173912,70.173
2006-06-01,MIG - intermediate goods,Germany,90.2,"Index, 2021=100",90.6,19.58409090909091,19.692608695652176,-0.31545669169778073,-1.1833322763183536,68.5559090909091,69.77695652173912
2006-07-01,MIG - intermediate goods,Germany,90.9,"Index, 2021=100",90.2,19.847619047619048,19.58409090909091,0.28310573574819875,0.0,73.67428571428572,68.5559090909091
2006-08-01,MIG - intermediate goods,Germany,93.3,"Index, 2021=100",90.9,17.97826086956522,19.847619047619048,-0.1782674258490434,0.0,73.2304347826087,73.67428571428572
2006-09-01,MIG - intermediate goods,Germany,92.5,"Index, 2021=100",93.3,15.951428571428572,17.97826086956522,-1.0773599355773278,-1.1265879387430244,61.95857142857143,73.2304347826087
2006-10-01,MIG - intermediate goods,Germany,92.3,"Index, 2021=100",92.5,14.200454545454546,15.951428571428572,-0.713482353040865,-1.0147867419479089,57.808181818181815,61.95857142857143
2006-11-01,MIG - intermediate goods,Germany,93.0,"Index, 2021=100",92.3,19.87272727272727,14.200454545454546,-0.6336040683167151,0.0,58.76136363636363,57.808181818181815
2006-12-01,MIG - intermediate goods,Germany,95.8,"Index, 2021=100",93.0,16.45809523809524,19.87272727272727,0.06279864252157119,1.7594994847040366,62.41952380952381,58.76136363636363
2007-01-01,MIG - intermediate goods,Germany,95.2,"Index, 2021=100",95.8,13.603478260869565,16.45809523809524,-0.8815456486489374,0.0,53.748695652173915,62.41952380952381
2007-02-01,MIG - intermediate goods,Germany,95.8,"Index, 2021=100",95.2,9.310500000000001,13.603478260869565,0.5012149220613668,0.0,57.516999999999996,53.748695652173915
2007-03-01,MIG - intermediate goods,Germany,96.1,"Index, 2021=100",95.8,10.338636363636363,9.310500000000001,0.001407425353364094,-0.689195928658093,62.05045454545455,57.516999999999996
2007-04-01,MIG - intermediate goods,Germany,95.3,"Index, 2021=100",96.1,8.91904761904762,10.338636363636363,0.23160567911181562,0.0,67.64428571428572,62.05045454545455
2007-05-01,MIG - intermediate goods,Germany,96.3,"Index, 2021=100",95.3,11.71391304347826,8.91904761904762,-0.29762578435044224,0.0,67.36478260869566,67.64428571428572
2007-06-01,MIG - intermediate goods,Germany,96.9,"Index, 2021=100",96.3,10.586190476190476,11.71391304347826,0.16535936703141824,0.0,71.04571428571428,67.36478260869566
2007-07-01,MIG - intermediate goods,Germany,96.8,"Index, 2021=100",96.9,14.946363636363635,10.586190476190476,0.18880782596297765,0.0,76.80863636363637,71.04571428571428
2007-08-01,MIG - intermediate goods,Germany,97.4,"Index, 2021=100",96.8,14.281304347826088,14.946363636363635,-0.5681005018139146,0.0,70.76086956521739,76.80863636363637
2007-09-01,MIG - intermediate goods,Germany,98.1,"Index, 2021=100",97.4,17.057,14.281304347826088,1.0001793364551819,1.1859376565060231,76.929,70.76086956521739
2007-10-01,MIG - intermediate goods,Germany,97.8,"Index, 2021=100",98.1,20.13478260869565,17.057,0.10198579635873983,0.0,82.34,76.929
2007-11-01,MIG - intermediate goods,Germany,97.6,"Index, 2021=100",97.8,22.223636363636363,20.13478260869565,0.6128810878526092,0.0,92.53045454545455,82.34
2007-12-01,MIG - intermediate goods,Germany,100.0,"Index, 2021=100",97.6,23.133333333333333,22.223636363636363,-0.28925766272037334,-0.831933850195447,90.99,92.53045454545455
2008-01-01,MIG - intermediate goods,Germany,99.6,"Index, 2021=100",100.0,24.26347826086956,23.133333333333333,-0.13761859893639725,0.0,92.13391304347826,90.99
2008-02-01,MIG - intermediate goods,Germany,100.4,"Index, 2021=100",99.6,22.760952380952382,24.26347826086956,0.2608943406309443,-2.502179452682496,95.08047619047619,92.13391304347826
2008-03-01,MIG - intermediate goods,Germany,100.5,"Index, 2021=100",100.4,23.693333333333335,22.760952380952382,1.0041522754151373,4.248635030337986,103.45190476190476,95.08047619047619
2008-04-01,MIG - intermediate goods,Germany,100.3,"Index, 2021=100",100.5,25.75318181818182,23.693333333333335,0.06105421820469373,0.0,109.07136363636364,103.45190476190476
2008-05-01,MIG - intermediate goods,Germany,98.8,"Index, 2021=100",100.3,25.01409090909091,25.75318181818182,1.3761117623094206,0.0,123.11181818181818,109.07136363636364
2008-06-01,MIG - intermediate goods,Germany,99.0,"Index, 2021=100",98.8,26.552380952380954,25.01409090909091,1.1146900143738558,0.0,132.32238095238094,123.11181818181818
2008-07-01,MIG - intermediate goods,Germany,97.9,"Index, 2021=100",99.0,25.088260869565215,26.552380952380954,0.5718559213874487,0.0,133.20652173913044,132.32238095238094
2008-08-01,MIG - intermediate goods,Germany,99.7,"Index, 2021=100",97.9,24.035238095238096,25.088260869565215,-0.46951606860925593,0.0,113.24333333333334,133.20652173913044
2008-09-01,MIG - intermediate goods,Germany,96.4,"Index, 2021=100",99.7,30.28409090909091,24.035238095238096,0.2624296377427312,-0.7550683370320911,97.97363636363637,113.24333333333334
2008-10-01,MIG - intermediate goods,Germany,94.3,"Index, 2021=100",96.4,26.14260869565217,30.28409090909091,-2.8871890830034372,-5.276020721573241,71.58217391304348,97.97363636363637
2008-11-01,MIG - intermediate goods,Germany,88.4,"Index, 2021=100",94.3,23.5355,26.14260869565217,-1.0616536689944311,0.0,52.2995,71.58217391304348
2008-12-01,MIG - intermediate goods,Germany,82.2,"Index, 2021=100",88.4,21.674347826086954,23.5355,-0.2694383119813248,-2.158283290921576,39.70782608695652,52.2995
2009-01-01,MIG - intermediate goods,Germany,76.8,"Index, 2021=100",82.2,23.224999999999998,21.674347826086954,1.9606284214617051,0.0,43.09227272727273,39.70782608695652
2009-02-01,MIG - intermediate goods,Germany,76.4,"Index, 2021=100",76.8,17.725,23.224999999999998,0.07516411002784573,0.0,43.326499999999996,43.09227272727273
2009-03-01,MIG - intermediate goods,Germany,74.9,"Index, 2021=100",76.4,12.2,17.725,1.147539934894266,1.9198599485884802,46.540454545454544,43.326499999999996
2009-04-01,MIG - intermediate goods,Germany,73.3,"Index, 2021=100",74.9,11.327272727272726,12.2,-0.6897706760210826,0.0,50.279545454545456,46.540454545454544
2009-05-01,MIG - intermediate goods,Germany,76.3,"Index, 2021=100",73.3,11.00952380952381,11.327272727272726,0.9371855413099275,2.9437593321208158,57.36904761904762,50.279545454545456
2009-06-01,MIG - intermediate goods,Germany,77.9,"Index, 2021=100",76.3,10.796818181818182,11.00952380952381,1.0697891624848404,0.0,68.60954545454545,57.36904761904762
2009-07-01,MIG - intermediate goods,Germany,78.3,"Index, 2021=100",77.9,9.393478260869566,10.796818181818182,-0.8584497443655938,0.0,64.49217391304347,68.60954545454545
2009-08-01,MIG - intermediate goods,Germany,80.5,"Index, 2021=100",78.3,8.778571428571428,9.393478260869566,1.168814769853965,0.0,72.50857142857143,64.49217391304347
2009-09-01,MIG - intermediate goods,Germany,82.7,"Index, 2021=100",80.5,9.418181818181818,8.778571428571428,0.12040182675501683,0.7555170574307397,67.56409090909091,72.50857142857143
2009-10-01,MIG - intermediate goods,Germany,83.1,"Index, 2021=100",82.7,10.340909090909092,9.418181818181818,0.8389514187941388,0.0,72.76954545454545,67.56409090909091
2009-11-01,MIG - intermediate goods,Germany,84.1,"Index, 2021=100",83.1,9.738095238095237,10.340909090909092,-0.14885123884919385,0.0,76.65761904761905,72.76954545454545
2009-12-01,MIG - intermediate goods,Germany,83.3,"Index, 2021=100",84.1,11.4,9.738095238095237,-0.8450010635890879,1.281714088367376,74.48652173913044,76.65761904761905
2010-01-01,MIG - intermediate goods,Germany,84.3,"Index, 2021=100",83.3,14.44047619047619,11.4,-0.48138524271346517,0.0,76.28285714285714,74.48652173913044
2010-02-01,MIG - intermediate goods,Germany,84.4,"Index, 2021=100",84.3,13.715,14.44047619047619,-0.21414063782099357,0.0,73.639,76.28285714285714
2010-03-01,MIG - intermediate goods,Germany,86.5,"Index, 2021=100",84.4,11.954782608695652,13.715,-0.5233596426999279,1.5544096531485574,78.82739130434783,73.639
2010-04-01,MIG - intermediate goods,Germany,89.4,"Index, 2021=100",86.5,13.493181818181819,11.954782608695652,-0.18357082280701043,0.0,84.71818181818182,78.82739130434783
2010-05-01,MIG - intermediate goods,Germany,91.6,"Index, 2021=100",89.4,16.781904761904762,13.493181818181819,-1.323271263136311,0.0,75.8052380952381,84.71818181818182
2010-06-01,MIG - intermediate goods,Germany,91.3,"Index, 2021=100",91.6,19.222727272727273,16.781904761904762,0.525869862586917,0.0,74.7609090909091,75.8052380952381
2010-07-01,MIG - intermediate goods,Germany,91.6,"Index, 2021=100",91.3,19.469545454545454,19.222727272727273,0.04754485195679738,0.0,75.40590909090909,74.7609090909091
2010-08-01,MIG - intermediate goods,Germany,93.1,"Index, 2021=100",91.6,18.13090909090909,19.469545454545454,-0.07161403937119563,0.0,77.03954545454545,75.40590909090909
2010-09-01,MIG - intermediate goods,Germany,92.9,"Index, 2021=100",93.1,18.943181818181817,18.13090909090909,-0.1487126906627298,0.0,77.71272727272728,77.03954545454545
2010-10-01,MIG - intermediate goods,Germany,94.4,"Index, 2021=100",92.9,18.497619047619047,18.943181818181817,0.7103428057964077,-0.4584134038079942,82.6647619047619,77.71272727272728
2010-11-01,MIG - intermediate goods,Germany,94.3,"Index, 2021=100",94.4,19.477272727272727,18.497619047619047,0.09961570270309454,0.0,85.24090909090908,82.6647619047619
2010-12-01,MIG - intermediate goods,Germany,93.4,"Index, 2021=100",94.3,24.09478260869565,19.477272727272727,-0.1169385540431611,1.0894693635716877,91.54173913043478,85.24090909090908
2011-01-01,MIG - intermediate goods,Germany,96.1,"Index, 2021=100",93.4,22.343809523809526,24.09478260869565,-0.13316626923827257,0.0,96.58714285714285,91.54173913043478
2011-02-01,MIG - intermediate goods,Germany,96.7,"Index, 2021=100",96.1,21.761,22.343809523809526,0.1062714600527813,0.0,103.6405,96.58714285714285
2011-03-01,MIG - intermediate goods,Germany,97.1,"Index, 2021=100",96.7,23.722608695652173,21.761,1.0735774048683804,0.0,114.64347826086957,103.6405
2011-04-01,MIG - intermediate goods,Germany,97.9,"Index, 2021=100",97.1,22.854761904761904,23.722608695652173,0.9191065185128502,0.0,123.45380952380954,114.64347826086957
2011-05-01,MIG - intermediate goods,Germany,97.9,"Index, 2021=100",97.9,22.989545454545453,22.854761904761904,-0.754449697870264,0.0,114.98272727272727,123.45380952380954
2011-06-01,MIG - intermediate goods,Germany,97.5,"Index, 2021=100",97.9,22.613636363636363,22.989545454545453,-0.5053044665651589,1.5367288900477356,113.83318181818181,114.98272727272727
2011-07-01,MIG - intermediate goods,Germany,99.2,"Index, 2021=100",97.5,21.51142857142857,22.613636363636363,-0.18652846565540906,0.0,116.63285714285715,113.83318181818181
2011-08-01,MIG - intermediate goods,Germany,99.2,"Index, 2021=100",99.2,21.93565217391304,21.51142857142857,-1.0228125161863917,0.0,110.3095652173913,116.63285714285715
2011-09-01,MIG - intermediate goods,Germany,97.3,"Index, 2021=100",99.2,23.39363636363636,21.93565217391304,0.43959634290727284,0.0,112.9740909090909,110.3095652173913
2011-10-01,MIG - intermediate goods,Germany,97.7,"Index, 2021=100",97.3,22.554761904761904,23.39363636363636,-0.15278013183668757,0.0,109.55000000000001,112.9740909090909
2011-11-01,MIG - intermediate goods,Germany,97.0,"Index, 2021=100",97.7,23.736363636363638,22.554761904761904,0.8939539270283243,0.0,110.58909090909091,109.55000000000001
2011-12-01,MIG - intermediate goods,Germany,95.2,"Index, 2021=100",97.0,22.296818181818182,23.736363636363638,-0.356458994127559,-4.916568331324604,107.99863636363635,110.58909090909091
2012-01-01,MIG - intermediate goods,Germany,95.8,"Index, 2021=100",95.2,21.865454545454543,22.296818181818182,0.20632540358179952,0.0,110.53136363636364,107.99863636363635
2012-02-01,MIG - intermediate goods,Germany,95.7,"Index, 2021=100",95.8,25.41142857142857,21.865454545454543,-0.029054799009691847,0.0,119.39190476190477,110.53136363636364
2012-03-01,MIG - intermediate goods,Germany,95.9,"Index, 2021=100",95.7,23.80727272727273,25.41142857142857,0.784751689386223,0.0,125.44545454545455,119.39190476190477
2012-04-01,MIG - intermediate goods,Germany,95.9,"Index, 2021=100",95.9,24.78952380952381,23.80727272727273,0.24063874434988755,0.0,120.05666666666667,125.44545454545455
2012-05-01,MIG - intermediate goods,Germany,96.5,"Index, 2021=100",95.9,24.196521739130436,24.78952380952381,-0.3856336478636065,0.0,110.2891304347826,120.05666666666667
2012-06-01,MIG - intermediate goods,Germany,96.2,"Index, 2021=100",96.5,23.673333333333332,24.196521739130436,-0.36812562156261563,1.490841835031829,95.15571428571428,110.2891304347826
2012-07-01,MIG - intermediate goods,Germany,96.3,"Index, 2021=100",96.2,24.332727272727276,23.673333333333332,0.6703576310954897,0.0,102.49454545454546,95.15571428571428
2012-08-01,MIG - intermediate goods,Germany,96.0,"Index, 2021=100",96.3,24.05652173913043,24.332727272727276,0.889111873743037,0.0,113.35608695652174,102.49454545454546
2012-09-01,MIG - intermediate goods,Germany,94.8,"Index, 2021=100",96.0,25.825499999999998,24.05652173913043,0.366716761812549,0.0,112.917,113.35608695652174
2012-10-01,MIG - intermediate goods,Germany,94.3,"Index, 2021=100",94.8,26.702173913043477,25.825499999999998,-0.2515652750980356,0.0,111.7108695652174,112.917
2012-11-01,MIG - intermediate goods,Germany,93.1,"Index, 2021=100",94.3,27.24909090909091,26.702173913043477,-0.07773850880404555,0.0,109.13818181818182,111.7108695652174
2012-12-01,MIG - intermediate goods,Germany,92.7,"Index, 2021=100",93.1,27.22333333333333,27.24909090909091,-0.28562219812972955,0.9944110031743462,109.44380952380953,109.13818181818182
2013-01-01,MIG - intermediate goods,Germany,93.4,"Index, 2021=100",92.7,26.51782608695652,27.22333333333333,0.31250565033261724,0.0,112.81173913043479,109.44380952380953
2013-02-01,MIG - intermediate goods,Germany,92.9,"Index, 2021=100",93.4,26.3165,26.51782608695652,0.16430715373994836,0.0,116.11800000000001,112.81173913043479
2013-03-01,MIG - intermediate goods,Germany,94.6,"Index, 2021=100",92.9,32.31666666666666,26.3165,-0.383542027094866,0.0,108.47333333333333,116.11800000000001
2013-04-01,MIG - intermediate goods,Germany,93.9,"Index, 2021=100",94.6,28.575,32.31666666666666,-0.25921885392347294,0.0,102.24818181818182,108.47333333333333
2013-05-01,MIG - intermediate goods,Germany,95.2,"Index, 2021=100",93.9,26.73304347826087,28.575,0.16248527258302423,-1.3607161850187028,102.50130434782609,102.24818181818182
2013-06-01,MIG - intermediate goods,Germany,95.5,"Index, 2021=100",95.2,26.23,26.73304347826087,0.1894274611148,0.0,102.9195,102.50130434782609
2013-07-01,MIG - intermediate goods,Germany,95.3,"Index, 2021=100",95.5,26.070434782608697,26.23,0.6182980381651376,0.0,107.85434782608696,102.9195
2013-08-01,MIG - intermediate goods,Germany,95.2,"Index, 2021=100",95.3,25.55181818181818,26.070434782608697,-0.07052223294410298,0.0,111.28045454545455,107.85434782608696
2013-09-01,MIG - intermediate goods,Germany,95.6,"Index, 2021=100",95.2,26.478571428571428,25.55181818181818,0.06362224893820845,0.0,111.8047619047619,111.28045454545455
2013-10-01,MIG - intermediate goods,Germany,96.4,"Index, 2021=100",95.6,25.868695652173916,26.478571428571428,0.13725652508100525,0.0,109.07652173913044,111.8047619047619
2013-11-01,MIG - intermediate goods,Germany,96.8,"Index, 2021=100",96.4,27.18047619047619,25.868695652173916,-0.11144201084991862,0.0,107.96,109.07652173913044
2013-12-01,MIG - intermediate goods,Germany,97.1,"Index, 2021=100",96.8,27.702727272727273,27.18047619047619,0.6426503974155726,1.006536826380158,110.79363636363637,107.96
2014-01-01,MIG - intermediate goods,Germany,96.9,"Index, 2021=100",97.1,26.253913043478263,27.702727272727273,-0.19812368810882713,0.0,108.19739130434782,110.79363636363637
2014-02-01,MIG - intermediate goods,Germany,97.6,"Index, 2021=100",96.9,23.849,26.253913043478263,-0.044531303873754494,0.0,108.88700000000001,108.19739130434782
2014-03-01,MIG - intermediate goods,Germany,97.5,"Index, 2021=100",97.6,22.767142857142858,23.849,0.0514680128382354,0.0,107.48095238095237,108.88700000000001
2014-04-01,MIG - intermediate goods,Germany,97.5,"Index, 2021=100",97.5,20.423181818181817,22.767142857142858,-0.018508882722691297,0.0,107.84772727272728,107.48095238095237
2014-05-01,MIG - intermediate goods,Germany,95.8,"Index, 2021=100",97.5,19.08818181818182,20.423181818181817,0.10496074182617701,0.0,109.53909090909092,107.84772727272728
2014-06-01,MIG - intermediate goods,Germany,96.4,"Index, 2021=100",95.8,17.39190476190476,19.08818181818182,0.3545000070992207,0.42851134062250246,111.79523809523809,109.53909090909092
2014-07-01,MIG - intermediate goods,Germany,97.3,"Index, 2021=100",96.4,16.50565217391304,17.39190476190476,-0.4381447112306579,0.0,106.86434782608696,111.79523809523809
2014-08-01,MIG - intermediate goods,Germany,95.7,"Index, 2021=100",97.3,17.497142857142858,16.50565217391304,0.08722188445673984,0.0,101.60809523809523,106.86434782608696
2014-09-01,MIG - intermediate goods,Germany,96.1,"Index, 2021=100",95.7,20.74863636363636,17.497142857142858,-0.16107172026645272,0.0,97.27454545454545,101.60809523809523
2014-10-01,MIG - intermediate goods,Germany,96.6,"Index, 2021=100",96.1,21.268260869565218,20.74863636363636,-0.2764119863445895,0.0,87.42521739130434,97.27454545454545
2014-11-01,MIG - intermediate goods,Germany,96.3,"Index, 2021=100",96.6,22.978,21.268260869565218,-0.9869169148213338,-9.796069628596289,79.3355,87.42521739130434
2014-12-01,MIG - intermediate goods,Germany,97.8,"Index, 2021=100",96.3,22.520869565217392,22.978,-1.2412203634377712,0.0,62.17565217391304,79.3355
2015-01-01,MIG - intermediate goods,Germany,96.1,"Index, 2021=100",97.8,19.755,22.520869565217392,-1.689378075003543,0.0,48.08363636363636,62.17565217391304
2015-02-01,MIG - intermediate goods,Germany,96.2,"Index, 2021=100",96.1,22.566,19.755,1.030226324080852,0.0,58.0955,48.08363636363636
2015-03-01,MIG - intermediate goods,Germany,96.3,"Index, 2021=100",96.2,21.856818181818184,22.566,-0.2471285840319799,0.0,55.88545454545454,58.0955
2015-04-01,MIG - intermediate goods,Germany,97.0,"Index, 2021=100",96.3,22.078181818181818,21.856818181818184,0.7630852782137214,0.0,59.35181818181818,55.88545454545454
2015-05-01,MIG - intermediate goods,Germany,96.7,"Index, 2021=100",97.0,20.548571428571428,22.078181818181818,0.9306750388082086,0.0,64.1047619047619,59.35181818181818
2015-06-01,MIG - intermediate goods,Germany,97.8,"Index, 2021=100",96.7,20.520454545454545,20.548571428571428,-0.3949488388902102,2.4056171564772404,61.47772727272727,64.1047619047619
2015-07-01,MIG - intermediate goods,Germany,97.3,"Index, 2021=100",97.8,20.858260869565218,20.520454545454545,-0.8969936335129175,0.0,56.56130434782609,61.47772727272727
2015-08-01,MIG - intermediate goods,Germany,96.5,"Index, 2021=100",97.3,19.576190476190476,20.858260869565218,-0.6689537169882939,0.0,46.58428571428571,56.56130434782609
2015-09-01,MIG - intermediate goods,Germany,96.7,"Index, 2021=100",96.5,19.16,19.576190476190476,0.4134260838296521,0.0,47.62318181818182,46.58428571428571
2015-10-01,MIG - intermediate goods,Germany,96.1,"Index, 2021=100",96.7,18.243636363636366,19.16,-0.17098247375992967,0.0,48.43,47.62318181818182
2015-11-01,MIG - intermediate goods,Germany,96.7,"Index, 2021=100",96.1,17.202380952380953,18.243636363636366,-0.3748783969247207,0.0,44.26761904761905,48.43
2015-12-01,MIG - intermediate goods,Germany,97.3,"Index, 2021=100",96.7,15.640869565217391,17.202380952380953,-0.7698627351357819,-1.9668139100704445,37.97130434782609,44.26761904761905
2016-01-01,MIG - intermediate goods,Germany,97.5,"Index, 2021=100",97.3,13.904285714285715,15.640869565217391,-1.2929579520638326,0.0,30.98095238095238,37.97130434782609
2016-02-01,MIG - intermediate goods,Germany,98.6,"Index, 2021=100",97.5,12.476666666666667,13.904285714285715,-0.22939651791615284,0.0,32.163333333333334,30.98095238095238
2016-03-01,MIG - intermediate goods,Germany,97.0,"Index, 2021=100",98.6,12.267826086956523,12.476666666666667,0.9962287899781237,0.0,38.21565217391304,32.163333333333334
2016-04-01,MIG - intermediate goods,Germany,97.6,"Index, 2021=100",97.0,11.979999999999999,12.267826086956523,-0.15187983491624749,0.0,41.583333333333336,38.21565217391304
2016-05-01,MIG - intermediate goods,Germany,97.1,"Index, 2021=100",97.6,13.04090909090909,11.979999999999999,0.6792464128472383,0.0,46.84909090909091,41.583333333333336
2016-06-01,MIG - intermediate goods,Germany,97.6,"Index, 2021=100",97.1,14.41590909090909,13.04090909090909,-0.1770446016289529,0.582575139176583,48.24727272727273,46.84909090909091
2016-07-01,MIG - intermediate goods,Germany,97.0,"Index, 2021=100",97.6,14.241904761904761,14.41590909090909,-0.4528878840711025,0.0,44.951904761904764,48.24727272727273
2016-08-01,MIG - intermediate goods,Germany,98.1,"Index, 2021=100",97.0,11.980869565217391,14.241904761904761,0.1189274105169856,0.0,45.843043478260874,44.951904761904764
2016-09-01,MIG - intermediate goods,Germany,98.4,"Index, 2021=100",98.1,12.282272727272726,11.980869565217391,0.24870447283671346,1.4727297897900193,46.567727272727275,45.843043478260874
2016-10-01,MIG - intermediate goods,Germany,97.9,"Index, 2021=100",98.4,16.093809523809526,12.282272727272726,0.41093056832079616,0.0,49.522380952380956,46.567727272727275
2016-11-01,MIG - intermediate goods,Germany,98.4,"Index, 2021=100",97.9,17.90590909090909,16.093809523809526,-0.5793797051617606,7.91404059403762,44.73409090909091,49.522380952380956
2016-12-01,MIG - intermediate goods,Germany,97.6,"Index, 2021=100",98.4,17.689545454545456,17.90590909090909,0.7086845393102761,2.0404579621780123,53.365,44.73409090909091
2017-01-01,MIG - intermediate goods,Germany,98.2,"Index, 2021=100",97.6,20.12272727272727,17.689545454545456,0.08901653408704874,0.0,54.59409090909091,53.365
2017-02-01,MIG - intermediate goods,Germany,98.9,"Index, 2021=100",98.2,19.553,20.12272727272727,-0.03179032404754296,0.0,54.8695,54.59409090909091
2017-03-01,MIG - intermediate goods,Germany,99.0,"Index, 2021=100",98.9,15.799130434782608,19.553,-1.4425063041961181,0.0,51.589130434782604,54.8695
2017-04-01,MIG - intermediate goods,Germany,101.1,"Index, 2021=100",99.0,16.058,15.799130434782608,0.21703780157455996,0.0,52.44500000000001,51.589130434782604
2017-05-01,MIG - intermediate goods,Germany,100.5,"Index, 2021=100",101.1,15.669130434782607,16.058,-0.8328997339371286,-4.41644778310952,50.326521739130435,52.44500000000001
2017-06-01,MIG - intermediate goods,Germany,101.0,"Index, 2021=100",100.5,15.134545454545453,15.669130434782607,-0.26420964099602673,0.0,46.36818181818182,50.326521739130435
2017-07-01,MIG - intermediate goods,Germany,102.5,"Index, 2021=100",101.0,15.095714285714285,15.134545454545453,-0.1449934034705647,0.0,48.47857142857143,46.36818181818182
2017-08-01,MIG - intermediate goods,Germany,103.4,"Index, 2021=100",102.5,15.99304347826087,15.095714285714285,-0.1520757414392232,0.0,51.70434782608696,48.47857142857143
2017-09-01,MIG - intermediate goods,Germany,103.4,"Index, 2021=100",103.4,17.302857142857142,15.99304347826087,0.32443706724488564,0.0,56.152857142857144,51.70434782608696
2017-10-01,MIG - intermediate goods,Germany,102.3,"Index, 2021=100",103.4,17.10363636363636,17.302857142857142,-0.3486109778555899,0.0,57.50772727272727,56.152857142857144
2017-11-01,MIG - intermediate goods,Germany,105.1,"Index, 2021=100",102.3,19.57090909090909,17.10363636363636,0.12556813519738738,0.21630901693183507,62.71409090909091,57.50772727272727
2017-12-01,MIG - intermediate goods,Germany,105.3,"Index, 2021=100",105.1,20.795238095238094,19.57090909090909,-0.1117328946322315,0.0,64.39619047619047,62.71409090909091
2018-01-01,MIG - intermediate goods,Germany,102.9,"Index, 2021=100",105.3,18.6,20.795238095238094,0.7325011228803984,0.0,68.97521739130435,64.39619047619047
2018-02-01,MIG - intermediate goods,Germany,101.8,"Index, 2021=100",102.9,21.679,18.6,-0.5046465050387093,0.0,65.3175,68.97521739130435
2018-03-01,MIG - intermediate goods,Germany,101.7,"Index, 2021=100",101.8,23.622727272727275,21.679,-0.10225293145429594,0.0,66.1531818181818,65.3175
2018-04-01,MIG - intermediate goods,Germany,101.6,"Index, 2021=100",101.7,19.645238095238096,23.622727272727275,0.47425564352743266,0.0,71.95904761904762,66.1531818181818
2018-05-01,MIG - intermediate goods,Germany,103.9,"Index, 2021=100",101.6,21.566086956521737,19.645238095238096,0.5388658853656386,0.0,76.86217391304348,71.95904761904762
2018-06-01,MIG - intermediate goods,Germany,103.5,"Index, 2021=100",103.9,21.92761904761905,21.566086956521737,-0.5831886971683538,-0.4130092757360921,74.4047619047619,76.86217391304348
2018-07-01,MIG - intermediate goods,Germany,102.6,"Index, 2021=100",103.5,22.253636363636364,21.92761904761905,0.5294960350409211,0.0,74.2540909090909,74.4047619047619
2018-08-01,MIG - intermediate goods,Germany,102.8,"Index, 2021=100",102.6,23.94347826086957,22.253636363636364,-0.20893271379353645,0.0,72.52826086956522,74.2540909090909
2018-09-01,MIG - intermediate goods,Germany,102.2,"Index, 2021=100",102.8,27.837,23.94347826086957,0.6564596940208821,0.0,78.89099999999999,72.52826086956522
2018-10-01,MIG - intermediate goods,Germany,102.0,"Index, 2021=100",102.2,25.539565217391303,27.837,0.12149689586130322,0.0,81.03217391304348,78.89099999999999
2018-11-01,MIG - intermediate goods,Germany,101.0,"Index, 2021=100",102.0,24.633636363636366,25.539565217391303,-1.3685992177175907,0.0,64.74818181818182,81.03217391304348
2018-12-01,MIG - intermediate goods,Germany,101.1,"Index, 2021=100",101.0,23.666190476190476,24.633636363636366,-0.2447966896801907,2.07348679679867,56.26285714285714,64.74818181818182
2019-01-01,MIG - intermediate goods,Germany,101.5,"Index, 2021=100",101.1,21.39782608695652,23.666190476190476,0.35962477880472876,0.0,59.025217391304345,56.26285714285714
2019-02-01,MIG - intermediate goods,Germany,100.0,"Index, 2021=100",101.5,18.0035,21.39782608695652,0.1517462342010795,0.0,63.9605,59.025217391304345
2019-03-01,MIG - intermediate goods,Germany,101.1,"Index, 2021=100",100.0,15.697619047619046,18.0035,-0.17808513427363806,0.0,66.13857142857144,63.9605
2019-04-01,MIG - intermediate goods,Germany,99.8,"Index, 2021=100",101.1,15.041818181818183,15.697619047619046,0.3628493694964929,0.0,71.20954545454545,66.13857142857144
2019-05-01,MIG - intermediate goods,Germany,99.3,"Index, 2021=100",99.8,13.298695652173913,15.041818181818183,-0.7347359961140314,0.0,71.17260869565217,71.20954545454545
2019-06-01,MIG - intermediate goods,Germany,98.1,"Index, 2021=100",99.3,10.5225,13.298695652173913,-0.33975076992957615,0.0,64.2205,71.17260869565217
2019-07-01,MIG - intermediate goods,Germany,98.2,"Index, 2021=100",98.1,10.941304347826087,10.5225,0.3395291323618024,-4.251048097619388,63.9191304347826,64.2205
2019-08-01,MIG - intermediate goods,Germany,98.4,"Index, 2021=100",98.2,10.029545454545454,10.941304347826087,-0.3748389650611249,0.0,59.041818181818186,63.9191304347826
2019-09-01,MIG - intermediate goods,Germany,97.6,"Index, 2021=100",98.4,9.568095238095239,10.029545454545454,0.48197852185687173,0.0,62.826666666666675,59.041818181818186
2019-10-01,MIG - intermediate goods,Germany,98.2,"Index, 2021=100",97.6,10.30913043478261,9.568095238095239,-0.3400181888327622,0.0,59.71304347826087,62.826666666666675
2019-11-01,MIG - intermediate goods,Germany,97.2,"Index, 2021=100",98.2,14.763809523809524,10.30913043478261,0.4635132466348744,0.0,63.21190476190476,59.71304347826087
2019-12-01,MIG - intermediate goods,Germany,94.5,"Index, 2021=100",97.2,13.031363636363636,14.763809523809524,0.4622502963974788,1.090508505035817,67.31,63.21190476190476
2020-01-01,MIG - intermediate goods,Germany,98.8,"Index, 2021=100",94.5,11.144782608695651,13.031363636363636,1.4414572982744303,0.0,63.82478260869566,67.31
2020-02-01,MIG - intermediate goods,Germany,99.8,"Index, 2021=100",98.8,9.3725,11.144782608695651,-0.8114535624060095,0.0,55.702,63.82478260869566
2020-03-01,MIG - intermediate goods,Germany,93.5,"Index, 2021=100",99.8,8.622727272727273,9.3725,-1.9239758097171007,-8.007737426749562,31.993636363636366,55.702
2020-04-01,MIG - intermediate goods,Germany,79.8,"Index, 2021=100",93.5,6.54,8.622727272727273,1.3138212739143362,3.0940649462160628,18.546818181818182,31.993636363636366
2020-05-01,MIG - intermediate goods,Germany,80.9,"Index, 2021=100",79.8,4.575714285714286,6.54,0.7414620048035757,0.0,29.344285714285714,18.546818181818182
2020-06-01,MIG - intermediate goods,Germany,85.3,"Index, 2021=100",80.9,4.991818181818181,4.575714285714286,-0.674179631293128,-3.149840310433884,40.26681818181818,29.344285714285714
2020-07-01,MIG - intermediate goods,Germany,88.4,"Index, 2021=100",85.3,4.879565217391304,4.991818181818181,-0.07202838847948002,0.0,43.24217391304348,40.26681818181818
2020-08-01,MIG - intermediate goods,Germany,91.2,"Index, 2021=100",88.4,7.533333333333333,4.879565217391304,-0.7379957308695794,0.0,44.75904761904762,43.24217391304348
2020-09-01,MIG - intermediate goods,Germany,92.8,"Index, 2021=100",91.2,11.161818181818182,7.533333333333333,-0.5826109751692493,0.0,40.90954545454545,44.75904761904762
2020-10-01,MIG - intermediate goods,Germany,96.1,"Index, 2021=100",92.8,13.955454545454545,11.161818181818182,-0.291036694449014,0.0,40.18954545454546,40.90954545454545
2020-11-01,MIG - intermediate goods,Germany,98.2,"Index, 2021=100",96.1,13.794285714285715,13.955454545454545,-0.1676225177801478,0.0,42.69238095238095,40.18954545454546
2020-12-01,MIG - intermediate goods,Germany,99.5,"Index, 2021=100",98.2,16.34565217391304,13.794285714285715,-0.06503074006202851,0.563137829641395,50.03217391304348,42.69238095238095
2021-01-01,MIG - intermediate goods,Germany,100.8,"Index, 2021=100",99.5,20.476190476190474,16.34565217391304,-0.5778110950222807,3.899417998430563,54.60476190476191,50.03217391304348
2021-02-01,MIG - intermediate goods,Germany,97.6,"Index, 2021=100",100.8,17.4085,20.476190476190474,0.26866362438390906,0.0,62.2765,54.60476190476191
2021-03-01,MIG - intermediate goods,Germany,100.3,"Index, 2021=100",97.6,17.795217391304348,17.4085,0.3009824618650811,3.5419347237958796,65.41,62.2765
2021-04-01,MIG - intermediate goods,Germany,100.4,"Index, 2021=100",100.3,20.775454545454547,17.795217391304348,0.5129892999970512,5.991632222929873,64.71954545454545,65.41
2021-05-01,MIG - intermediate goods,Germany,101.4,"Index, 2021=100",100.4,25.285238095238096,20.775454545454547,0.8992703670969532,0.0,68.5352380952381,64.71954545454545
2021-06-01,MIG - intermediate goods,Germany,100.3,"Index, 2021=100",101.4,29.238636363636363,25.285238095238096,0.36360474028399664,2.2925007532095663,73.1640909090909,68.5352380952381
2021-07-01,MIG - intermediate goods,Germany,100.4,"Index, 2021=100",100.3,36.13954545454545,29.238636363636363,0.019142986170709916,-9.851298268875022,75.1659090909091,73.1640909090909
2021-08-01,MIG - intermediate goods,Germany,97.5,"Index, 2021=100",100.4,44.30409090909091,36.13954545454545,-0.3147083142103972,0.0,70.81590909090909,75.1659090909091
2021-09-01,MIG - intermediate goods,Germany,97.7,"Index, 2021=100",97.5,64.45363636363636,44.30409090909091,1.015760795186652,0.4390282348823775,74.48863636363636,70.81590909090909
2021-10-01,MIG - intermediate goods,Germany,98.2,"Index, 2021=100",97.7,87.69238095238094,64.45363636363636,0.7705932795655408,2.361261487325598,83.53809523809524,74.48863636363636
2021-11-01,MIG - intermediate goods,Germany,98.8,"Index, 2021=100",98.2,81.92136363636364,87.69238095238094,-0.5218341421272874,-1.0130750354233125,81.05,83.53809523809524
2021-12-01,MIG - intermediate goods,Germany,99.9,"Index, 2021=100",98.8,112.80739130434783,81.92136363636364,-0.49656758152090014,1.7069751201240932,74.26347826086956,81.05
2022-01-01,MIG - intermediate goods,Germany,100.8,"Index, 2021=100",99.9,84.06952380952382,112.80739130434783,0.8522287791057341,1.4985078326623733,86.50523809523808,74.26347826086956
2022-02-01,MIG - intermediate goods,Germany,99.8,"Index, 2021=100",100.8,81.164,84.06952380952382,0.20967705216092372,0.6492342056890332,97.12899999999999,86.50523809523808
2022-03-01,MIG - intermediate goods,Germany,97.2,"Index, 2021=100",99.8,129.18304347826088,81.164,1.1589724435645128,1.020230642989599,117.24521739130434,97.12899999999999
2022-04-01,MIG - intermediate goods,Germany,97.8,"Index, 2021=100",97.2,101.06238095238095,129.18304347826088,-0.41804567878166843,0.0,105.17095238095239,117.24521739130434
2022-05-01,MIG - intermediate goods,Germany,97.6,"Index, 2021=100",97.8,88.58863636363637,101.06238095238095,0.8079062673307621,0.4644825107300398,113.11136363636363,105.17095238095239
2022-06-01,MIG - intermediate goods,Germany,97.1,"Index, 2021=100",97.6,106.29454545454546,88.58863636363637,0.2666071424046354,-2.121493222584776,122.68772727272727,113.11136363636363
2022-07-01,MIG - intermediate goods,Germany,96.9,"Index, 2021=100",97.1,171.41666666666666,106.29454545454546,-1.5284523643533043,0.0,111.92571428571429,122.68772727272727
2022-08-01,MIG - intermediate goods,Germany,95.0,"Index, 2021=100",96.9,235.68391304347824,171.41666666666666,-0.8625649365210946,-2.904996658248558,100.47608695652173,111.92571428571429
2022-09-01,MIG - intermediate goods,Germany,95.7,"Index, 2021=100",95.0,190.24181818181816,235.68391304347824,-0.6092331240191604,0.5554531127177963,89.74954545454545,100.47608695652173
2022-10-01,MIG - intermediate goods,Germany,93.9,"Index, 2021=100",95.7,72.15047619047618,190.24181818181816,0.8249900068007756,2.4641871317219377,93.33190476190477,89.74954545454545
2022-11-01,MIG - intermediate goods,Germany,94.5,"Index, 2021=100",93.9,96.28181818181817,72.15047619047618,-0.31727729228827767,0.0,91.41545454545455,93.33190476190477
2022-12-01,MIG - intermediate goods,Germany,88.2,"Index, 2021=100",94.5,113.99181818181819,96.28181818181817,-0.5175798710392452,-2.8790551863806995,81.06272727272727,91.41545454545455
2023-01-01,MIG - intermediate goods,Germany,93.8,"Index, 2021=100",88.2,63.004090909090905,113.99181818181819,0.16272770514393026,0.0,82.51590909090909,81.06272727272727
2023-02-01,MIG - intermediate goods,Germany,94.0,"Index, 2021=100",93.8,53.352999999999994,63.004090909090905,-0.3578309492217428,0.0,82.58500000000001,82.51590909090909
2023-03-01,MIG - intermediate goods,Germany,92.2,"Index, 2021=100",94.0,44.18782608695652,53.352999999999994,-0.5444578687975978,0.0,78.43434782608696,82.58500000000001
2023-04-01,MIG - intermediate goods,Germany,91.5,"Index, 2021=100",92.2,42.585,44.18782608695652,0.7779760977112515,0.0,84.8305,78.43434782608696
2023-05-01,MIG - intermediate goods,Germany,91.7,"Index, 2021=100",91.5,31.335652173913044,42.585,-0.9911199872566404,0.0,75.77478260869565,84.8305
2023-06-01,MIG - intermediate goods,Germany,91.1,"Index, 2021=100",91.7,32.39909090909091,31.335652173913044,0.10438583996063543,0.4626838105740375,74.83909090909091,75.77478260869565
2023-07-01,MIG - intermediate goods,Germany,90.6,"Index, 2021=100",91.1,29.665714285714287,32.39909090909091,0.3105036346079896,0.0,80.10809523809523,74.83909090909091
2023-08-01,MIG - intermediate goods,Germany,90.5,"Index, 2021=100",90.6,33.52304347826087,29.665714285714287,0.2634335721723802,0.0,86.11608695652174,80.10809523809523
2023-09-01,MIG - intermediate goods,Germany,90.0,"Index, 2021=100",90.5,36.52761904761905,33.52304347826087,0.4709271233739839,0.0,93.72238095238096,86.11608695652174
2023-10-01,MIG - intermediate goods,Germany,88.9,"Index, 2021=100",90.0,43.264545454545456,36.52761904761905,-0.16534366151930893,0.0,90.59590909090909,93.72238095238096
2023-11-01,MIG - intermediate goods,Germany,88.6,"Index, 2021=100",88.9,43.269090909090906,43.264545454545456,-0.571544726123262,-2.4651491943871404,82.94,90.59590909090909
2023-12-01,MIG - intermediate goods,Germany,84.3,"Index, 2021=100",88.6,35.318571428571424,43.269090909090906,0.011208893183722398,0.0,77.87857142857143,82.94
2004-01-01,MIG - non-durable consumer goods,Germany,91.5,"Index, 2021=100",91.5,11.36,11.36,0.44154017195044576,0.0,31.236363636363638,29.77608695652174
2004-02-01,MIG - non-durable consumer goods,Germany,91.5,"Index, 2021=100",91.5,10.7975,11.36,-0.08581088034809001,2.694076911628696,30.8585,31.236363636363638
2004-03-01,MIG - non-durable consumer goods,Germany,90.5,"Index, 2021=100",91.5,10.900434782608697,10.7975,0.2813203494904621,-0.667869132781252,33.63434782608696,30.8585
2004-04-01,MIG - non-durable consumer goods,Germany,91.8,"Index, 2021=100",90.5,10.974545454545455,10.900434782608697,-0.6033863591783445,0.0,33.59090909090909,33.63434782608696
2004-05-01,MIG - non-durable consumer goods,Germany,90.4,"Index, 2021=100",91.8,11.221904761904762,10.974545454545455,0.5969780334499486,0.0,37.56761904761905,33.59090909090909
2004-06-01,MIG - non-durable consumer goods,Germany,91.8,"Index, 2021=100",90.4,10.607727272727272,11.221904761904762,-0.0108376887124877,-0.8697021883599181,35.18363636363636,37.56761904761905
2004-07-01,MIG - non-durable consumer goods,Germany,92.3,"Index, 2021=100",91.8,10.656818181818181,10.607727272727272,-0.18225670383212336,0.0,38.221363636363634,35.18363636363636
2004-08-01,MIG - non-durable consumer goods,Germany,91.2,"Index, 2021=100",92.3,12.030909090909091,10.656818181818181,0.41307128781677527,0.0,42.74409090909091,38.221363636363634
2004-09-01,MIG - non-durable consumer goods,Germany,91.0,"Index, 2021=100",91.2,12.784999999999998,12.030909090909091,0.020228290770040784,-1.6071356282661176,43.19681818181818,42.74409090909091
2004-10-01,MIG - non-durable consumer goods,Germany,91.3,"Index, 2021=100",91.0,12.065238095238096,12.784999999999998,0.8379242805985881,0.0,49.776666666666664,43.19681818181818
2004-11-01,MIG - non-durable consumer goods,Germany,92.1,"Index, 2021=100",91.3,12.959545454545456,12.065238095238096,-0.22862171681724705,0.0,43.110454545454544,49.776666666666664
2004-12-01,MIG - non-durable consumer goods,Germany,92.5,"Index, 2021=100",92.1,14.537391304347826,12.959545454545456,-0.8713033012256369,-3.1596202022297115,39.60217391304348,43.110454545454544
2005-01-01,MIG - non-durable consumer goods,Germany,92.8,"Index, 2021=100",92.5,14.123333333333331,14.537391304347826,0.2661415106984759,2.159954265104334,44.31238095238095,39.60217391304348
2005-02-01,MIG - non-durable consumer goods,Germany,93.7,"Index, 2021=100",92.8,16.8315,14.123333333333331,0.33553585232891664,0.0,45.475,44.31238095238095
2005-03-01,MIG - non-durable consumer goods,Germany,94.2,"Index, 2021=100",93.7,18.585217391304347,16.8315,0.5751930208570617,3.0421593263989704,53.071739130434786,45.475
2005-04-01,MIG - non-durable consumer goods,Germany,93.4,"Index, 2021=100",94.2,14.80857142857143,18.585217391304347,-0.5666684540474421,0.0,51.88380952380952,53.071739130434786
2005-05-01,MIG - non-durable consumer goods,Germany,94.4,"Index, 2021=100",93.4,14.289090909090909,14.80857142857143,-0.10846214234396483,0.0,48.64545454545455,51.88380952380952
2005-06-01,MIG - non-durable consumer goods,Germany,94.6,"Index, 2021=100",94.4,14.356363636363636,14.289090909090909,0.503989891285571,0.3374585671050337,54.35454545454545,48.64545454545455
2005-07-01,MIG - non-durable consumer goods,Germany,96.5,"Index, 2021=100",94.6,15.540952380952382,14.356363636363636,0.563468443674944,0.0,57.52,54.35454545454545
2005-08-01,MIG - non-durable consumer goods,Germany,95.3,"Index, 2021=100",96.5,15.107826086956523,15.540952380952382,0.718752317958703,0.0,63.98347826086956,57.52
2005-09-01,MIG - non-durable consumer goods,Germany,95.9,"Index, 2021=100",95.3,14.746363636363638,15.107826086956523,1.1148474280757803,-1.6643240899907965,62.908181818181816,63.98347826086956
2005-10-01,MIG - non-durable consumer goods,Germany,98.3,"Index, 2021=100",95.9,15.534761904761906,14.746363636363638,-1.0533079897254418,0.0,58.53857142857142,62.908181818181816
2005-11-01,MIG - non-durable consumer goods,Germany,96.4,"Index, 2021=100",98.3,19.15909090909091,15.534761904761906,-1.2341397270208476,0.0,55.24181818181818,58.53857142857142
2005-12-01,MIG - non-durable consumer goods,Germany,94.4,"Index, 2021=100",96.4,22.903636363636362,19.15909090909091,-0.03924653272715153,2.9526028347999587,56.84136363636364,55.24181818181818
2006-01-01,MIG - non-durable consumer goods,Germany,95.7,"Index, 2021=100",94.4,25.694999999999997,22.903636363636362,0.19348656521120655,-0.15180339953147387,62.77409090909091,56.84136363636364
2006-02-01,MIG - non-durable consumer goods,Germany,95.6,"Index, 2021=100",95.7,22.324,25.694999999999997,-0.6518974343740799,0.0,60.21,62.77409090909091
2006-03-01,MIG - non-durable consumer goods,Germany,94.9,"Index, 2021=100",95.6,26.028260869565216,22.324,-0.07863751143875931,-1.827456416166897,62.06478260869565,60.21
2006-04-01,MIG - non-durable consumer goods,Germany,96.9,"Index, 2021=100",94.9,21.387999999999998,26.028260869565216,0.6237237514902355,0.0,70.173,62.06478260869565
2006-05-01,MIG - non-durable consumer goods,Germany,97.3,"Index, 2021=100",96.9,19.692608695652176,21.387999999999998,-0.3540726086115883,0.0,69.77695652173912,70.173
2006-06-01,MIG - non-durable consumer goods,Germany,97.0,"Index, 2021=100",97.3,19.58409090909091,19.692608695652176,-0.31545669169778073,-1.1833322763183536,68.5559090909091,69.77695652173912
2006-07-01,MIG - non-durable consumer goods,Germany,97.5,"Index, 2021=100",97.0,19.847619047619048,19.58409090909091,0.28310573574819875,0.0,73.67428571428572,68.5559090909091
2006-08-01,MIG - non-durable consumer goods,Germany,97.4,"Index, 2021=100",97.5,17.97826086956522,19.847619047619048,-0.1782674258490434,0.0,73.2304347826087,73.67428571428572
2006-09-01,MIG - non-durable consumer goods,Germany,96.7,"Index, 2021=100",97.4,15.951428571428572,17.97826086956522,-1.0773599355773278,-1.1265879387430244,61.95857142857143,73.2304347826087
2006-10-01,MIG - non-durable consumer goods,Germany,97.6,"Index, 2021=100",96.7,14.200454545454546,15.951428571428572,-0.713482353040865,-1.0147867419479089,57.808181818181815,61.95857142857143
2006-11-01,MIG - non-durable consumer goods,Germany,98.9,"Index, 2021=100",97.6,19.87272727272727,14.200454545454546,-0.6336040683167151,0.0,58.76136363636363,57.808181818181815
2006-12-01,MIG - non-durable consumer goods,Germany,98.7,"Index, 2021=100",98.9,16.45809523809524,19.87272727272727,0.06279864252157119,1.7594994847040366,62.41952380952381,58.76136363636363
2007-01-01,MIG - non-durable consumer goods,Germany,98.7,"Index, 2021=100",98.7,13.603478260869565,16.45809523809524,-0.8815456486489374,0.0,53.748695652173915,62.41952380952381
2007-02-01,MIG - non-durable consumer goods,Germany,99.7,"Index, 2021=100",98.7,9.310500000000001,13.603478260869565,0.5012149220613668,0.0,57.516999999999996,53.748695652173915
2007-03-01,MIG - non-durable consumer goods,Germany,100.8,"Index, 2021=100",99.7,10.338636363636363,9.310500000000001,0.001407425353364094,-0.689195928658093,62.05045454545455,57.516999999999996
2007-04-01,MIG - non-durable consumer goods,Germany,101.9,"Index, 2021=100",100.8,8.91904761904762,10.338636363636363,0.23160567911181562,0.0,67.64428571428572,62.05045454545455
2007-05-01,MIG - non-durable consumer goods,Germany,102.8,"Index, 2021=100",101.9,11.71391304347826,8.91904761904762,-0.29762578435044224,0.0,67.36478260869566,67.64428571428572
2007-06-01,MIG - non-durable consumer goods,Germany,98.6,"Index, 2021=100",102.8,10.586190476190476,11.71391304347826,0.16535936703141824,0.0,71.04571428571428,67.36478260869566
2007-07-01,MIG - non-durable consumer goods,Germany,99.9,"Index, 2021=100",98.6,14.946363636363635,10.586190476190476,0.18880782596297765,0.0,76.80863636363637,71.04571428571428
2007-08-01,MIG - non-durable consumer goods,Germany,102.7,"Index, 2021=100",99.9,14.281304347826088,14.946363636363635,-0.5681005018139146,0.0,70.76086956521739,76.80863636363637
2007-09-01,MIG - non-durable consumer goods,Germany,103.2,"Index, 2021=100",102.7,17.057,14.281304347826088,1.0001793364551819,1.1859376565060231,76.929,70.76086956521739
2007-10-01,MIG - non-durable consumer goods,Germany,101.3,"Index, 2021=100",103.2,20.13478260869565,17.057,0.10198579635873983,0.0,82.34,76.929
2007-11-01,MIG - non-durable consumer goods,Germany,100.4,"Index, 2021=100",101.3,22.223636363636363,20.13478260869565,0.6128810878526092,0.0,92.53045454545455,82.34
2007-12-01,MIG - non-durable consumer goods,Germany,101.6,"Index, 2021=100",100.4,23.133333333333333,22.223636363636363,-0.28925766272037334,-0.831933850195447,90.99,92.53045454545455
2008-01-01,MIG - non-durable consumer goods,Germany,102.7,"Index, 2021=100",101.6,24.26347826086956,23.133333333333333,-0.13761859893639725,0.0,92.13391304347826,90.99
2008-02-01,MIG - non-durable consumer goods,Germany,101.2,"Index, 2021=100",102.7,22.760952380952382,24.26347826086956,0.2608943406309443,-2.502179452682496,95.08047619047619,92.13391304347826
2008-03-01,MIG - non-durable consumer goods,Germany,101.0,"Index, 2021=100",101.2,23.693333333333335,22.760952380952382,1.0041522754151373,4.248635030337986,103.45190476190476,95.08047619047619
2008-04-01,MIG - non-durable consumer goods,Germany,98.7,"Index, 2021=100",101.0,25.75318181818182,23.693333333333335,0.06105421820469373,0.0,109.07136363636364,103.45190476190476
2008-05-01,MIG - non-durable consumer goods,Germany,98.5,"Index, 2021=100",98.7,25.01409090909091,25.75318181818182,1.3761117623094206,0.0,123.11181818181818,109.07136363636364
2008-06-01,MIG - non-durable consumer goods,Germany,98.8,"Index, 2021=100",98.5,26.552380952380954,25.01409090909091,1.1146900143738558,0.0,132.32238095238094,123.11181818181818
2008-07-01,MIG - non-durable consumer goods,Germany,98.9,"Index, 2021=100",98.8,25.088260869565215,26.552380952380954,0.5718559213874487,0.0,133.20652173913044,132.32238095238094
2008-08-01,MIG - non-durable consumer goods,Germany,100.3,"Index, 2021=100",98.9,24.035238095238096,25.088260869565215,-0.46951606860925593,0.0,113.24333333333334,133.20652173913044
2008-09-01,MIG - non-durable consumer goods,Germany,99.0,"Index, 2021=100",100.3,30.28409090909091,24.035238095238096,0.2624296377427312,-0.7550683370320911,97.97363636363637,113.24333333333334
2008-10-01,MIG - non-durable consumer goods,Germany,99.6,"Index, 2021=100",99.0,26.14260869565217,30.28409090909091,-2.8871890830034372,-5.276020721573241,71.58217391304348,97.97363636363637
2008-11-01,MIG - non-durable consumer goods,Germany,96.9,"Index, 2021=100",99.6,23.5355,26.14260869565217,-1.0616536689944311,0.0,52.2995,71.58217391304348
2008-12-01,MIG - non-durable consumer goods,Germany,99.7,"Index, 2021=100",96.9,21.674347826086954,23.5355,-0.2694383119813248,-2.158283290921576,39.70782608695652,52.2995
2009-01-01,MIG - non-durable consumer goods,Germany,98.8,"Index, 2021=100",99.7,23.224999999999998,21.674347826086954,1.9606284214617051,0.0,43.09227272727273,39.70782608695652
2009-02-01,MIG - non-durable consumer goods,Germany,96.5,"Index, 2021=100",98.8,17.725,23.224999999999998,0.07516411002784573,0.0,43.326499999999996,43.09227272727273
2009-03-01,MIG - non-durable consumer goods,Germany,94.5,"Index, 2021=100",96.5,12.2,17.725,1.147539934894266,1.9198599485884802,46.540454545454544,43.326499999999996
2009-04-01,MIG - non-durable consumer goods,Germany,96.1,"Index, 2021=100",94.5,11.327272727272726,12.2,-0.6897706760210826,0.0,50.279545454545456,46.540454545454544
2009-05-01,MIG - non-durable consumer goods,Germany,95.8,"Index, 2021=100",96.1,11.00952380952381,11.327272727272726,0.9371855413099275,2.9437593321208158,57.36904761904762,50.279545454545456
2009-06-01,MIG - non-durable consumer goods,Germany,94.8,"Index, 2021=100",95.8,10.796818181818182,11.00952380952381,1.0697891624848404,0.0,68.60954545454545,57.36904761904762
2009-07-01,MIG - non-durable consumer goods,Germany,94.5,"Index, 2021=100",94.8,9.393478260869566,10.796818181818182,-0.8584497443655938,0.0,64.49217391304347,68.60954545454545
2009-08-01,MIG - non-durable consumer goods,Germany,94.9,"Index, 2021=100",94.5,8.778571428571428,9.393478260869566,1.168814769853965,0.0,72.50857142857143,64.49217391304347
2009-09-01,MIG - non-durable consumer goods,Germany,97.2,"Index, 2021=100",94.9,9.418181818181818,8.778571428571428,0.12040182675501683,0.7555170574307397,67.56409090909091,72.50857142857143
2009-10-01,MIG - non-durable consumer goods,Germany,95.1,"Index, 2021=100",97.2,10.340909090909092,9.418181818181818,0.8389514187941388,0.0,72.76954545454545,67.56409090909091
2009-11-01,MIG - non-durable consumer goods,Germany,96.1,"Index, 2021=100",95.1,9.738095238095237,10.340909090909092,-0.14885123884919385,0.0,76.65761904761905,72.76954545454545
2009-12-01,MIG - non-durable consumer goods,Germany,98.0,"Index, 2021=100",96.1,11.4,9.738095238095237,-0.8450010635890879,1.281714088367376,74.48652173913044,76.65761904761905
2010-01-01,MIG - non-durable consumer goods,Germany,98.3,"Index, 2021=100",98.0,14.44047619047619,11.4,-0.48138524271346517,0.0,76.28285714285714,74.48652173913044
2010-02-01,MIG - non-durable consumer goods,Germany,95.8,"Index, 2021=100",98.3,13.715,14.44047619047619,-0.21414063782099357,0.0,73.639,76.28285714285714
2010-03-01,MIG - non-durable consumer goods,Germany,97.4,"Index, 2021=100",95.8,11.954782608695652,13.715,-0.5233596426999279,1.5544096531485574,78.82739130434783,73.639
2010-04-01,MIG - non-durable consumer goods,Germany,96.5,"Index, 2021=100",97.4,13.493181818181819,11.954782608695652,-0.18357082280701043,0.0,84.71818181818182,78.82739130434783
2010-05-01,MIG - non-durable consumer goods,Germany,97.0,"Index, 2021=100",96.5,16.781904761904762,13.493181818181819,-1.323271263136311,0.0,75.8052380952381,84.71818181818182
2010-06-01,MIG - non-durable consumer goods,Germany,97.1,"Index, 2021=100",97.0,19.222727272727273,16.781904761904762,0.525869862586917,0.0,74.7609090909091,75.8052380952381
2010-07-01,MIG - non-durable consumer goods,Germany,98.1,"Index, 2021=100",97.1,19.469545454545454,19.222727272727273,0.04754485195679738,0.0,75.40590909090909,74.7609090909091
2010-08-01,MIG - non-durable consumer goods,Germany,98.6,"Index, 2021=100",98.1,18.13090909090909,19.469545454545454,-0.07161403937119563,0.0,77.03954545454545,75.40590909090909
2010-09-01,MIG - non-durable consumer goods,Germany,99.5,"Index, 2021=100",98.6,18.943181818181817,18.13090909090909,-0.1487126906627298,0.0,77.71272727272728,77.03954545454545
2010-10-01,MIG - non-durable consumer goods,Germany,98.6,"Index, 2021=100",99.5,18.497619047619047,18.943181818181817,0.7103428057964077,-0.4584134038079942,82.6647619047619,77.71272727272728
2010-11-01,MIG - non-durable consumer goods,Germany,99.5,"Index, 2021=100",98.6,19.477272727272727,18.497619047619047,0.09961570270309454,0.0,85.24090909090908,82.6647619047619
2010-12-01,MIG - non-durable consumer goods,Germany,97.2,"Index, 2021=100",99.5,24.09478260869565,19.477272727272727,-0.1169385540431611,1.0894693635716877,91.54173913043478,85.24090909090908
2011-01-01,MIG - non-durable consumer goods,Germany,99.0,"Index, 2021=100",97.2,22.343809523809526,24.09478260869565,-0.13316626923827257,0.0,96.58714285714285,91.54173913043478
2011-02-01,MIG - non-durable consumer goods,Germany,100.7,"Index, 2021=100",99.0,21.761,22.343809523809526,0.1062714600527813,0.0,103.6405,96.58714285714285
2011-03-01,MIG - non-durable consumer goods,Germany,100.4,"Index, 2021=100",100.7,23.722608695652173,21.761,1.0735774048683804,0.0,114.64347826086957,103.6405
2011-04-01,MIG - non-durable consumer goods,Germany,100.9,"Index, 2021=100",100.4,22.854761904761904,23.722608695652173,0.9191065185128502,0.0,123.45380952380954,114.64347826086957
2011-05-01,MIG - non-durable consumer goods,Germany,100.5,"Index, 2021=100",100.9,22.989545454545453,22.854761904761904,-0.754449697870264,0.0,114.98272727272727,123.45380952380954
2011-06-01,MIG - non-durable consumer goods,Germany,100.6,"Index, 2021=100",100.5,22.613636363636363,22.989545454545453,-0.5053044665651589,1.5367288900477356,113.83318181818181,114.98272727272727
2011-07-01,MIG - non-durable consumer goods,Germany,101.0,"Index, 2021=100",100.6,21.51142857142857,22.613636363636363,-0.18652846565540906,0.0,116.63285714285715,113.83318181818181
2011-08-01,MIG - non-durable consumer goods,Germany,97.6,"Index, 2021=100",101.0,21.93565217391304,21.51142857142857,-1.0228125161863917,0.0,110.3095652173913,116.63285714285715
2011-09-01,MIG - non-durable consumer goods,Germany,98.7,"Index, 2021=100",97.6,23.39363636363636,21.93565217391304,0.43959634290727284,0.0,112.9740909090909,110.3095652173913
2011-10-01,MIG - non-durable consumer goods,Germany,98.3,"Index, 2021=100",98.7,22.554761904761904,23.39363636363636,-0.15278013183668757,0.0,109.55000000000001,112.9740909090909
2011-11-01,MIG - non-durable consumer goods,Germany,98.5,"Index, 2021=100",98.3,23.736363636363638,22.554761904761904,0.8939539270283243,0.0,110.58909090909091,109.55000000000001
2011-12-01,MIG - non-durable consumer goods,Germany,98.3,"Index, 2021=100",98.5,22.296818181818182,23.736363636363638,-0.356458994127559,-4.916568331324604,107.99863636363635,110.58909090909091
2012-01-01,MIG - non-durable consumer goods,Germany,96.3,"Index, 2021=100",98.3,21.865454545454543,22.296818181818182,0.20632540358179952,0.0,110.53136363636364,107.99863636363635
2012-02-01,MIG - non-durable consumer goods,Germany,96.9,"Index, 2021=100",96.3,25.41142857142857,21.865454545454543,-0.029054799009691847,0.0,119.39190476190477,110.53136363636364
2012-03-01,MIG - non-durable consumer goods,Germany,99.5,"Index, 2021=100",96.9,23.80727272727273,25.41142857142857,0.784751689386223,0.0,125.44545454545455,119.39190476190477
2012-04-01,MIG - non-durable consumer goods,Germany,95.0,"Index, 2021=100",99.5,24.78952380952381,23.80727272727273,0.24063874434988755,0.0,120.05666666666667,125.44545454545455
2012-05-01,MIG - non-durable consumer goods,Germany,98.1,"Index, 2021=100",95.0,24.196521739130436,24.78952380952381,-0.3856336478636065,0.0,110.2891304347826,120.05666666666667
2012-06-01,MIG - non-durable consumer goods,Germany,98.1,"Index, 2021=100",98.1,23.673333333333332,24.196521739130436,-0.36812562156261563,1.490841835031829,95.15571428571428,110.2891304347826
2012-07-01,MIG - non-durable consumer goods,Germany,97.6,"Index, 2021=100",98.1,24.332727272727276,23.673333333333332,0.6703576310954897,0.0,102.49454545454546,95.15571428571428
2012-08-01,MIG - non-durable consumer goods,Germany,98.4,"Index, 2021=100",97.6,24.05652173913043,24.332727272727276,0.889111873743037,0.0,113.35608695652174,102.49454545454546
2012-09-01,MIG - non-durable consumer goods,Germany,99.1,"Index, 2021=100",98.4,25.825499999999998,24.05652173913043,0.366716761812549,0.0,112.917,113.35608695652174
2012-10-01,MIG - non-durable consumer goods,Germany,99.5,"Index, 2021=100",99.1,26.702173913043477,25.825499999999998,-0.2515652750980356,0.0,111.7108695652174,112.917
2012-11-01,MIG - non-durable consumer goods,Germany,97.2,"Index, 2021=100",99.5,27.24909090909091,26.702173913043477,-0.07773850880404555,0.0,109.13818181818182,111.7108695652174
2012-12-01,MIG - non-durable consumer goods,Germany,100.0,"Index, 2021=100",97.2,27.22333333333333,27.24909090909091,-0.28562219812972955,0.9944110031743462,109.44380952380953,109.13818181818182
2013-01-01,MIG - non-durable consumer goods,Germany,98.9,"Index, 2021=100",100.0,26.51782608695652,27.22333333333333,0.31250565033261724,0.0,112.81173913043479,109.44380952380953
2013-02-01,MIG - non-durable consumer goods,Germany,97.5,"Index, 2021=100",98.9,26.3165,26.51782608695652,0.16430715373994836,0.0,116.11800000000001,112.81173913043479
2013-03-01,MIG - non-durable consumer goods,Germany,97.9,"Index, 2021=100",97.5,32.31666666666666,26.3165,-0.383542027094866,0.0,108.47333333333333,116.11800000000001
2013-04-01,MIG - non-durable consumer goods,Germany,97.9,"Index, 2021=100",97.9,28.575,32.31666666666666,-0.25921885392347294,0.0,102.24818181818182,108.47333333333333
2013-05-01,MIG - non-durable consumer goods,Germany,99.0,"Index, 2021=100",97.9,26.73304347826087,28.575,0.16248527258302423,-1.3607161850187028,102.50130434782609,102.24818181818182
2013-06-01,MIG - non-durable consumer goods,Germany,97.8,"Index, 2021=100",99.0,26.23,26.73304347826087,0.1894274611148,0.0,102.9195,102.50130434782609
2013-07-01,MIG - non-durable consumer goods,Germany,98.3,"Index, 2021=100",97.8,26.070434782608697,26.23,0.6182980381651376,0.0,107.85434782608696,102.9195
2013-08-01,MIG - non-durable consumer goods,Germany,98.9,"Index, 2021=100",98.3,25.55181818181818,26.070434782608697,-0.07052223294410298,0.0,111.28045454545455,107.85434782608696
2013-09-01,MIG - non-durable consumer goods,Germany,98.9,"Index, 2021=100",98.9,26.478571428571428,25.55181818181818,0.06362224893820845,0.0,111.8047619047619,111.28045454545455
2013-10-01,MIG - non-durable consumer goods,Germany,99.5,"Index, 2021=100",98.9,25.868695652173916,26.478571428571428,0.13725652508100525,0.0,109.07652173913044,111.8047619047619
2013-11-01,MIG - non-durable consumer goods,Germany,100.3,"Index, 2021=100",99.5,27.18047619047619,25.868695652173916,-0.11144201084991862,0.0,107.96,109.07652173913044
2013-12-01,MIG - non-durable consumer goods,Germany,101.9,"Index, 2021=100",100.3,27.702727272727273,27.18047619047619,0.6426503974155726,1.006536826380158,110.79363636363637,107.96
2014-01-01,MIG - non-durable consumer goods,Germany,100.7,"Index, 2021=100",101.9,26.253913043478263,27.702727272727273,-0.19812368810882713,0.0,108.19739130434782,110.79363636363637
2014-02-01,MIG - non-durable consumer goods,Germany,100.4,"Index, 2021=100",100.7,23.849,26.253913043478263,-0.044531303873754494,0.0,108.88700000000001,108.19739130434782
2014-03-01,MIG - non-durable consumer goods,Germany,100.4,"Index, 2021=100",100.4,22.767142857142858,23.849,0.0514680128382354,0.0,107.48095238095237,108.88700000000001
2014-04-01,MIG - non-durable consumer goods,Germany,102.0,"Index, 2021=100",100.4,20.423181818181817,22.767142857142858,-0.018508882722691297,0.0,107.84772727272728,107.48095238095237
2014-05-01,MIG - non-durable consumer goods,Germany,98.8,"Index, 2021=100",102.0,19.08818181818182,20.423181818181817,0.10496074182617701,0.0,109.53909090909092,107.84772727272728
2014-06-01,MIG - non-durable consumer goods,Germany,100.1,"Index, 2021=100",98.8,17.39190476190476,19.08818181818182,0.3545000070992207,0.42851134062250246,111.79523809523809,109.53909090909092
2014-07-01,MIG - non-durable consumer goods,Germany,100.5,"Index, 2021=100",100.1,16.50565217391304,17.39190476190476,-0.4381447112306579,0.0,106.86434782608696,111.79523809523809
2014-08-01,MIG - non-durable consumer goods,Germany,100.2,"Index, 2021=100",100.5,17.497142857142858,16.50565217391304,0.08722188445673984,0.0,101.60809523809523,106.86434782608696
2014-09-01,MIG - non-durable consumer goods,Germany,99.7,"Index, 2021=100",100.2,20.74863636363636,17.497142857142858,-0.16107172026645272,0.0,97.27454545454545,101.60809523809523
2014-10-01,MIG - non-durable consumer goods,Germany,100.9,"Index, 2021=100",99.7,21.268260869565218,20.74863636363636,-0.2764119863445895,0.0,87.42521739130434,97.27454545454545
2014-11-01,MIG - non-durable consumer goods,Germany,99.8,"Index, 2021=100",100.9,22.978,21.268260869565218,-0.9869169148213338,-9.796069628596289,79.3355,87.42521739130434
2014-12-01,MIG - non-durable consumer goods,Germany,101.8,"Index, 2021=100",99.8,22.520869565217392,22.978,-1.2412203634377712,0.0,62.17565217391304,79.3355
2015-01-01,MIG - non-durable consumer goods,Germany,98.9,"Index, 2021=100",101.8,19.755,22.520869565217392,-1.689378075003543,0.0,48.08363636363636,62.17565217391304
2015-02-01,MIG - non-durable consumer goods,Germany,98.8,"Index, 2021=100",98.9,22.566,19.755,1.030226324080852,0.0,58.0955,48.08363636363636
2015-03-01,MIG - non-durable consumer goods,Germany,101.0,"Index, 2021=100",98.8,21.856818181818184,22.566,-0.2471285840319799,0.0,55.88545454545454,58.0955
2015-04-01,MIG - non-durable consumer goods,Germany,100.1,"Index, 2021=100",101.0,22.078181818181818,21.856818181818184,0.7630852782137214,0.0,59.35181818181818,55.88545454545454
2015-05-01,MIG - non-durable consumer goods,Germany,99.6,"Index, 2021=100",100.1,20.548571428571428,22.078181818181818,0.9306750388082086,0.0,64.1047619047619,59.35181818181818
2015-06-01,MIG - non-durable consumer goods,Germany,102.9,"Index, 2021=100",99.6,20.520454545454545,20.548571428571428,-0.3949488388902102,2.4056171564772404,61.47772727272727,64.1047619047619
2015-07-01,MIG - non-durable consumer goods,Germany,102.6,"Index, 2021=100",102.9,20.858260869565218,20.520454545454545,-0.8969936335129175,0.0,56.56130434782609,61.47772727272727
2015-08-01,MIG - non-durable consumer goods,Germany,100.3,"Index, 2021=100",102.6,19.576190476190476,20.858260869565218,-0.6689537169882939,0.0,46.58428571428571,56.56130434782609
2015-09-01,MIG - non-durable consumer goods,Germany,98.9,"Index, 2021=100",100.3,19.16,19.576190476190476,0.4134260838296521,0.0,47.62318181818182,46.58428571428571
2015-10-01,MIG - non-durable consumer goods,Germany,97.8,"Index, 2021=100",98.9,18.243636363636366,19.16,-0.17098247375992967,0.0,48.43,47.62318181818182
2015-11-01,MIG - non-durable consumer goods,Germany,99.8,"Index, 2021=100",97.8,17.202380952380953,18.243636363636366,-0.3748783969247207,0.0,44.26761904761905,48.43
2015-12-01,MIG - non-durable consumer goods,Germany,100.3,"Index, 2021=100",99.8,15.640869565217391,17.202380952380953,-0.7698627351357819,-1.9668139100704445,37.97130434782609,44.26761904761905
2016-01-01,MIG - non-durable consumer goods,Germany,102.6,"Index, 2021=100",100.3,13.904285714285715,15.640869565217391,-1.2929579520638326,0.0,30.98095238095238,37.97130434782609
2016-02-01,MIG - non-durable consumer goods,Germany,101.5,"Index, 2021=100",102.6,12.476666666666667,13.904285714285715,-0.22939651791615284,0.0,32.163333333333334,30.98095238095238
2016-03-01,MIG - non-durable consumer goods,Germany,100.3,"Index, 2021=100",101.5,12.267826086956523,12.476666666666667,0.9962287899781237,0.0,38.21565217391304,32.163333333333334
2016-04-01,MIG - non-durable consumer goods,Germany,101.3,"Index, 2021=100",100.3,11.979999999999999,12.267826086956523,-0.15187983491624749,0.0,41.583333333333336,38.21565217391304
2016-05-01,MIG - non-durable consumer goods,Germany,101.3,"Index, 2021=100",101.3,13.04090909090909,11.979999999999999,0.6792464128472383,0.0,46.84909090909091,41.583333333333336
2016-06-01,MIG - non-durable consumer goods,Germany,101.1,"Index, 2021=100",101.3,14.41590909090909,13.04090909090909,-0.1770446016289529,0.582575139176583,48.24727272727273,46.84909090909091
2016-07-01,MIG - non-durable consumer goods,Germany,100.7,"Index, 2021=100",101.1,14.241904761904761,14.41590909090909,-0.4528878840711025,0.0,44.951904761904764,48.24727272727273
2016-08-01,MIG - non-durable consumer goods,Germany,101.8,"Index, 2021=100",100.7,11.980869565217391,14.241904761904761,0.1189274105169856,0.0,45.843043478260874,44.951904761904764
2016-09-01,MIG - non-durable consumer goods,Germany,101.5,"Index, 2021=100",101.8,12.282272727272726,11.980869565217391,0.24870447283671346,1.4727297897900193,46.567727272727275,45.843043478260874
2016-10-01,MIG - non-durable consumer goods,Germany,101.2,"Index, 2021=100",101.5,16.093809523809526,12.282272727272726,0.41093056832079616,0.0,49.522380952380956,46.567727272727275
2016-11-01,MIG - non-durable consumer goods,Germany,102.3,"Index, 2021=100",101.2,17.90590909090909,16.093809523809526,-0.5793797051617606,7.91404059403762,44.73409090909091,49.522380952380956
2016-12-01,MIG - non-durable consumer goods,Germany,99.6,"Index, 2021=100",102.3,17.689545454545456,17.90590909090909,0.7086845393102761,2.0404579621780123,53.365,44.73409090909091
2017-01-01,MIG - non-durable consumer goods,Germany,100.0,"Index, 2021=100",99.6,20.12272727272727,17.689545454545456,0.08901653408704874,0.0,54.59409090909091,53.365
2017-02-01,MIG - non-durable consumer goods,Germany,102.6,"Index, 2021=100",100.0,19.553,20.12272727272727,-0.03179032404754296,0.0,54.8695,54.59409090909091
2017-03-01,MIG - non-durable consumer goods,Germany,102.0,"Index, 2021=100",102.6,15.799130434782608,19.553,-1.4425063041961181,0.0,51.589130434782604,54.8695
2017-04-01,MIG - non-durable consumer goods,Germany,102.2,"Index, 2021=100",102.0,16.058,15.799130434782608,0.21703780157455996,0.0,52.44500000000001,51.589130434782604
2017-05-01,MIG - non-durable consumer goods,Germany,103.0,"Index, 2021=100",102.2,15.669130434782607,16.058,-0.8328997339371286,-4.41644778310952,50.326521739130435,52.44500000000001
2017-06-01,MIG - non-durable consumer goods,Germany,103.0,"Index, 2021=100",103.0,15.134545454545453,15.669130434782607,-0.26420964099602673,0.0,46.36818181818182,50.326521739130435
2017-07-01,MIG - non-durable consumer goods,Germany,104.5,"Index, 2021=100",103.0,15.095714285714285,15.134545454545453,-0.1449934034705647,0.0,48.47857142857143,46.36818181818182
2017-08-01,MIG - non-durable consumer goods,Germany,104.2,"Index, 2021=100",104.5,15.99304347826087,15.095714285714285,-0.1520757414392232,0.0,51.70434782608696,48.47857142857143
2017-09-01,MIG - non-durable consumer goods,Germany,104.4,"Index, 2021=100",104.2,17.302857142857142,15.99304347826087,0.32443706724488564,0.0,56.152857142857144,51.70434782608696
2017-10-01,MIG - non-durable consumer goods,Germany,102.0,"Index, 2021=100",104.4,17.10363636363636,17.302857142857142,-0.3486109778555899,0.0,57.50772727272727,56.152857142857144
2017-11-01,MIG - non-durable consumer goods,Germany,106.6,"Index, 2021=100",102.0,19.57090909090909,17.10363636363636,0.12556813519738738,0.21630901693183507,62.71409090909091,57.50772727272727
2017-12-01,MIG - non-durable consumer goods,Germany,105.2,"Index, 2021=100",106.6,20.795238095238094,19.57090909090909,-0.1117328946322315,0.0,64.39619047619047,62.71409090909091
2018-01-01,MIG - non-durable consumer goods,Germany,106.9,"Index, 2021=100",105.2,18.6,20.795238095238094,0.7325011228803984,0.0,68.97521739130435,64.39619047619047
2018-02-01,MIG - non-durable consumer goods,Germany,106.4,"Index, 2021=100",106.9,21.679,18.6,-0.5046465050387093,0.0,65.3175,68.97521739130435
2018-03-01,MIG - non-durable consumer goods,Germany,106.5,"Index, 2021=100",106.4,23.622727272727275,21.679,-0.10225293145429594,0.0,66.1531818181818,65.3175
2018-04-01,MIG - non-durable consumer goods,Germany,105.8,"Index, 2021=100",106.5,19.645238095238096,23.622727272727275,0.47425564352743266,0.0,71.95904761904762,66.1531818181818
2018-05-01,MIG - non-durable consumer goods,Germany,112.2,"Index, 2021=100",105.8,21.566086956521737,19.645238095238096,0.5388658853656386,0.0,76.86217391304348,71.95904761904762
2018-06-01,MIG - non-durable consumer goods,Germany,109.7,"Index, 2021=100",112.2,21.92761904761905,21.566086956521737,-0.5831886971683538,-0.4130092757360921,74.4047619047619,76.86217391304348
2018-07-01,MIG - non-durable consumer goods,Germany,109.7,"Index, 2021=100",109.7,22.253636363636364,21.92761904761905,0.5294960350409211,0.0,74.2540909090909,74.4047619047619
2018-08-01,MIG - non-durable consumer goods,Germany,111.7,"Index, 2021=100",109.7,23.94347826086957,22.253636363636364,-0.20893271379353645,0.0,72.52826086956522,74.2540909090909
2018-09-01,MIG - non-durable consumer goods,Germany,110.0,"Index, 2021=100",111.7,27.837,23.94347826086957,0.6564596940208821,0.0,78.89099999999999,72.52826086956522
2018-10-01,MIG - non-durable consumer goods,Germany,104.4,"Index, 2021=100",110.0,25.539565217391303,27.837,0.12149689586130322,0.0,81.03217391304348,78.89099999999999
2018-11-01,MIG - non-durable consumer goods,Germany,102.0,"Index, 2021=100",104.4,24.633636363636366,25.539565217391303,-1.3685992177175907,0.0,64.74818181818182,81.03217391304348
2018-12-01,MIG - non-durable consumer goods,Germany,101.3,"Index, 2021=100",102.0,23.666190476190476,24.633636363636366,-0.2447966896801907,2.07348679679867,56.26285714285714,64.74818181818182
2019-01-01,MIG - non-durable consumer goods,Germany,103.6,"Index, 2021=100",101.3,21.39782608695652,23.666190476190476,0.35962477880472876,0.0,59.025217391304345,56.26285714285714
2019-02-01,MIG - non-durable consumer goods,Germany,101.6,"Index, 2021=100",103.6,18.0035,21.39782608695652,0.1517462342010795,0.0,63.9605,59.025217391304345
2019-03-01,MIG - non-durable consumer goods,Germany,102.5,"Index, 2021=100",101.6,15.697619047619046,18.0035,-0.17808513427363806,0.0,66.13857142857144,63.9605
2019-04-01,MIG - non-durable consumer goods,Germany,103.2,"Index, 2021=100",102.5,15.041818181818183,15.697619047619046,0.3628493694964929,0.0,71.20954545454545,66.13857142857144
2019-05-01,MIG - non-durable consumer goods,Germany,102.7,"Index, 2021=100",103.2,13.298695652173913,15.041818181818183,-0.7347359961140314,0.0,71.17260869565217,71.20954545454545
2019-06-01,MIG - non-durable consumer goods,Germany,100.1,"Index, 2021=100",102.7,10.5225,13.298695652173913,-0.33975076992957615,0.0,64.2205,71.17260869565217
2019-07-01,MIG - non-durable consumer goods,Germany,101.4,"Index, 2021=100",100.1,10.941304347826087,10.5225,0.3395291323618024,-4.251048097619388,63.9191304347826,64.2205
2019-08-01,MIG - non-durable consumer goods,Germany,100.5,"Index, 2021=100",101.4,10.029545454545454,10.941304347826087,-0.3748389650611249,0.0,59.041818181818186,63.9191304347826
2019-09-01,MIG - non-durable consumer goods,Germany,98.7,"Index, 2021=100",100.5,9.568095238095239,10.029545454545454,0.48197852185687173,0.0,62.826666666666675,59.041818181818186
2019-10-01,MIG - non-durable consumer goods,Germany,100.9,"Index, 2021=100",98.7,10.30913043478261,9.568095238095239,-0.3400181888327622,0.0,59.71304347826087,62.826666666666675
2019-11-01,MIG - non-durable consumer goods,Germany,101.2,"Index, 2021=100",100.9,14.763809523809524,10.30913043478261,0.4635132466348744,0.0,63.21190476190476,59.71304347826087
2019-12-01,MIG - non-durable consumer goods,Germany,99.2,"Index, 2021=100",101.2,13.031363636363636,14.763809523809524,0.4622502963974788,1.090508505035817,67.31,63.21190476190476
2020-01-01,MIG - non-durable consumer goods,Germany,102.7,"Index, 2021=100",99.2,11.144782608695651,13.031363636363636,1.4414572982744303,0.0,63.82478260869566,67.31
2020-02-01,MIG - non-durable consumer goods,Germany,104.7,"Index, 2021=100",102.7,9.3725,11.144782608695651,-0.8114535624060095,0.0,55.702,63.82478260869566
2020-03-01,MIG - non-durable consumer goods,Germany,98.8,"Index, 2021=100",104.7,8.622727272727273,9.3725,-1.9239758097171007,-8.007737426749562,31.993636363636366,55.702
2020-04-01,MIG - non-durable consumer goods,Germany,92.9,"Index, 2021=100",98.8,6.54,8.622727272727273,1.3138212739143362,3.0940649462160628,18.546818181818182,31.993636363636366
2020-05-01,MIG - non-durable consumer goods,Germany,92.3,"Index, 2021=100",92.9,4.575714285714286,6.54,0.7414620048035757,0.0,29.344285714285714,18.546818181818182
2020-06-01,MIG - non-durable consumer goods,Germany,97.2,"Index, 2021=100",92.3,4.991818181818181,4.575714285714286,-0.674179631293128,-3.149840310433884,40.26681818181818,29.344285714285714
2020-07-01,MIG - non-durable consumer goods,Germany,97.5,"Index, 2021=100",97.2,4.879565217391304,4.991818181818181,-0.07202838847948002,0.0,43.24217391304348,40.26681818181818
2020-08-01,MIG - non-durable consumer goods,Germany,95.6,"Index, 2021=100",97.5,7.533333333333333,4.879565217391304,-0.7379957308695794,0.0,44.75904761904762,43.24217391304348
2020-09-01,MIG - non-durable consumer goods,Germany,98.2,"Index, 2021=100",95.6,11.161818181818182,7.533333333333333,-0.5826109751692493,0.0,40.90954545454545,44.75904761904762
2020-10-01,MIG - non-durable consumer goods,Germany,96.8,"Index, 2021=100",98.2,13.955454545454545,11.161818181818182,-0.291036694449014,0.0,40.18954545454546,40.90954545454545
2020-11-01,MIG - non-durable consumer goods,Germany,95.6,"Index, 2021=100",96.8,13.794285714285715,13.955454545454545,-0.1676225177801478,0.0,42.69238095238095,40.18954545454546
2020-12-01,MIG - non-durable consumer goods,Germany,98.2,"Index, 2021=100",95.6,16.34565217391304,13.794285714285715,-0.06503074006202851,0.563137829641395,50.03217391304348,42.69238095238095
2021-01-01,MIG - non-durable consumer goods,Germany,96.1,"Index, 2021=100",98.2,20.476190476190474,16.34565217391304,-0.5778110950222807,3.899417998430563,54.60476190476191,50.03217391304348
2021-02-01,MIG - non-durable consumer goods,Germany,95.6,"Index, 2021=100",96.1,17.4085,20.476190476190474,0.26866362438390906,0.0,62.2765,54.60476190476191
2021-03-01,MIG - non-durable consumer goods,Germany,99.1,"Index, 2021=100",95.6,17.795217391304348,17.4085,0.3009824618650811,3.5419347237958796,65.41,62.2765
2021-04-01,MIG - non-durable consumer goods,Germany,94.4,"Index, 2021=100",99.1,20.775454545454547,17.795217391304348,0.5129892999970512,5.991632222929873,64.71954545454545,65.41
2021-05-01,MIG - non-durable consumer goods,Germany,99.4,"Index, 2021=100",94.4,25.285238095238096,20.775454545454547,0.8992703670969532,0.0,68.5352380952381,64.71954545454545
2021-06-01,MIG - non-durable consumer goods,Germany,101.4,"Index, 2021=100",99.4,29.238636363636363,25.285238095238096,0.36360474028399664,2.2925007532095663,73.1640909090909,68.5352380952381
2021-07-01,MIG - non-durable consumer goods,Germany,100.8,"Index, 2021=100",101.4,36.13954545454545,29.238636363636363,0.019142986170709916,-9.851298268875022,75.1659090909091,73.1640909090909
2021-08-01,MIG - non-durable consumer goods,Germany,100.2,"Index, 2021=100",100.8,44.30409090909091,36.13954545454545,-0.3147083142103972,0.0,70.81590909090909,75.1659090909091
2021-09-01,MIG - non-durable consumer goods,Germany,101.8,"Index, 2021=100",100.2,64.45363636363636,44.30409090909091,1.015760795186652,0.4390282348823775,74.48863636363636,70.81590909090909
2021-10-01,MIG - non-durable consumer goods,Germany,100.6,"Index, 2021=100",101.8,87.69238095238094,64.45363636363636,0.7705932795655408,2.361261487325598,83.53809523809524,74.48863636363636
2021-11-01,MIG - non-durable consumer goods,Germany,102.3,"Index, 2021=100",100.6,81.92136363636364,87.69238095238094,-0.5218341421272874,-1.0130750354233125,81.05,83.53809523809524
2021-12-01,MIG - non-durable consumer goods,Germany,100.8,"Index, 2021=100",102.3,112.80739130434783,81.92136363636364,-0.49656758152090014,1.7069751201240932,74.26347826086956,81.05
2022-01-01,MIG - non-durable consumer goods,Germany,99.2,"Index, 2021=100",100.8,84.06952380952382,112.80739130434783,0.8522287791057341,1.4985078326623733,86.50523809523808,74.26347826086956
2022-02-01,MIG - non-durable consumer goods,Germany,102.4,"Index, 2021=100",99.2,81.164,84.06952380952382,0.20967705216092372,0.6492342056890332,97.12899999999999,86.50523809523808
2022-03-01,MIG - non-durable consumer goods,Germany,102.5,"Index, 2021=100",102.4,129.18304347826088,81.164,1.1589724435645128,1.020230642989599,117.24521739130434,97.12899999999999
2022-04-01,MIG - non-durable consumer goods,Germany,98.5,"Index, 2021=100",102.5,101.06238095238095,129.18304347826088,-0.41804567878166843,0.0,105.17095238095239,117.24521739130434
2022-05-01,MIG - non-durable consumer goods,Germany,98.9,"Index, 2021=100",98.5,88.58863636363637,101.06238095238095,0.8079062673307621,0.4644825107300398,113.11136363636363,105.17095238095239
2022-06-01,MIG - non-durable consumer goods,Germany,100.0,"Index, 2021=100",98.9,106.29454545454546,88.58863636363637,0.2666071424046354,-2.121493222584776,122.68772727272727,113.11136363636363
2022-07-01,MIG - non-durable consumer goods,Germany,97.5,"Index, 2021=100",100.0,171.41666666666666,106.29454545454546,-1.5284523643533043,0.0,111.92571428571429,122.68772727272727
2022-08-01,MIG - non-durable consumer goods,Germany,98.9,"Index, 2021=100",97.5,235.68391304347824,171.41666666666666,-0.8625649365210946,-2.904996658248558,100.47608695652173,111.92571428571429
2022-09-01,MIG - non-durable consumer goods,Germany,102.7,"Index, 2021=100",98.9,190.24181818181816,235.68391304347824,-0.6092331240191604,0.5554531127177963,89.74954545454545,100.47608695652173
2022-10-01,MIG - non-durable consumer goods,Germany,100.9,"Index, 2021=100",102.7,72.15047619047618,190.24181818181816,0.8249900068007756,2.4641871317219377,93.33190476190477,89.74954545454545
2022-11-01,MIG - non-durable consumer goods,Germany,99.6,"Index, 2021=100",100.9,96.28181818181817,72.15047619047618,-0.31727729228827767,0.0,91.41545454545455,93.33190476190477
2022-12-01,MIG - non-durable consumer goods,Germany,100.2,"Index, 2021=100",99.6,113.99181818181819,96.28181818181817,-0.5175798710392452,-2.8790551863806995,81.06272727272727,91.41545454545455
2023-01-01,MIG - non-durable consumer goods,Germany,96.2,"Index, 2021=100",100.2,63.004090909090905,113.99181818181819,0.16272770514393026,0.0,82.51590909090909,81.06272727272727
2023-02-01,MIG - non-durable consumer goods,Germany,97.7,"Index, 2021=100",96.2,53.352999999999994,63.004090909090905,-0.3578309492217428,0.0,82.58500000000001,82.51590909090909
2023-03-01,MIG - non-durable consumer goods,Germany,95.3,"Index, 2021=100",97.7,44.18782608695652,53.352999999999994,-0.5444578687975978,0.0,78.43434782608696,82.58500000000001
2023-04-01,MIG - non-durable consumer goods,Germany,97.2,"Index, 2021=100",95.3,42.585,44.18782608695652,0.7779760977112515,0.0,84.8305,78.43434782608696
2023-05-01,MIG - non-durable consumer goods,Germany,95.5,"Index, 2021=100",97.2,31.335652173913044,42.585,-0.9911199872566404,0.0,75.77478260869565,84.8305
2023-06-01,MIG - non-durable consumer goods,Germany,98.4,"Index, 2021=100",95.5,32.39909090909091,31.335652173913044,0.10438583996063543,0.4626838105740375,74.83909090909091,75.77478260869565
2023-07-01,MIG - non-durable consumer goods,Germany,97.0,"Index, 2021=100",98.4,29.665714285714287,32.39909090909091,0.3105036346079896,0.0,80.10809523809523,74.83909090909091
2023-08-01,MIG - non-durable consumer goods,Germany,96.6,"Index, 2021=100",97.0,33.52304347826087,29.665714285714287,0.2634335721723802,0.0,86.11608695652174,80.10809523809523
2023-09-01,MIG - non-durable consumer goods,Germany,93.6,"Index, 2021=100",96.6,36.52761904761905,33.52304347826087,0.4709271233739839,0.0,93.72238095238096,86.11608695652174
2023-10-01,MIG - non-durable consumer goods,Germany,93.3,"Index, 2021=100",93.6,43.264545454545456,36.52761904761905,-0.16534366151930893,0.0,90.59590909090909,93.72238095238096
2023-11-01,MIG - non-durable consumer goods,Germany,93.9,"Index, 2021=100",93.3,43.269090909090906,43.264545454545456,-0.571544726123262,-2.4651491943871404,82.94,90.59590909090909
2023-12-01,MIG - non-durable consumer goods,Germany,93.1,"Index, 2021=100",93.9,35.318571428571424,43.269090909090906,0.011208893183722398,0.0,77.87857142857143,82.94
2004-01-01,MIG - energy (except section E),Germany,127.2,"Index, 2021=100",127.2,11.36,11.36,0.44154017195044576,0.0,31.236363636363638,29.77608695652174
2004-02-01,MIG - energy (except section E),Germany,126.8,"Index, 2021=100",127.2,10.7975,11.36,-0.08581088034809001,2.694076911628696,30.8585,31.236363636363638
2004-03-01,MIG - energy (except section E),Germany,125.1,"Index, 2021=100",126.8,10.900434782608697,10.7975,0.2813203494904621,-0.667869132781252,33.63434782608696,30.8585
2004-04-01,MIG - energy (except section E),Germany,124.3,"Index, 2021=100",125.1,10.974545454545455,10.900434782608697,-0.6033863591783445,0.0,33.59090909090909,33.63434782608696
2004-05-01,MIG - energy (except section E),Germany,124.9,"Index, 2021=100",124.3,11.221904761904762,10.974545454545455,0.5969780334499486,0.0,37.56761904761905,33.59090909090909
2004-06-01,MIG - energy (except section E),Germany,124.1,"Index, 2021=100",124.9,10.607727272727272,11.221904761904762,-0.0108376887124877,-0.8697021883599181,35.18363636363636,37.56761904761905
2004-07-01,MIG - energy (except section E),Germany,122.5,"Index, 2021=100",124.1,10.656818181818181,10.607727272727272,-0.18225670383212336,0.0,38.221363636363634,35.18363636363636
2004-08-01,MIG - energy (except section E),Germany,123.4,"Index, 2021=100",122.5,12.030909090909091,10.656818181818181,0.41307128781677527,0.0,42.74409090909091,38.221363636363634
2004-09-01,MIG - energy (except section E),Germany,125.9,"Index, 2021=100",123.4,12.784999999999998,12.030909090909091,0.020228290770040784,-1.6071356282661176,43.19681818181818,42.74409090909091
2004-10-01,MIG - energy (except section E),Germany,125.8,"Index, 2021=100",125.9,12.065238095238096,12.784999999999998,0.8379242805985881,0.0,49.776666666666664,43.19681818181818
2004-11-01,MIG - energy (except section E),Germany,126.5,"Index, 2021=100",125.8,12.959545454545456,12.065238095238096,-0.22862171681724705,0.0,43.110454545454544,49.776666666666664
2004-12-01,MIG - energy (except section E),Germany,128.5,"Index, 2021=100",126.5,14.537391304347826,12.959545454545456,-0.8713033012256369,-3.1596202022297115,39.60217391304348,43.110454545454544
2005-01-01,MIG - energy (except section E),Germany,122.8,"Index, 2021=100",128.5,14.123333333333331,14.537391304347826,0.2661415106984759,2.159954265104334,44.31238095238095,39.60217391304348
2005-02-01,MIG - energy (except section E),Germany,128.7,"Index, 2021=100",122.8,16.8315,14.123333333333331,0.33553585232891664,0.0,45.475,44.31238095238095
2005-03-01,MIG - energy (except section E),Germany,127.5,"Index, 2021=100",128.7,18.585217391304347,16.8315,0.5751930208570617,3.0421593263989704,53.071739130434786,45.475
2005-04-01,MIG - energy (except section E),Germany,127.1,"Index, 2021=100",127.5,14.80857142857143,18.585217391304347,-0.5666684540474421,0.0,51.88380952380952,53.071739130434786
2005-05-01,MIG - energy (except section E),Germany,125.0,"Index, 2021=100",127.1,14.289090909090909,14.80857142857143,-0.10846214234396483,0.0,48.64545454545455,51.88380952380952
2005-06-01,MIG - energy (except section E),Germany,125.9,"Index, 2021=100",125.0,14.356363636363636,14.289090909090909,0.503989891285571,0.3374585671050337,54.35454545454545,48.64545454545455
2005-07-01,MIG - energy (except section E),Germany,126.9,"Index, 2021=100",125.9,15.540952380952382,14.356363636363636,0.563468443674944,0.0,57.52,54.35454545454545
2005-08-01,MIG - energy (except section E),Germany,124.8,"Index, 2021=100",126.9,15.107826086956523,15.540952380952382,0.718752317958703,0.0,63.98347826086956,57.52
2005-09-01,MIG - energy (except section E),Germany,123.8,"Index, 2021=100",124.8,14.746363636363638,15.107826086956523,1.1148474280757803,-1.6643240899907965,62.908181818181816,63.98347826086956
2005-10-01,MIG - energy (except section E),Germany,124.7,"Index, 2021=100",123.8,15.534761904761906,14.746363636363638,-1.0533079897254418,0.0,58.53857142857142,62.908181818181816
2005-11-01,MIG - energy (except section E),Germany,126.0,"Index, 2021=100",124.7,19.15909090909091,15.534761904761906,-1.2341397270208476,0.0,55.24181818181818,58.53857142857142
2005-12-01,MIG - energy (except section E),Germany,130.1,"Index, 2021=100",126.0,22.903636363636362,19.15909090909091,-0.03924653272715153,2.9526028347999587,56.84136363636364,55.24181818181818
2006-01-01,MIG - energy (except section E),Germany,135.4,"Index, 2021=100",130.1,25.694999999999997,22.903636363636362,0.19348656521120655,-0.15180339953147387,62.77409090909091,56.84136363636364
2006-02-01,MIG - energy (except section E),Germany,131.8,"Index, 2021=100",135.4,22.324,25.694999999999997,-0.6518974343740799,0.0,60.21,62.77409090909091
2006-03-01,MIG - energy (except section E),Germany,131.5,"Index, 2021=100",131.8,26.028260869565216,22.324,-0.07863751143875931,-1.827456416166897,62.06478260869565,60.21
2006-04-01,MIG - energy (except section E),Germany,128.4,"Index, 2021=100",131.5,21.387999999999998,26.028260869565216,0.6237237514902355,0.0,70.173,62.06478260869565
2006-05-01,MIG - energy (except section E),Germany,123.1,"Index, 2021=100",128.4,19.692608695652176,21.387999999999998,-0.3540726086115883,0.0,69.77695652173912,70.173
2006-06-01,MIG - energy (except section E),Germany,128.7,"Index, 2021=100",123.1,19.58409090909091,19.692608695652176,-0.31545669169778073,-1.1833322763183536,68.5559090909091,69.77695652173912
2006-07-01,MIG - energy (except section E),Germany,128.6,"Index, 2021=100",128.7,19.847619047619048,19.58409090909091,0.28310573574819875,0.0,73.67428571428572,68.5559090909091
2006-08-01,MIG - energy (except section E),Germany,127.1,"Index, 2021=100",128.6,17.97826086956522,19.847619047619048,-0.1782674258490434,0.0,73.2304347826087,73.67428571428572
2006-09-01,MIG - energy (except section E),Germany,123.8,"Index, 2021=100",127.1,15.951428571428572,17.97826086956522,-1.0773599355773278,-1.1265879387430244,61.95857142857143,73.2304347826087
2006-10-01,MIG - energy (except section E),Germany,122.2,"Index, 2021=100",123.8,14.200454545454546,15.951428571428572,-0.713482353040865,-1.0147867419479089,57.808181818181815,61.95857142857143
2006-11-01,MIG - energy (except section E),Germany,123.2,"Index, 2021=100",122.2,19.87272727272727,14.200454545454546,-0.6336040683167151,0.0,58.76136363636363,57.808181818181815
2006-12-01,MIG - energy (except section E),Germany,123.0,"Index, 2021=100",123.2,16.45809523809524,19.87272727272727,0.06279864252157119,1.7594994847040366,62.41952380952381,58.76136363636363
2007-01-01,MIG - energy (except section E),Germany,115.7,"Index, 2021=100",123.0,13.603478260869565,16.45809523809524,-0.8815456486489374,0.0,53.748695652173915,62.41952380952381
2007-02-01,MIG - energy (except section E),Germany,118.0,"Index, 2021=100",115.7,9.310500000000001,13.603478260869565,0.5012149220613668,0.0,57.516999999999996,53.748695652173915
2007-03-01,MIG - energy (except section E),Germany,120.0,"Index, 2021=100",118.0,10.338636363636363,9.310500000000001,0.001407425353364094,-0.689195928658093,62.05045454545455,57.516999999999996
2007-04-01,MIG - energy (except section E),Germany,120.8,"Index, 2021=100",120.0,8.91904761904762,10.338636363636363,0.23160567911181562,0.0,67.64428571428572,62.05045454545455
2007-05-01,MIG - energy (except section E),Germany,124.0,"Index, 2021=100",120.8,11.71391304347826,8.91904761904762,-0.29762578435044224,0.0,67.36478260869566,67.64428571428572
2007-06-01,MIG - energy (except section E),Germany,128.4,"Index, 2021=100",124.0,10.586190476190476,11.71391304347826,0.16535936703141824,0.0,71.04571428571428,67.36478260869566
2007-07-01,MIG - energy (except section E),Germany,124.7,"Index, 2021=100",128.4,14.946363636363635,10.586190476190476,0.18880782596297765,0.0,76.80863636363637,71.04571428571428
2007-08-01,MIG - energy (except section E),Germany,127.6,"Index, 2021=100",124.7,14.281304347826088,14.946363636363635,-0.5681005018139146,0.0,70.76086956521739,76.80863636363637
2007-09-01,MIG - energy (except section E),Germany,128.2,"Index, 2021=100",127.6,17.057,14.281304347826088,1.0001793364551819,1.1859376565060231,76.929,70.76086956521739
2007-10-01,MIG - energy (except section E),Germany,128.4,"Index, 2021=100",128.2,20.13478260869565,17.057,0.10198579635873983,0.0,82.34,76.929
2007-11-01,MIG - energy (except section E),Germany,127.7,"Index, 2021=100",128.4,22.223636363636363,20.13478260869565,0.6128810878526092,0.0,92.53045454545455,82.34
2007-12-01,MIG - energy (except section E),Germany,124.8,"Index, 2021=100",127.7,23.133333333333333,22.223636363636363,-0.28925766272037334,-0.831933850195447,90.99,92.53045454545455
2008-01-01,MIG - energy (except section E),Germany,117.7,"Index, 2021=100",124.8,24.26347826086956,23.133333333333333,-0.13761859893639725,0.0,92.13391304347826,90.99
2008-02-01,MIG - energy (except section E),Germany,117.2,"Index, 2021=100",117.7,22.760952380952382,24.26347826086956,0.2608943406309443,-2.502179452682496,95.08047619047619,92.13391304347826
2008-03-01,MIG - energy (except section E),Germany,121.8,"Index, 2021=100",117.2,23.693333333333335,22.760952380952382,1.0041522754151373,4.248635030337986,103.45190476190476,95.08047619047619
2008-04-01,MIG - energy (except section E),Germany,129.3,"Index, 2021=100",121.8,25.75318181818182,23.693333333333335,0.06105421820469373,0.0,109.07136363636364,103.45190476190476
2008-05-01,MIG - energy (except section E),Germany,123.6,"Index, 2021=100",129.3,25.01409090909091,25.75318181818182,1.3761117623094206,0.0,123.11181818181818,109.07136363636364
2008-06-01,MIG - energy (except section E),Germany,122.4,"Index, 2021=100",123.6,26.552380952380954,25.01409090909091,1.1146900143738558,0.0,132.32238095238094,123.11181818181818
2008-07-01,MIG - energy (except section E),Germany,121.4,"Index, 2021=100",122.4,25.088260869565215,26.552380952380954,0.5718559213874487,0.0,133.20652173913044,132.32238095238094
2008-08-01,MIG - energy (except section E),Germany,119.6,"Index, 2021=100",121.4,24.035238095238096,25.088260869565215,-0.46951606860925593,0.0,113.24333333333334,133.20652173913044
2008-09-01,MIG - energy (except section E),Germany,122.8,"Index, 2021=100",119.6,30.28409090909091,24.035238095238096,0.2624296377427312,-0.7550683370320911,97.97363636363637,113.24333333333334
2008-10-01,MIG - energy (except section E),Germany,122.2,"Index, 2021=100",122.8,26.14260869565217,30.28409090909091,-2.8871890830034372,-5.276020721573241,71.58217391304348,97.97363636363637
2008-11-01,MIG - energy (except section E),Germany,114.9,"Index, 2021=100",122.2,23.5355,26.14260869565217,-1.0616536689944311,0.0,52.2995,71.58217391304348
2008-12-01,MIG - energy (except section E),Germany,113.5,"Index, 2021=100",114.9,21.674347826086954,23.5355,-0.2694383119813248,-2.158283290921576,39.70782608695652,52.2995
2009-01-01,MIG - energy (except section E),Germany,118.1,"Index, 2021=100",113.5,23.224999999999998,21.674347826086954,1.9606284214617051,0.0,43.09227272727273,39.70782608695652
2009-02-01,MIG - energy (except section E),Germany,112.6,"Index, 2021=100",118.1,17.725,23.224999999999998,0.07516411002784573,0.0,43.326499999999996,43.09227272727273
2009-03-01,MIG - energy (except section E),Germany,107.8,"Index, 2021=100",112.6,12.2,17.725,1.147539934894266,1.9198599485884802,46.540454545454544,43.326499999999996
2009-04-01,MIG - energy (except section E),Germany,106.8,"Index, 2021=100",107.8,11.327272727272726,12.2,-0.6897706760210826,0.0,50.279545454545456,46.540454545454544
2009-05-01,MIG - energy (except section E),Germany,107.7,"Index, 2021=100",106.8,11.00952380952381,11.327272727272726,0.9371855413099275,2.9437593321208158,57.36904761904762,50.279545454545456
2009-06-01,MIG - energy (except section E),Germany,118.2,"Index, 2021=100",107.7,10.796818181818182,11.00952380952381,1.0697891624848404,0.0,68.60954545454545,57.36904761904762
2009-07-01,MIG - energy (except section E),Germany,117.2,"Index, 2021=100",118.2,9.393478260869566,10.796818181818182,-0.8584497443655938,0.0,64.49217391304347,68.60954545454545
2009-08-01,MIG - energy (except section E),Germany,117.9,"Index, 2021=100",117.2,8.778571428571428,9.393478260869566,1.168814769853965,0.0,72.50857142857143,64.49217391304347
2009-09-01,MIG - energy (except section E),Germany,117.8,"Index, 2021=100",117.9,9.418181818181818,8.778571428571428,0.12040182675501683,0.7555170574307397,67.56409090909091,72.50857142857143
2009-10-01,MIG - energy (except section E),Germany,116.3,"Index, 2021=100",117.8,10.340909090909092,9.418181818181818,0.8389514187941388,0.0,72.76954545454545,67.56409090909091
2009-11-01,MIG - energy (except section E),Germany,112.9,"Index, 2021=100",116.3,9.738095238095237,10.340909090909092,-0.14885123884919385,0.0,76.65761904761905,72.76954545454545
2009-12-01,MIG - energy (except section E),Germany,117.8,"Index, 2021=100",112.9,11.4,9.738095238095237,-0.8450010635890879,1.281714088367376,74.48652173913044,76.65761904761905
2010-01-01,MIG - energy (except section E),Germany,121.1,"Index, 2021=100",117.8,14.44047619047619,11.4,-0.48138524271346517,0.0,76.28285714285714,74.48652173913044
2010-02-01,MIG - energy (except section E),Germany,117.4,"Index, 2021=100",121.1,13.715,14.44047619047619,-0.21414063782099357,0.0,73.639,76.28285714285714
2010-03-01,MIG - energy (except section E),Germany,111.8,"Index, 2021=100",117.4,11.954782608695652,13.715,-0.5233596426999279,1.5544096531485574,78.82739130434783,73.639
2010-04-01,MIG - energy (except section E),Germany,117.6,"Index, 2021=100",111.8,13.493181818181819,11.954782608695652,-0.18357082280701043,0.0,84.71818181818182,78.82739130434783
2010-05-01,MIG - energy (except section E),Germany,120.4,"Index, 2021=100",117.6,16.781904761904762,13.493181818181819,-1.323271263136311,0.0,75.8052380952381,84.71818181818182
2010-06-01,MIG - energy (except section E),Germany,113.2,"Index, 2021=100",120.4,19.222727272727273,16.781904761904762,0.525869862586917,0.0,74.7609090909091,75.8052380952381
2010-07-01,MIG - energy (except section E),Germany,119.1,"Index, 2021=100",113.2,19.469545454545454,19.222727272727273,0.04754485195679738,0.0,75.40590909090909,74.7609090909091
2010-08-01,MIG - energy (except section E),Germany,116.6,"Index, 2021=100",119.1,18.13090909090909,19.469545454545454,-0.07161403937119563,0.0,77.03954545454545,75.40590909090909
2010-09-01,MIG - energy (except section E),Germany,117.7,"Index, 2021=100",116.6,18.943181818181817,18.13090909090909,-0.1487126906627298,0.0,77.71272727272728,77.03954545454545
2010-10-01,MIG - energy (except section E),Germany,118.4,"Index, 2021=100",117.7,18.497619047619047,18.943181818181817,0.7103428057964077,-0.4584134038079942,82.6647619047619,77.71272727272728
2010-11-01,MIG - energy (except section E),Germany,118.6,"Index, 2021=100",118.4,19.477272727272727,18.497619047619047,0.09961570270309454,0.0,85.24090909090908,82.6647619047619
2010-12-01,MIG - energy (except section E),Germany,123.3,"Index, 2021=100",118.6,24.09478260869565,19.477272727272727,-0.1169385540431611,1.0894693635716877,91.54173913043478,85.24090909090908
2011-01-01,MIG - energy (except section E),Germany,117.3,"Index, 2021=100",123.3,22.343809523809526,24.09478260869565,-0.13316626923827257,0.0,96.58714285714285,91.54173913043478
2011-02-01,MIG - energy (except section E),Germany,116.8,"Index, 2021=100",117.3,21.761,22.343809523809526,0.1062714600527813,0.0,103.6405,96.58714285714285
2011-03-01,MIG - energy (except section E),Germany,115.4,"Index, 2021=100",116.8,23.722608695652173,21.761,1.0735774048683804,0.0,114.64347826086957,103.6405
2011-04-01,MIG - energy (except section E),Germany,112.1,"Index, 2021=100",115.4,22.854761904761904,23.722608695652173,0.9191065185128502,0.0,123.45380952380954,114.64347826086957
2011-05-01,MIG - energy (except section E),Germany,109.6,"Index, 2021=100",112.1,22.989545454545453,22.854761904761904,-0.754449697870264,0.0,114.98272727272727,123.45380952380954
2011-06-01,MIG - energy (except section E),Germany,109.5,"Index, 2021=100",109.6,22.613636363636363,22.989545454545453,-0.5053044665651589,1.5367288900477356,113.83318181818181,114.98272727272727
2011-07-01,MIG - energy (except section E),Germany,112.8,"Index, 2021=100",109.5,21.51142857142857,22.613636363636363,-0.18652846565540906,0.0,116.63285714285715,113.83318181818181
2011-08-01,MIG - energy (except section E),Germany,112.2,"Index, 2021=100",112.8,21.93565217391304,21.51142857142857,-1.0228125161863917,0.0,110.3095652173913,116.63285714285715
2011-09-01,MIG - energy (except section E),Germany,109.8,"Index, 2021=100",112.2,23.39363636363636,21.93565217391304,0.43959634290727284,0.0,112.9740909090909,110.3095652173913
2011-10-01,MIG - energy (except section E),Germany,111.8,"Index, 2021=100",109.8,22.554761904761904,23.39363636363636,-0.15278013183668757,0.0,109.55000000000001,112.9740909090909
2011-11-01,MIG - energy (except section E),Germany,112.1,"Index, 2021=100",111.8,23.736363636363638,22.554761904761904,0.8939539270283243,0.0,110.58909090909091,109.55000000000001
2011-12-01,MIG - energy (except section E),Germany,112.9,"Index, 2021=100",112.1,22.296818181818182,23.736363636363638,-0.356458994127559,-4.916568331324604,107.99863636363635,110.58909090909091
2012-01-01,MIG - energy (except section E),Germany,112.4,"Index, 2021=100",112.9,21.865454545454543,22.296818181818182,0.20632540358179952,0.0,110.53136363636364,107.99863636363635
2012-02-01,MIG - energy (except section E),Germany,119.8,"Index, 2021=100",112.4,25.41142857142857,21.865454545454543,-0.029054799009691847,0.0,119.39190476190477,110.53136363636364
2012-03-01,MIG - energy (except section E),Germany,114.8,"Index, 2021=100",119.8,23.80727272727273,25.41142857142857,0.784751689386223,0.0,125.44545454545455,119.39190476190477
2012-04-01,MIG - energy (except section E),Germany,116.2,"Index, 2021=100",114.8,24.78952380952381,23.80727272727273,0.24063874434988755,0.0,120.05666666666667,125.44545454545455
2012-05-01,MIG - energy (except section E),Germany,116.0,"Index, 2021=100",116.2,24.196521739130436,24.78952380952381,-0.3856336478636065,0.0,110.2891304347826,120.05666666666667
2012-06-01,MIG - energy (except section E),Germany,116.2,"Index, 2021=100",116.0,23.673333333333332,24.196521739130436,-0.36812562156261563,1.490841835031829,95.15571428571428,110.2891304347826
2012-07-01,MIG - energy (except section E),Germany,114.2,"Index, 2021=100",116.2,24.332727272727276,23.673333333333332,0.6703576310954897,0.0,102.49454545454546,95.15571428571428
2012-08-01,MIG - energy (except section E),Germany,116.8,"Index, 2021=100",114.2,24.05652173913043,24.332727272727276,0.889111873743037,0.0,113.35608695652174,102.49454545454546
2012-09-01,MIG - energy (except section E),Germany,114.8,"Index, 2021=100",116.8,25.825499999999998,24.05652173913043,0.366716761812549,0.0,112.917,113.35608695652174
2012-10-01,MIG - energy (except section E),Germany,113.8,"Index, 2021=100",114.8,26.702173913043477,25.825499999999998,-0.2515652750980356,0.0,111.7108695652174,112.917
2012-11-01,MIG - energy (except section E),Germany,113.0,"Index, 2021=100",113.8,27.24909090909091,26.702173913043477,-0.07773850880404555,0.0,109.13818181818182,111.7108695652174
2012-12-01,MIG - energy (except section E),Germany,110.5,"Index, 2021=100",113.0,27.22333333333333,27.24909090909091,-0.28562219812972955,0.9944110031743462,109.44380952380953,109.13818181818182
2013-01-01,MIG - energy (except section E),Germany,112.0,"Index, 2021=100",110.5,26.51782608695652,27.22333333333333,0.31250565033261724,0.0,112.81173913043479,109.44380952380953
2013-02-01,MIG - energy (except section E),Germany,113.1,"Index, 2021=100",112.0,26.3165,26.51782608695652,0.16430715373994836,0.0,116.11800000000001,112.81173913043479
2013-03-01,MIG - energy (except section E),Germany,119.2,"Index, 2021=100",113.1,32.31666666666666,26.3165,-0.383542027094866,0.0,108.47333333333333,116.11800000000001
2013-04-01,MIG - energy (except section E),Germany,115.4,"Index, 2021=100",119.2,28.575,32.31666666666666,-0.25921885392347294,0.0,102.24818181818182,108.47333333333333
2013-05-01,MIG - energy (except section E),Germany,111.4,"Index, 2021=100",115.4,26.73304347826087,28.575,0.16248527258302423,-1.3607161850187028,102.50130434782609,102.24818181818182
2013-06-01,MIG - energy (except section E),Germany,114.7,"Index, 2021=100",111.4,26.23,26.73304347826087,0.1894274611148,0.0,102.9195,102.50130434782609
2013-07-01,MIG - energy (except section E),Germany,114.0,"Index, 2021=100",114.7,26.070434782608697,26.23,0.6182980381651376,0.0,107.85434782608696,102.9195
2013-08-01,MIG - energy (except section E),Germany,113.6,"Index, 2021=100",114.0,25.55181818181818,26.070434782608697,-0.07052223294410298,0.0,111.28045454545455,107.85434782608696
2013-09-01,MIG - energy (except section E),Germany,114.3,"Index, 2021=100",113.6,26.478571428571428,25.55181818181818,0.06362224893820845,0.0,111.8047619047619,111.28045454545455
2013-10-01,MIG - energy (except section E),Germany,113.4,"Index, 2021=100",114.3,25.868695652173916,26.478571428571428,0.13725652508100525,0.0,109.07652173913044,111.8047619047619
2013-11-01,MIG - energy (except section E),Germany,111.9,"Index, 2021=100",113.4,27.18047619047619,25.868695652173916,-0.11144201084991862,0.0,107.96,109.07652173913044
2013-12-01,MIG - energy (except section E),Germany,111.1,"Index, 2021=100",111.9,27.702727272727273,27.18047619047619,0.6426503974155726,1.006536826380158,110.79363636363637,107.96
2014-01-01,MIG - energy (except section E),Germany,109.7,"Index, 2021=100",111.1,26.253913043478263,27.702727272727273,-0.19812368810882713,0.0,108.19739130434782,110.79363636363637
2014-02-01,MIG - energy (except section E),Germany,107.2,"Index, 2021=100",109.7,23.849,26.253913043478263,-0.044531303873754494,0.0,108.88700000000001,108.19739130434782
2014-03-01,MIG - energy (except section E),Germany,107.8,"Index, 2021=100",107.2,22.767142857142858,23.849,0.0514680128382354,0.0,107.48095238095237,108.88700000000001
2014-04-01,MIG - energy (except section E),Germany,108.3,"Index, 2021=100",107.8,20.423181818181817,22.767142857142858,-0.018508882722691297,0.0,107.84772727272728,107.48095238095237
2014-05-01,MIG - energy (except section E),Germany,108.8,"Index, 2021=100",108.3,19.08818181818182,20.423181818181817,0.10496074182617701,0.0,109.53909090909092,107.84772727272728
2014-06-01,MIG - energy (except section E),Germany,108.8,"Index, 2021=100",108.8,17.39190476190476,19.08818181818182,0.3545000070992207,0.42851134062250246,111.79523809523809,109.53909090909092
2014-07-01,MIG - energy (except section E),Germany,106.2,"Index, 2021=100",108.8,16.50565217391304,17.39190476190476,-0.4381447112306579,0.0,106.86434782608696,111.79523809523809
2014-08-01,MIG - energy (except section E),Germany,107.9,"Index, 2021=100",106.2,17.497142857142858,16.50565217391304,0.08722188445673984,0.0,101.60809523809523,106.86434782608696
2014-09-01,MIG - energy (except section E),Germany,110.2,"Index, 2021=100",107.9,20.74863636363636,17.497142857142858,-0.16107172026645272,0.0,97.27454545454545,101.60809523809523
2014-10-01,MIG - energy (except section E),Germany,112.5,"Index, 2021=100",110.2,21.268260869565218,20.74863636363636,-0.2764119863445895,0.0,87.42521739130434,97.27454545454545
2014-11-01,MIG - energy (except section E),Germany,110.6,"Index, 2021=100",112.5,22.978,21.268260869565218,-0.9869169148213338,-9.796069628596289,79.3355,87.42521739130434
2014-12-01,MIG - energy (except section E),Germany,112.6,"Index, 2021=100",110.6,22.520869565217392,22.978,-1.2412203634377712,0.0,62.17565217391304,79.3355
2015-01-01,MIG - energy (except section E),Germany,112.3,"Index, 2021=100",112.6,19.755,22.520869565217392,-1.689378075003543,0.0,48.08363636363636,62.17565217391304
2015-02-01,MIG - energy (except section E),Germany,115.3,"Index, 2021=100",112.3,22.566,19.755,1.030226324080852,0.0,58.0955,48.08363636363636
2015-03-01,MIG - energy (except section E),Germany,116.3,"Index, 2021=100",115.3,21.856818181818184,22.566,-0.2471285840319799,0.0,55.88545454545454,58.0955
2015-04-01,MIG - energy (except section E),Germany,116.5,"Index, 2021=100",116.3,22.078181818181818,21.856818181818184,0.7630852782137214,0.0,59.35181818181818,55.88545454545454
2015-05-01,MIG - energy (except section E),Germany,112.8,"Index, 2021=100",116.5,20.548571428571428,22.078181818181818,0.9306750388082086,0.0,64.1047619047619,59.35181818181818
2015-06-01,MIG - energy (except section E),Germany,116.7,"Index, 2021=100",112.8,20.520454545454545,20.548571428571428,-0.3949488388902102,2.4056171564772404,61.47772727272727,64.1047619047619
2015-07-01,MIG - energy (except section E),Germany,118.3,"Index, 2021=100",116.7,20.858260869565218,20.520454545454545,-0.8969936335129175,0.0,56.56130434782609,61.47772727272727
2015-08-01,MIG - energy (except section E),Germany,115.4,"Index, 2021=100",118.3,19.576190476190476,20.858260869565218,-0.6689537169882939,0.0,46.58428571428571,56.56130434782609
2015-09-01,MIG - energy (except section E),Germany,117.2,"Index, 2021=100",115.4,19.16,19.576190476190476,0.4134260838296521,0.0,47.62318181818182,46.58428571428571
2015-10-01,MIG - energy (except section E),Germany,113.0,"Index, 2021=100",117.2,18.243636363636366,19.16,-0.17098247375992967,0.0,48.43,47.62318181818182
2015-11-01,MIG - energy (except section E),Germany,113.6,"Index, 2021=100",113.0,17.202380952380953,18.243636363636366,-0.3748783969247207,0.0,44.26761904761905,48.43
2015-12-01,MIG - energy (except section E),Germany,111.3,"Index, 2021=100",113.6,15.640869565217391,17.202380952380953,-0.7698627351357819,-1.9668139100704445,37.97130434782609,44.26761904761905
2016-01-01,MIG - energy (except section E),Germany,113.1,"Index, 2021=100",111.3,13.904285714285715,15.640869565217391,-1.2929579520638326,0.0,30.98095238095238,37.97130434782609
2016-02-01,MIG - energy (except section E),Germany,111.2,"Index, 2021=100",113.1,12.476666666666667,13.904285714285715,-0.22939651791615284,0.0,32.163333333333334,30.98095238095238
2016-03-01,MIG - energy (except section E),Germany,111.6,"Index, 2021=100",111.2,12.267826086956523,12.476666666666667,0.9962287899781237,0.0,38.21565217391304,32.163333333333334
2016-04-01,MIG - energy (except section E),Germany,111.4,"Index, 2021=100",111.6,11.979999999999999,12.267826086956523,-0.15187983491624749,0.0,41.583333333333336,38.21565217391304
2016-05-01,MIG - energy (except section E),Germany,113.5,"Index, 2021=100",111.4,13.04090909090909,11.979999999999999,0.6792464128472383,0.0,46.84909090909091,41.583333333333336
2016-06-01,MIG - energy (except section E),Germany,112.3,"Index, 2021=100",113.5,14.41590909090909,13.04090909090909,-0.1770446016289529,0.582575139176583,48.24727272727273,46.84909090909091
2016-07-01,MIG - energy (except section E),Germany,114.8,"Index, 2021=100",112.3,14.241904761904761,14.41590909090909,-0.4528878840711025,0.0,44.951904761904764,48.24727272727273
2016-08-01,MIG - energy (except section E),Germany,115.1,"Index, 2021=100",114.8,11.980869565217391,14.241904761904761,0.1189274105169856,0.0,45.843043478260874,44.951904761904764
2016-09-01,MIG - energy (except section E),Germany,115.4,"Index, 2021=100",115.1,12.282272727272726,11.980869565217391,0.24870447283671346,1.4727297897900193,46.567727272727275,45.843043478260874
2016-10-01,MIG - energy (except section E),Germany,113.0,"Index, 2021=100",115.4,16.093809523809526,12.282272727272726,0.41093056832079616,0.0,49.522380952380956,46.567727272727275
2016-11-01,MIG - energy (except section E),Germany,114.6,"Index, 2021=100",113.0,17.90590909090909,16.093809523809526,-0.5793797051617606,7.91404059403762,44.73409090909091,49.522380952380956
2016-12-01,MIG - energy (except section E),Germany,112.1,"Index, 2021=100",114.6,17.689545454545456,17.90590909090909,0.7086845393102761,2.0404579621780123,53.365,44.73409090909091
2017-01-01,MIG - energy (except section E),Germany,114.0,"Index, 2021=100",112.1,20.12272727272727,17.689545454545456,0.08901653408704874,0.0,54.59409090909091,53.365
2017-02-01,MIG - energy (except section E),Germany,111.2,"Index, 2021=100",114.0,19.553,20.12272727272727,-0.03179032404754296,0.0,54.8695,54.59409090909091
2017-03-01,MIG - energy (except section E),Germany,109.3,"Index, 2021=100",111.2,15.799130434782608,19.553,-1.4425063041961181,0.0,51.589130434782604,54.8695
2017-04-01,MIG - energy (except section E),Germany,113.7,"Index, 2021=100",109.3,16.058,15.799130434782608,0.21703780157455996,0.0,52.44500000000001,51.589130434782604
2017-05-01,MIG - energy (except section E),Germany,116.6,"Index, 2021=100",113.7,15.669130434782607,16.058,-0.8328997339371286,-4.41644778310952,50.326521739130435,52.44500000000001
2017-06-01,MIG - energy (except section E),Germany,116.1,"Index, 2021=100",116.6,15.134545454545453,15.669130434782607,-0.26420964099602673,0.0,46.36818181818182,50.326521739130435
2017-07-01,MIG - energy (except section E),Germany,111.7,"Index, 2021=100",116.1,15.095714285714285,15.134545454545453,-0.1449934034705647,0.0,48.47857142857143,46.36818181818182
2017-08-01,MIG - energy (except section E),Germany,115.3,"Index, 2021=100",111.7,15.99304347826087,15.095714285714285,-0.1520757414392232,0.0,51.70434782608696,48.47857142857143
2017-09-01,MIG - energy (except section E),Germany,112.6,"Index, 2021=100",115.3,17.302857142857142,15.99304347826087,0.32443706724488564,0.0,56.152857142857144,51.70434782608696
2017-10-01,MIG - energy (except section E),Germany,113.8,"Index, 2021=100",112.6,17.10363636363636,17.302857142857142,-0.3486109778555899,0.0,57.50772727272727,56.152857142857144
2017-11-01,MIG - energy (except section E),Germany,113.8,"Index, 2021=100",113.8,19.57090909090909,17.10363636363636,0.12556813519738738,0.21630901693183507,62.71409090909091,57.50772727272727
2017-12-01,MIG - energy (except section E),Germany,114.4,"Index, 2021=100",113.8,20.795238095238094,19.57090909090909,-0.1117328946322315,0.0,64.39619047619047,62.71409090909091
2018-01-01,MIG - energy (except section E),Germany,109.0,"Index, 2021=100",114.4,18.6,20.795238095238094,0.7325011228803984,0.0,68.97521739130435,64.39619047619047
2018-02-01,MIG - energy (except section E),Germany,113.7,"Index, 2021=100",109.0,21.679,18.6,-0.5046465050387093,0.0,65.3175,68.97521739130435
2018-03-01,MIG - energy (except section E),Germany,115.2,"Index, 2021=100",113.7,23.622727272727275,21.679,-0.10225293145429594,0.0,66.1531818181818,65.3175
2018-04-01,MIG - energy (except section E),Germany,111.0,"Index, 2021=100",115.2,19.645238095238096,23.622727272727275,0.47425564352743266,0.0,71.95904761904762,66.1531818181818
2018-05-01,MIG - energy (except section E),Germany,111.6,"Index, 2021=100",111.0,21.566086956521737,19.645238095238096,0.5388658853656386,0.0,76.86217391304348,71.95904761904762
2018-06-01,MIG - energy (except section E),Germany,113.7,"Index, 2021=100",111.6,21.92761904761905,21.566086956521737,-0.5831886971683538,-0.4130092757360921,74.4047619047619,76.86217391304348
2018-07-01,MIG - energy (except section E),Germany,114.2,"Index, 2021=100",113.7,22.253636363636364,21.92761904761905,0.5294960350409211,0.0,74.2540909090909,74.4047619047619
2018-08-01,MIG - energy (except section E),Germany,117.9,"Index, 2021=100",114.2,23.94347826086957,22.253636363636364,-0.20893271379353645,0.0,72.52826086956522,74.2540909090909
2018-09-01,MIG - energy (except section E),Germany,111.2,"Index, 2021=100",117.9,27.837,23.94347826086957,0.6564596940208821,0.0,78.89099999999999,72.52826086956522
2018-10-01,MIG - energy (except section E),Germany,107.6,"Index, 2021=100",111.2,25.539565217391303,27.837,0.12149689586130322,0.0,81.03217391304348,78.89099999999999
2018-11-01,MIG - energy (except section E),Germany,107.9,"Index, 2021=100",107.6,24.633636363636366,25.539565217391303,-1.3685992177175907,0.0,64.74818181818182,81.03217391304348
2018-12-01,MIG - energy (except section E),Germany,110.2,"Index, 2021=100",107.9,23.666190476190476,24.633636363636366,-0.2447966896801907,2.07348679679867,56.26285714285714,64.74818181818182
2019-01-01,MIG - energy (except section E),Germany,112.0,"Index, 2021=100",110.2,21.39782608695652,23.666190476190476,0.35962477880472876,0.0,59.025217391304345,56.26285714285714
2019-02-01,MIG - energy (except section E),Germany,107.6,"Index, 2021=100",112.0,18.0035,21.39782608695652,0.1517462342010795,0.0,63.9605,59.025217391304345
2019-03-01,MIG - energy (except section E),Germany,108.2,"Index, 2021=100",107.6,15.697619047619046,18.0035,-0.17808513427363806,0.0,66.13857142857144,63.9605
2019-04-01,MIG - energy (except section E),Germany,105.2,"Index, 2021=100",108.2,15.041818181818183,15.697619047619046,0.3628493694964929,0.0,71.20954545454545,66.13857142857144
2019-05-01,MIG - energy (except section E),Germany,103.5,"Index, 2021=100",105.2,13.298695652173913,15.041818181818183,-0.7347359961140314,0.0,71.17260869565217,71.20954545454545
2019-06-01,MIG - energy (except section E),Germany,99.9,"Index, 2021=100",103.5,10.5225,13.298695652173913,-0.33975076992957615,0.0,64.2205,71.17260869565217
2019-07-01,MIG - energy (except section E),Germany,99.5,"Index, 2021=100",99.9,10.941304347826087,10.5225,0.3395291323618024,-4.251048097619388,63.9191304347826,64.2205
2019-08-01,MIG - energy (except section E),Germany,100.0,"Index, 2021=100",99.5,10.029545454545454,10.941304347826087,-0.3748389650611249,0.0,59.041818181818186,63.9191304347826
2019-09-01,MIG - energy (except section E),Germany,99.5,"Index, 2021=100",100.0,9.568095238095239,10.029545454545454,0.48197852185687173,0.0,62.826666666666675,59.041818181818186
2019-10-01,MIG - energy (except section E),Germany,101.1,"Index, 2021=100",99.5,10.30913043478261,9.568095238095239,-0.3400181888327622,0.0,59.71304347826087,62.826666666666675
2019-11-01,MIG - energy (except section E),Germany,103.6,"Index, 2021=100",101.1,14.763809523809524,10.30913043478261,0.4635132466348744,0.0,63.21190476190476,59.71304347826087
2019-12-01,MIG - energy (except section E),Germany,102.4,"Index, 2021=100",103.6,13.031363636363636,14.763809523809524,0.4622502963974788,1.090508505035817,67.31,63.21190476190476
2020-01-01,MIG - energy (except section E),Germany,102.6,"Index, 2021=100",102.4,11.144782608695651,13.031363636363636,1.4414572982744303,0.0,63.82478260869566,67.31
2020-02-01,MIG - energy (except section E),Germany,102.2,"Index, 2021=100",102.6,9.3725,11.144782608695651,-0.8114535624060095,0.0,55.702,63.82478260869566
2020-03-01,MIG - energy (except section E),Germany,97.4,"Index, 2021=100",102.2,8.622727272727273,9.3725,-1.9239758097171007,-8.007737426749562,31.993636363636366,55.702
2020-04-01,MIG - energy (except section E),Germany,86.9,"Index, 2021=100",97.4,6.54,8.622727272727273,1.3138212739143362,3.0940649462160628,18.546818181818182,31.993636363636366
2020-05-01,MIG - energy (except section E),Germany,88.0,"Index, 2021=100",86.9,4.575714285714286,6.54,0.7414620048035757,0.0,29.344285714285714,18.546818181818182
2020-06-01,MIG - energy (except section E),Germany,94.3,"Index, 2021=100",88.0,4.991818181818181,4.575714285714286,-0.674179631293128,-3.149840310433884,40.26681818181818,29.344285714285714
2020-07-01,MIG - energy (except section E),Germany,92.7,"Index, 2021=100",94.3,4.879565217391304,4.991818181818181,-0.07202838847948002,0.0,43.24217391304348,40.26681818181818
2020-08-01,MIG - energy (except section E),Germany,100.6,"Index, 2021=100",92.7,7.533333333333333,4.879565217391304,-0.7379957308695794,0.0,44.75904761904762,43.24217391304348
2020-09-01,MIG - energy (except section E),Germany,97.7,"Index, 2021=100",100.6,11.161818181818182,7.533333333333333,-0.5826109751692493,0.0,40.90954545454545,44.75904761904762
2020-10-01,MIG - energy (except section E),Germany,100.6,"Index, 2021=100",97.7,13.955454545454545,11.161818181818182,-0.291036694449014,0.0,40.18954545454546,40.90954545454545
2020-11-01,MIG - energy (except section E),Germany,99.9,"Index, 2021=100",100.6,13.794285714285715,13.955454545454545,-0.1676225177801478,0.0,42.69238095238095,40.18954545454546
2020-12-01,MIG - energy (except section E),Germany,98.3,"Index, 2021=100",99.9,16.34565217391304,13.794285714285715,-0.06503074006202851,0.563137829641395,50.03217391304348,42.69238095238095
2021-01-01,MIG - energy (except section E),Germany,97.0,"Index, 2021=100",98.3,20.476190476190474,16.34565217391304,-0.5778110950222807,3.899417998430563,54.60476190476191,50.03217391304348
2021-02-01,MIG - energy (except section E),Germany,95.9,"Index, 2021=100",97.0,17.4085,20.476190476190474,0.26866362438390906,0.0,62.2765,54.60476190476191
2021-03-01,MIG - energy (except section E),Germany,99.4,"Index, 2021=100",95.9,17.795217391304348,17.4085,0.3009824618650811,3.5419347237958796,65.41,62.2765
2021-04-01,MIG - energy (except section E),Germany,103.0,"Index, 2021=100",99.4,20.775454545454547,17.795217391304348,0.5129892999970512,5.991632222929873,64.71954545454545,65.41
2021-05-01,MIG - energy (except section E),Germany,101.3,"Index, 2021=100",103.0,25.285238095238096,20.775454545454547,0.8992703670969532,0.0,68.5352380952381,64.71954545454545
2021-06-01,MIG - energy (except section E),Germany,99.6,"Index, 2021=100",101.3,29.238636363636363,25.285238095238096,0.36360474028399664,2.2925007532095663,73.1640909090909,68.5352380952381
2021-07-01,MIG - energy (except section E),Germany,97.3,"Index, 2021=100",99.6,36.13954545454545,29.238636363636363,0.019142986170709916,-9.851298268875022,75.1659090909091,73.1640909090909
2021-08-01,MIG - energy (except section E),Germany,100.9,"Index, 2021=100",97.3,44.30409090909091,36.13954545454545,-0.3147083142103972,0.0,70.81590909090909,75.1659090909091
2021-09-01,MIG - energy (except section E),Germany,103.7,"Index, 2021=100",100.9,64.45363636363636,44.30409090909091,1.015760795186652,0.4390282348823775,74.48863636363636,70.81590909090909
2021-10-01,MIG - energy (except section E),Germany,103.5,"Index, 2021=100",103.7,87.69238095238094,64.45363636363636,0.7705932795655408,2.361261487325598,83.53809523809524,74.48863636363636
2021-11-01,MIG - energy (except section E),Germany,99.4,"Index, 2021=100",103.5,81.92136363636364,87.69238095238094,-0.5218341421272874,-1.0130750354233125,81.05,83.53809523809524
2021-12-01,MIG - energy (except section E),Germany,99.5,"Index, 2021=100",99.4,112.80739130434783,81.92136363636364,-0.49656758152090014,1.7069751201240932,74.26347826086956,81.05
2022-01-01,MIG - energy (except section E),Germany,99.3,"Index, 2021=100",99.5,84.06952380952382,112.80739130434783,0.8522287791057341,1.4985078326623733,86.50523809523808,74.26347826086956
2022-02-01,MIG - energy (except section E),Germany,104.4,"Index, 2021=100",99.3,81.164,84.06952380952382,0.20967705216092372,0.6492342056890332,97.12899999999999,86.50523809523808
2022-03-01,MIG - energy (except section E),Germany,100.1,"Index, 2021=100",104.4,129.18304347826088,81.164,1.1589724435645128,1.020230642989599,117.24521739130434,97.12899999999999
2022-04-01,MIG - energy (except section E),Germany,105.2,"Index, 2021=100",100.1,101.06238095238095,129.18304347826088,-0.41804567878166843,0.0,105.17095238095239,117.24521739130434
2022-05-01,MIG - energy (except section E),Germany,100.8,"Index, 2021=100",105.2,88.58863636363637,101.06238095238095,0.8079062673307621,0.4644825107300398,113.11136363636363,105.17095238095239
2022-06-01,MIG - energy (except section E),Germany,101.6,"Index, 2021=100",100.8,106.29454545454546,88.58863636363637,0.2666071424046354,-2.121493222584776,122.68772727272727,113.11136363636363
2022-07-01,MIG - energy (except section E),Germany,103.1,"Index, 2021=100",101.6,171.41666666666666,106.29454545454546,-1.5284523643533043,0.0,111.92571428571429,122.68772727272727
2022-08-01,MIG - energy (except section E),Germany,99.7,"Index, 2021=100",103.1,235.68391304347824,171.41666666666666,-0.8625649365210946,-2.904996658248558,100.47608695652173,111.92571428571429
2022-09-01,MIG - energy (except section E),Germany,98.6,"Index, 2021=100",99.7,190.24181818181816,235.68391304347824,-0.6092331240191604,0.5554531127177963,89.74954545454545,100.47608695652173
2022-10-01,MIG - energy (except section E),Germany,90.5,"Index, 2021=100",98.6,72.15047619047618,190.24181818181816,0.8249900068007756,2.4641871317219377,93.33190476190477,89.74954545454545
2022-11-01,MIG - energy (except section E),Germany,91.4,"Index, 2021=100",90.5,96.28181818181817,72.15047619047618,-0.31727729228827767,0.0,91.41545454545455,93.33190476190477
2022-12-01,MIG - energy (except section E),Germany,91.9,"Index, 2021=100",91.4,113.99181818181819,96.28181818181817,-0.5175798710392452,-2.8790551863806995,81.06272727272727,91.41545454545455
2023-01-01,MIG - energy (except section E),Germany,89.4,"Index, 2021=100",91.9,63.004090909090905,113.99181818181819,0.16272770514393026,0.0,82.51590909090909,81.06272727272727
2023-02-01,MIG - energy (except section E),Germany,90.5,"Index, 2021=100",89.4,53.352999999999994,63.004090909090905,-0.3578309492217428,0.0,82.58500000000001,82.51590909090909
2023-03-01,MIG - energy (except section E),Germany,90.7,"Index, 2021=100",90.5,44.18782608695652,53.352999999999994,-0.5444578687975978,0.0,78.43434782608696,82.58500000000001
2023-04-01,MIG - energy (except section E),Germany,87.3,"Index, 2021=100",90.7,42.585,44.18782608695652,0.7779760977112515,0.0,84.8305,78.43434782608696
2023-05-01,MIG - energy (except section E),Germany,82.2,"Index, 2021=100",87.3,31.335652173913044,42.585,-0.9911199872566404,0.0,75.77478260869565,84.8305
2023-06-01,MIG - energy (except section E),Germany,81.7,"Index, 2021=100",82.2,32.39909090909091,31.335652173913044,0.10438583996063543,0.4626838105740375,74.83909090909091,75.77478260869565
2023-07-01,MIG - energy (except section E),Germany,82.0,"Index, 2021=100",81.7,29.665714285714287,32.39909090909091,0.3105036346079896,0.0,80.10809523809523,74.83909090909091
2023-08-01,MIG - energy (except section E),Germany,79.8,"Index, 2021=100",82.0,33.52304347826087,29.665714285714287,0.2634335721723802,0.0,86.11608695652174,80.10809523809523
2023-09-01,MIG - energy (except section E),Germany,77.7,"Index, 2021=100",79.8,36.52761904761905,33.52304347826087,0.4709271233739839,0.0,93.72238095238096,86.11608695652174
2023-10-01,MIG - energy (except section E),Germany,81.7,"Index, 2021=100",77.7,43.264545454545456,36.52761904761905,-0.16534366151930893,0.0,90.59590909090909,93.72238095238096
2023-11-01,MIG - energy (except section E),Germany,84.4,"Index, 2021=100",81.7,43.269090909090906,43.264545454545456,-0.571544726123262,-2.4651491943871404,82.94,90.59590909090909
2023-12-01,MIG - energy (except section E),Germany,87.4,"Index, 2021=100",84.4,35.318571428571424,43.269090909090906,0.011208893183722398,0.0,77.87857142857143,82.94
2004-01-01,Manufacturing,France,112.0,"Index, 2021=100",112.0,11.36,11.36,0.44154017195044576,0.0,31.236363636363638,29.77608695652174
2004-02-01,Manufacturing,France,113.4,"Index, 2021=100",112.0,10.7975,11.36,-0.08581088034809001,2.694076911628696,30.8585,31.236363636363638
2004-03-01,Manufacturing,France,112.4,"Index, 2021=100",113.4,10.900434782608697,10.7975,0.2813203494904621,-0.667869132781252,33.63434782608696,30.8585
2004-04-01,Manufacturing,France,112.7,"Index, 2021=100",112.4,10.974545454545455,10.900434782608697,-0.6033863591783445,0.0,33.59090909090909,33.63434782608696
2004-05-01,Manufacturing,France,111.9,"Index, 2021=100",112.7,11.221904761904762,10.974545454545455,0.5969780334499486,0.0,37.56761904761905,33.59090909090909
2004-06-01,Manufacturing,France,113.6,"Index, 2021=100",111.9,10.607727272727272,11.221904761904762,-0.0108376887124877,-0.8697021883599181,35.18363636363636,37.56761904761905
2004-07-01,Manufacturing,France,114.0,"Index, 2021=100",113.6,10.656818181818181,10.607727272727272,-0.18225670383212336,0.0,38.221363636363634,35.18363636363636
2004-08-01,Manufacturing,France,109.5,"Index, 2021=100",114.0,12.030909090909091,10.656818181818181,0.41307128781677527,0.0,42.74409090909091,38.221363636363634
2004-09-01,Manufacturing,France,113.9,"Index, 2021=100",109.5,12.784999999999998,12.030909090909091,0.020228290770040784,-1.6071356282661176,43.19681818181818,42.74409090909091
2004-10-01,Manufacturing,France,114.7,"Index, 2021=100",113.9,12.065238095238096,12.784999999999998,0.8379242805985881,0.0,49.776666666666664,43.19681818181818
2004-11-01,Manufacturing,France,112.3,"Index, 2021=100",114.7,12.959545454545456,12.065238095238096,-0.22862171681724705,0.0,43.110454545454544,49.776666666666664
2004-12-01,Manufacturing,France,112.8,"Index, 2021=100",112.3,14.537391304347826,12.959545454545456,-0.8713033012256369,-3.1596202022297115,39.60217391304348,43.110454545454544
2005-01-01,Manufacturing,France,115.2,"Index, 2021=100",112.8,14.123333333333331,14.537391304347826,0.2661415106984759,2.159954265104334,44.31238095238095,39.60217391304348
2005-02-01,Manufacturing,France,113.0,"Index, 2021=100",115.2,16.8315,14.123333333333331,0.33553585232891664,0.0,45.475,44.31238095238095
2005-03-01,Manufacturing,France,110.7,"Index, 2021=100",113.0,18.585217391304347,16.8315,0.5751930208570617,3.0421593263989704,53.071739130434786,45.475
2005-04-01,Manufacturing,France,114.1,"Index, 2021=100",110.7,14.80857142857143,18.585217391304347,-0.5666684540474421,0.0,51.88380952380952,53.071739130434786
2005-05-01,Manufacturing,France,112.4,"Index, 2021=100",114.1,14.289090909090909,14.80857142857143,-0.10846214234396483,0.0,48.64545454545455,51.88380952380952
2005-06-01,Manufacturing,France,112.4,"Index, 2021=100",112.4,14.356363636363636,14.289090909090909,0.503989891285571,0.3374585671050337,54.35454545454545,48.64545454545455
2005-07-01,Manufacturing,France,112.2,"Index, 2021=100",112.4,15.540952380952382,14.356363636363636,0.563468443674944,0.0,57.52,54.35454545454545
2005-08-01,Manufacturing,France,110.9,"Index, 2021=100",112.2,15.107826086956523,15.540952380952382,0.718752317958703,0.0,63.98347826086956,57.52
2005-09-01,Manufacturing,France,114.7,"Index, 2021=100",110.9,14.746363636363638,15.107826086956523,1.1148474280757803,-1.6643240899907965,62.908181818181816,63.98347826086956
2005-10-01,Manufacturing,France,111.3,"Index, 2021=100",114.7,15.534761904761906,14.746363636363638,-1.0533079897254418,0.0,58.53857142857142,62.908181818181816
2005-11-01,Manufacturing,France,115.6,"Index, 2021=100",111.3,19.15909090909091,15.534761904761906,-1.2341397270208476,0.0,55.24181818181818,58.53857142857142
2005-12-01,Manufacturing,France,114.1,"Index, 2021=100",115.6,22.903636363636362,19.15909090909091,-0.03924653272715153,2.9526028347999587,56.84136363636364,55.24181818181818
2006-01-01,Manufacturing,France,113.2,"Index, 2021=100",114.1,25.694999999999997,22.903636363636362,0.19348656521120655,-0.15180339953147387,62.77409090909091,56.84136363636364
2006-02-01,Manufacturing,France,112.6,"Index, 2021=100",113.2,22.324,25.694999999999997,-0.6518974343740799,0.0,60.21,62.77409090909091
2006-03-01,Manufacturing,France,115.0,"Index, 2021=100",112.6,26.028260869565216,22.324,-0.07863751143875931,-1.827456416166897,62.06478260869565,60.21
2006-04-01,Manufacturing,France,113.5,"Index, 2021=100",115.0,21.387999999999998,26.028260869565216,0.6237237514902355,0.0,70.173,62.06478260869565
2006-05-01,Manufacturing,France,116.5,"Index, 2021=100",113.5,19.692608695652176,21.387999999999998,-0.3540726086115883,0.0,69.77695652173912,70.173
2006-06-01,Manufacturing,France,116.4,"Index, 2021=100",116.5,19.58409090909091,19.692608695652176,-0.31545669169778073,-1.1833322763183536,68.5559090909091,69.77695652173912
2006-07-01,Manufacturing,France,114.3,"Index, 2021=100",116.4,19.847619047619048,19.58409090909091,0.28310573574819875,0.0,73.67428571428572,68.5559090909091
2006-08-01,Manufacturing,France,113.6,"Index, 2021=100",114.3,17.97826086956522,19.847619047619048,-0.1782674258490434,0.0,73.2304347826087,73.67428571428572
2006-09-01,Manufacturing,France,115.6,"Index, 2021=100",113.6,15.951428571428572,17.97826086956522,-1.0773599355773278,-1.1265879387430244,61.95857142857143,73.2304347826087
2006-10-01,Manufacturing,France,114.9,"Index, 2021=100",115.6,14.200454545454546,15.951428571428572,-0.713482353040865,-1.0147867419479089,57.808181818181815,61.95857142857143
2006-11-01,Manufacturing,France,114.2,"Index, 2021=100",114.9,19.87272727272727,14.200454545454546,-0.6336040683167151,0.0,58.76136363636363,57.808181818181815
2006-12-01,Manufacturing,France,116.3,"Index, 2021=100",114.2,16.45809523809524,19.87272727272727,0.06279864252157119,1.7594994847040366,62.41952380952381,58.76136363636363
2007-01-01,Manufacturing,France,115.3,"Index, 2021=100",116.3,13.603478260869565,16.45809523809524,-0.8815456486489374,0.0,53.748695652173915,62.41952380952381
2007-02-01,Manufacturing,France,116.2,"Index, 2021=100",115.3,9.310500000000001,13.603478260869565,0.5012149220613668,0.0,57.516999999999996,53.748695652173915
2007-03-01,Manufacturing,France,116.9,"Index, 2021=100",116.2,10.338636363636363,9.310500000000001,0.001407425353364094,-0.689195928658093,62.05045454545455,57.516999999999996
2007-04-01,Manufacturing,France,115.3,"Index, 2021=100",116.9,8.91904761904762,10.338636363636363,0.23160567911181562,0.0,67.64428571428572,62.05045454545455
2007-05-01,Manufacturing,France,117.9,"Index, 2021=100",115.3,11.71391304347826,8.91904761904762,-0.29762578435044224,0.0,67.36478260869566,67.64428571428572
2007-06-01,Manufacturing,France,117.0,"Index, 2021=100",117.9,10.586190476190476,11.71391304347826,0.16535936703141824,0.0,71.04571428571428,67.36478260869566
2007-07-01,Manufacturing,France,117.1,"Index, 2021=100",117.0,14.946363636363635,10.586190476190476,0.18880782596297765,0.0,76.80863636363637,71.04571428571428
2007-08-01,Manufacturing,France,117.8,"Index, 2021=100",117.1,14.281304347826088,14.946363636363635,-0.5681005018139146,0.0,70.76086956521739,76.80863636363637
2007-09-01,Manufacturing,France,114.7,"Index, 2021=100",117.8,17.057,14.281304347826088,1.0001793364551819,1.1859376565060231,76.929,70.76086956521739
2007-10-01,Manufacturing,France,117.4,"Index, 2021=100",114.7,20.13478260869565,17.057,0.10198579635873983,0.0,82.34,76.929
2007-11-01,Manufacturing,France,115.9,"Index, 2021=100",117.4,22.223636363636363,20.13478260869565,0.6128810878526092,0.0,92.53045454545455,82.34
2007-12-01,Manufacturing,France,116.0,"Index, 2021=100",115.9,23.133333333333333,22.223636363636363,-0.28925766272037334,-0.831933850195447,90.99,92.53045454545455
2008-01-01,Manufacturing,France,117.4,"Index, 2021=100",116.0,24.26347826086956,23.133333333333333,-0.13761859893639725,0.0,92.13391304347826,90.99
2008-02-01,Manufacturing,France,118.6,"Index, 2021=100",117.4,22.760952380952382,24.26347826086956,0.2608943406309443,-2.502179452682496,95.08047619047619,92.13391304347826
2008-03-01,Manufacturing,France,116.4,"Index, 2021=100",118.6,23.693333333333335,22.760952380952382,1.0041522754151373,4.248635030337986,103.45190476190476,95.08047619047619
2008-04-01,Manufacturing,France,118.2,"Index, 2021=100",116.4,25.75318181818182,23.693333333333335,0.06105421820469373,0.0,109.07136363636364,103.45190476190476
2008-05-01,Manufacturing,France,113.3,"Index, 2021=100",118.2,25.01409090909091,25.75318181818182,1.3761117623094206,0.0,123.11181818181818,109.07136363636364
2008-06-01,Manufacturing,France,112.8,"Index, 2021=100",113.3,26.552380952380954,25.01409090909091,1.1146900143738558,0.0,132.32238095238094,123.11181818181818
2008-07-01,Manufacturing,France,113.5,"Index, 2021=100",112.8,25.088260869565215,26.552380952380954,0.5718559213874487,0.0,133.20652173913044,132.32238095238094
2008-08-01,Manufacturing,France,111.7,"Index, 2021=100",113.5,24.035238095238096,25.088260869565215,-0.46951606860925593,0.0,113.24333333333334,133.20652173913044
2008-09-01,Manufacturing,France,111.4,"Index, 2021=100",111.7,30.28409090909091,24.035238095238096,0.2624296377427312,-0.7550683370320911,97.97363636363637,113.24333333333334
2008-10-01,Manufacturing,France,109.4,"Index, 2021=100",111.4,26.14260869565217,30.28409090909091,-2.8871890830034372,-5.276020721573241,71.58217391304348,97.97363636363637
2008-11-01,Manufacturing,France,103.0,"Index, 2021=100",109.4,23.5355,26.14260869565217,-1.0616536689944311,0.0,52.2995,71.58217391304348
2008-12-01,Manufacturing,France,101.6,"Index, 2021=100",103.0,21.674347826086954,23.5355,-0.2694383119813248,-2.158283290921576,39.70782608695652,52.2995
2009-01-01,Manufacturing,France,96.7,"Index, 2021=100",101.6,23.224999999999998,21.674347826086954,1.9606284214617051,0.0,43.09227272727273,39.70782608695652
2009-02-01,Manufacturing,France,95.5,"Index, 2021=100",96.7,17.725,23.224999999999998,0.07516411002784573,0.0,43.326499999999996,43.09227272727273
2009-03-01,Manufacturing,France,94.1,"Index, 2021=100",95.5,12.2,17.725,1.147539934894266,1.9198599485884802,46.540454545454544,43.326499999999996
2009-04-01,Manufacturing,France,94.1,"Index, 2021=100",94.1,11.327272727272726,12.2,-0.6897706760210826,0.0,50.279545454545456,46.540454545454544
2009-05-01,Manufacturing,France,95.6,"Index, 2021=100",94.1,11.00952380952381,11.327272727272726,0.9371855413099275,2.9437593321208158,57.36904761904762,50.279545454545456
2009-06-01,Manufacturing,France,97.4,"Index, 2021=100",95.6,10.796818181818182,11.00952380952381,1.0697891624848404,0.0,68.60954545454545,57.36904761904762
2009-07-01,Manufacturing,France,96.8,"Index, 2021=100",97.4,9.393478260869566,10.796818181818182,-0.8584497443655938,0.0,64.49217391304347,68.60954545454545
2009-08-01,Manufacturing,France,98.1,"Index, 2021=100",96.8,8.778571428571428,9.393478260869566,1.168814769853965,0.0,72.50857142857143,64.49217391304347
2009-09-01,Manufacturing,France,99.3,"Index, 2021=100",98.1,9.418181818181818,8.778571428571428,0.12040182675501683,0.7555170574307397,67.56409090909091,72.50857142857143
2009-10-01,Manufacturing,France,98.3,"Index, 2021=100",99.3,10.340909090909092,9.418181818181818,0.8389514187941388,0.0,72.76954545454545,67.56409090909091
2009-11-01,Manufacturing,France,99.9,"Index, 2021=100",98.3,9.738095238095237,10.340909090909092,-0.14885123884919385,0.0,76.65761904761905,72.76954545454545
2009-12-01,Manufacturing,France,98.7,"Index, 2021=100",99.9,11.4,9.738095238095237,-0.8450010635890879,1.281714088367376,74.48652173913044,76.65761904761905
2010-01-01,Manufacturing,France,98.8,"Index, 2021=100",98.7,14.44047619047619,11.4,-0.48138524271346517,0.0,76.28285714285714,74.48652173913044
2010-02-01,Manufacturing,France,98.4,"Index, 2021=100",98.8,13.715,14.44047619047619,-0.21414063782099357,0.0,73.639,76.28285714285714
2010-03-01,Manufacturing,France,100.6,"Index, 2021=100",98.4,11.954782608695652,13.715,-0.5233596426999279,1.5544096531485574,78.82739130434783,73.639
2010-04-01,Manufacturing,France,100.6,"Index, 2021=100",100.6,13.493181818181819,11.954782608695652,-0.18357082280701043,0.0,84.71818181818182,78.82739130434783
2010-05-01,Manufacturing,France,101.3,"Index, 2021=100",100.6,16.781904761904762,13.493181818181819,-1.323271263136311,0.0,75.8052380952381,84.71818181818182
2010-06-01,Manufacturing,France,101.0,"Index, 2021=100",101.3,19.222727272727273,16.781904761904762,0.525869862586917,0.0,74.7609090909091,75.8052380952381
2010-07-01,Manufacturing,France,101.7,"Index, 2021=100",101.0,19.469545454545454,19.222727272727273,0.04754485195679738,0.0,75.40590909090909,74.7609090909091
2010-08-01,Manufacturing,France,100.6,"Index, 2021=100",101.7,18.13090909090909,19.469545454545454,-0.07161403937119563,0.0,77.03954545454545,75.40590909090909
2010-09-01,Manufacturing,France,102.1,"Index, 2021=100",100.6,18.943181818181817,18.13090909090909,-0.1487126906627298,0.0,77.71272727272728,77.03954545454545
2010-10-01,Manufacturing,France,101.9,"Index, 2021=100",102.1,18.497619047619047,18.943181818181817,0.7103428057964077,-0.4584134038079942,82.6647619047619,77.71272727272728
2010-11-01,Manufacturing,France,102.9,"Index, 2021=100",101.9,19.477272727272727,18.497619047619047,0.09961570270309454,0.0,85.24090909090908,82.6647619047619
2010-12-01,Manufacturing,France,103.9,"Index, 2021=100",102.9,24.09478260869565,19.477272727272727,-0.1169385540431611,1.0894693635716877,91.54173913043478,85.24090909090908
2011-01-01,Manufacturing,France,106.1,"Index, 2021=100",103.9,22.343809523809526,24.09478260869565,-0.13316626923827257,0.0,96.58714285714285,91.54173913043478
2011-02-01,Manufacturing,France,107.1,"Index, 2021=100",106.1,21.761,22.343809523809526,0.1062714600527813,0.0,103.6405,96.58714285714285
2011-03-01,Manufacturing,France,105.8,"Index, 2021=100",107.1,23.722608695652173,21.761,1.0735774048683804,0.0,114.64347826086957,103.6405
2011-04-01,Manufacturing,France,104.4,"Index, 2021=100",105.8,22.854761904761904,23.722608695652173,0.9191065185128502,0.0,123.45380952380954,114.64347826086957
2011-05-01,Manufacturing,France,107.9,"Index, 2021=100",104.4,22.989545454545453,22.854761904761904,-0.754449697870264,0.0,114.98272727272727,123.45380952380954
2011-06-01,Manufacturing,France,103.7,"Index, 2021=100",107.9,22.613636363636363,22.989545454545453,-0.5053044665651589,1.5367288900477356,113.83318181818181,114.98272727272727
2011-07-01,Manufacturing,France,105.2,"Index, 2021=100",103.7,21.51142857142857,22.613636363636363,-0.18652846565540906,0.0,116.63285714285715,113.83318181818181
2011-08-01,Manufacturing,France,103.9,"Index, 2021=100",105.2,21.93565217391304,21.51142857142857,-1.0228125161863917,0.0,110.3095652173913,116.63285714285715
2011-09-01,Manufacturing,France,103.4,"Index, 2021=100",103.9,23.39363636363636,21.93565217391304,0.43959634290727284,0.0,112.9740909090909,110.3095652173913
2011-10-01,Manufacturing,France,103.8,"Index, 2021=100",103.4,22.554761904761904,23.39363636363636,-0.15278013183668757,0.0,109.55000000000001,112.9740909090909
2011-11-01,Manufacturing,France,106.6,"Index, 2021=100",103.8,23.736363636363638,22.554761904761904,0.8939539270283243,0.0,110.58909090909091,109.55000000000001
2011-12-01,Manufacturing,France,104.4,"Index, 2021=100",106.6,22.296818181818182,23.736363636363638,-0.356458994127559,-4.916568331324604,107.99863636363635,110.58909090909091
2012-01-01,Manufacturing,France,103.2,"Index, 2021=100",104.4,21.865454545454543,22.296818181818182,0.20632540358179952,0.0,110.53136363636364,107.99863636363635
2012-02-01,Manufacturing,France,102.2,"Index, 2021=100",103.2,25.41142857142857,21.865454545454543,-0.029054799009691847,0.0,119.39190476190477,110.53136363636364
2012-03-01,Manufacturing,France,103.8,"Index, 2021=100",102.2,23.80727272727273,25.41142857142857,0.784751689386223,0.0,125.44545454545455,119.39190476190477
2012-04-01,Manufacturing,France,102.7,"Index, 2021=100",103.8,24.78952380952381,23.80727272727273,0.24063874434988755,0.0,120.05666666666667,125.44545454545455
2012-05-01,Manufacturing,France,101.7,"Index, 2021=100",102.7,24.196521739130436,24.78952380952381,-0.3856336478636065,0.0,110.2891304347826,120.05666666666667
2012-06-01,Manufacturing,France,101.7,"Index, 2021=100",101.7,23.673333333333332,24.196521739130436,-0.36812562156261563,1.490841835031829,95.15571428571428,110.2891304347826
2012-07-01,Manufacturing,France,102.7,"Index, 2021=100",101.7,24.332727272727276,23.673333333333332,0.6703576310954897,0.0,102.49454545454546,95.15571428571428
2012-08-01,Manufacturing,France,104.1,"Index, 2021=100",102.7,24.05652173913043,24.332727272727276,0.889111873743037,0.0,113.35608695652174,102.49454545454546
2012-09-01,Manufacturing,France,102.1,"Index, 2021=100",104.1,25.825499999999998,24.05652173913043,0.366716761812549,0.0,112.917,113.35608695652174
2012-10-01,Manufacturing,France,99.9,"Index, 2021=100",102.1,26.702173913043477,25.825499999999998,-0.2515652750980356,0.0,111.7108695652174,112.917
2012-11-01,Manufacturing,France,99.9,"Index, 2021=100",99.9,27.24909090909091,26.702173913043477,-0.07773850880404555,0.0,109.13818181818182,111.7108695652174
2012-12-01,Manufacturing,France,101.5,"Index, 2021=100",99.9,27.22333333333333,27.24909090909091,-0.28562219812972955,0.9944110031743462,109.44380952380953,109.13818181818182
2013-01-01,Manufacturing,France,100.9,"Index, 2021=100",101.5,26.51782608695652,27.22333333333333,0.31250565033261724,0.0,112.81173913043479,109.44380952380953
2013-02-01,Manufacturing,France,101.6,"Index, 2021=100",100.9,26.3165,26.51782608695652,0.16430715373994836,0.0,116.11800000000001,112.81173913043479
2013-03-01,Manufacturing,France,101.8,"Index, 2021=100",101.6,32.31666666666666,26.3165,-0.383542027094866,0.0,108.47333333333333,116.11800000000001
2013-04-01,Manufacturing,France,103.3,"Index, 2021=100",101.8,28.575,32.31666666666666,-0.25921885392347294,0.0,102.24818181818182,108.47333333333333
2013-05-01,Manufacturing,France,103.1,"Index, 2021=100",103.3,26.73304347826087,28.575,0.16248527258302423,-1.3607161850187028,102.50130434782609,102.24818181818182
2013-06-01,Manufacturing,France,102.4,"Index, 2021=100",103.1,26.23,26.73304347826087,0.1894274611148,0.0,102.9195,102.50130434782609
2013-07-01,Manufacturing,France,101.6,"Index, 2021=100",102.4,26.070434782608697,26.23,0.6182980381651376,0.0,107.85434782608696,102.9195
2013-08-01,Manufacturing,France,100.5,"Index, 2021=100",101.6,25.55181818181818,26.070434782608697,-0.07052223294410298,0.0,111.28045454545455,107.85434782608696
2013-09-01,Manufacturing,France,101.8,"Index, 2021=100",100.5,26.478571428571428,25.55181818181818,0.06362224893820845,0.0,111.8047619047619,111.28045454545455
2013-10-01,Manufacturing,France,101.9,"Index, 2021=100",101.8,25.868695652173916,26.478571428571428,0.13725652508100525,0.0,109.07652173913044,111.8047619047619
2013-11-01,Manufacturing,France,102.8,"Index, 2021=100",101.9,27.18047619047619,25.868695652173916,-0.11144201084991862,0.0,107.96,109.07652173913044
2013-12-01,Manufacturing,France,102.1,"Index, 2021=100",102.8,27.702727272727273,27.18047619047619,0.6426503974155726,1.006536826380158,110.79363636363637,107.96
2014-01-01,Manufacturing,France,101.2,"Index, 2021=100",102.1,26.253913043478263,27.702727272727273,-0.19812368810882713,0.0,108.19739130434782,110.79363636363637
2014-02-01,Manufacturing,France,103.0,"Index, 2021=100",101.2,23.849,26.253913043478263,-0.044531303873754494,0.0,108.88700000000001,108.19739130434782
2014-03-01,Manufacturing,France,102.6,"Index, 2021=100",103.0,22.767142857142858,23.849,0.0514680128382354,0.0,107.48095238095237,108.88700000000001
2014-04-01,Manufacturing,France,102.5,"Index, 2021=100",102.6,20.423181818181817,22.767142857142858,-0.018508882722691297,0.0,107.84772727272728,107.48095238095237
2014-05-01,Manufacturing,France,99.9,"Index, 2021=100",102.5,19.08818181818182,20.423181818181817,0.10496074182617701,0.0,109.53909090909092,107.84772727272728
2014-06-01,Manufacturing,France,101.8,"Index, 2021=100",99.9,17.39190476190476,19.08818181818182,0.3545000070992207,0.42851134062250246,111.79523809523809,109.53909090909092
2014-07-01,Manufacturing,France,102.6,"Index, 2021=100",101.8,16.50565217391304,17.39190476190476,-0.4381447112306579,0.0,106.86434782608696,111.79523809523809
2014-08-01,Manufacturing,France,100.7,"Index, 2021=100",102.6,17.497142857142858,16.50565217391304,0.08722188445673984,0.0,101.60809523809523,106.86434782608696
2014-09-01,Manufacturing,France,102.3,"Index, 2021=100",100.7,20.74863636363636,17.497142857142858,-0.16107172026645272,0.0,97.27454545454545,101.60809523809523
2014-10-01,Manufacturing,France,101.1,"Index, 2021=100",102.3,21.268260869565218,20.74863636363636,-0.2764119863445895,0.0,87.42521739130434,97.27454545454545
2014-11-01,Manufacturing,France,99.6,"Index, 2021=100",101.1,22.978,21.268260869565218,-0.9869169148213338,-9.796069628596289,79.3355,87.42521739130434
2014-12-01,Manufacturing,France,102.7,"Index, 2021=100",99.6,22.520869565217392,22.978,-1.2412203634377712,0.0,62.17565217391304,79.3355
2015-01-01,Manufacturing,France,102.0,"Index, 2021=100",102.7,19.755,22.520869565217392,-1.689378075003543,0.0,48.08363636363636,62.17565217391304
2015-02-01,Manufacturing,France,102.3,"Index, 2021=100",102.0,22.566,19.755,1.030226324080852,0.0,58.0955,48.08363636363636
2015-03-01,Manufacturing,France,103.0,"Index, 2021=100",102.3,21.856818181818184,22.566,-0.2471285840319799,0.0,55.88545454545454,58.0955
2015-04-01,Manufacturing,France,102.3,"Index, 2021=100",103.0,22.078181818181818,21.856818181818184,0.7630852782137214,0.0,59.35181818181818,55.88545454545454
2015-05-01,Manufacturing,France,103.3,"Index, 2021=100",102.3,20.548571428571428,22.078181818181818,0.9306750388082086,0.0,64.1047619047619,59.35181818181818
2015-06-01,Manufacturing,France,103.1,"Index, 2021=100",103.3,20.520454545454545,20.548571428571428,-0.3949488388902102,2.4056171564772404,61.47772727272727,64.1047619047619
2015-07-01,Manufacturing,France,101.8,"Index, 2021=100",103.1,20.858260869565218,20.520454545454545,-0.8969936335129175,0.0,56.56130434782609,61.47772727272727
2015-08-01,Manufacturing,France,103.2,"Index, 2021=100",101.8,19.576190476190476,20.858260869565218,-0.6689537169882939,0.0,46.58428571428571,56.56130434782609
2015-09-01,Manufacturing,France,104.2,"Index, 2021=100",103.2,19.16,19.576190476190476,0.4134260838296521,0.0,47.62318181818182,46.58428571428571
2015-10-01,Manufacturing,France,103.3,"Index, 2021=100",104.2,18.243636363636366,19.16,-0.17098247375992967,0.0,48.43,47.62318181818182
2015-11-01,Manufacturing,France,102.4,"Index, 2021=100",103.3,17.202380952380953,18.243636363636366,-0.3748783969247207,0.0,44.26761904761905,48.43
2015-12-01,Manufacturing,France,103.5,"Index, 2021=100",102.4,15.640869565217391,17.202380952380953,-0.7698627351357819,-1.9668139100704445,37.97130434782609,44.26761904761905
2016-01-01,Manufacturing,France,104.6,"Index, 2021=100",103.5,13.904285714285715,15.640869565217391,-1.2929579520638326,0.0,30.98095238095238,37.97130434782609
2016-02-01,Manufacturing,France,103.3,"Index, 2021=100",104.6,12.476666666666667,13.904285714285715,-0.22939651791615284,0.0,32.163333333333334,30.98095238095238
2016-03-01,Manufacturing,France,102.0,"Index, 2021=100",103.3,12.267826086956523,12.476666666666667,0.9962287899781237,0.0,38.21565217391304,32.163333333333334
2016-04-01,Manufacturing,France,103.8,"Index, 2021=100",102.0,11.979999999999999,12.267826086956523,-0.15187983491624749,0.0,41.583333333333336,38.21565217391304
2016-05-01,Manufacturing,France,102.6,"Index, 2021=100",103.8,13.04090909090909,11.979999999999999,0.6792464128472383,0.0,46.84909090909091,41.583333333333336
2016-06-01,Manufacturing,France,101.7,"Index, 2021=100",102.6,14.41590909090909,13.04090909090909,-0.1770446016289529,0.582575139176583,48.24727272727273,46.84909090909091
2016-07-01,Manufacturing,France,102.2,"Index, 2021=100",101.7,14.241904761904761,14.41590909090909,-0.4528878840711025,0.0,44.951904761904764,48.24727272727273
2016-08-01,Manufacturing,France,103.9,"Index, 2021=100",102.2,11.980869565217391,14.241904761904761,0.1189274105169856,0.0,45.843043478260874,44.951904761904764
2016-09-01,Manufacturing,France,103.1,"Index, 2021=100",103.9,12.282272727272726,11.980869565217391,0.24870447283671346,1.4727297897900193,46.567727272727275,45.843043478260874
2016-10-01,Manufacturing,France,102.0,"Index, 2021=100",103.1,16.093809523809526,12.282272727272726,0.41093056832079616,0.0,49.522380952380956,46.567727272727275
2016-11-01,Manufacturing,France,104.8,"Index, 2021=100",102.0,17.90590909090909,16.093809523809526,-0.5793797051617606,7.91404059403762,44.73409090909091,49.522380952380956
2016-12-01,Manufacturing,France,103.8,"Index, 2021=100",104.8,17.689545454545456,17.90590909090909,0.7086845393102761,2.0404579621780123,53.365,44.73409090909091
2017-01-01,Manufacturing,France,103.0,"Index, 2021=100",103.8,20.12272727272727,17.689545454545456,0.08901653408704874,0.0,54.59409090909091,53.365
2017-02-01,Manufacturing,France,103.5,"Index, 2021=100",103.0,19.553,20.12272727272727,-0.03179032404754296,0.0,54.8695,54.59409090909091
2017-03-01,Manufacturing,France,105.8,"Index, 2021=100",103.5,15.799130434782608,19.553,-1.4425063041961181,0.0,51.589130434782604,54.8695
2017-04-01,Manufacturing,France,104.2,"Index, 2021=100",105.8,16.058,15.799130434782608,0.21703780157455996,0.0,52.44500000000001,51.589130434782604
2017-05-01,Manufacturing,France,106.8,"Index, 2021=100",104.2,15.669130434782607,16.058,-0.8328997339371286,-4.41644778310952,50.326521739130435,52.44500000000001
2017-06-01,Manufacturing,France,105.8,"Index, 2021=100",106.8,15.134545454545453,15.669130434782607,-0.26420964099602673,0.0,46.36818181818182,50.326521739130435
2017-07-01,Manufacturing,France,105.8,"Index, 2021=100",105.8,15.095714285714285,15.134545454545453,-0.1449934034705647,0.0,48.47857142857143,46.36818181818182
2017-08-01,Manufacturing,France,106.0,"Index, 2021=100",105.8,15.99304347826087,15.095714285714285,-0.1520757414392232,0.0,51.70434782608696,48.47857142857143
2017-09-01,Manufacturing,France,107.1,"Index, 2021=100",106.0,17.302857142857142,15.99304347826087,0.32443706724488564,0.0,56.152857142857144,51.70434782608696
2017-10-01,Manufacturing,France,108.4,"Index, 2021=100",107.1,17.10363636363636,17.302857142857142,-0.3486109778555899,0.0,57.50772727272727,56.152857142857144
2017-11-01,Manufacturing,France,108.2,"Index, 2021=100",108.4,19.57090909090909,17.10363636363636,0.12556813519738738,0.21630901693183507,62.71409090909091,57.50772727272727
2017-12-01,Manufacturing,France,109.3,"Index, 2021=100",108.2,20.795238095238094,19.57090909090909,-0.1117328946322315,0.0,64.39619047619047,62.71409090909091
2018-01-01,Manufacturing,France,105.9,"Index, 2021=100",109.3,18.6,20.795238095238094,0.7325011228803984,0.0,68.97521739130435,64.39619047619047
2018-02-01,Manufacturing,France,105.2,"Index, 2021=100",105.9,21.679,18.6,-0.5046465050387093,0.0,65.3175,68.97521739130435
2018-03-01,Manufacturing,France,106.7,"Index, 2021=100",105.2,23.622727272727275,21.679,-0.10225293145429594,0.0,66.1531818181818,65.3175
2018-04-01,Manufacturing,France,107.1,"Index, 2021=100",106.7,19.645238095238096,23.622727272727275,0.47425564352743266,0.0,71.95904761904762,66.1531818181818
2018-05-01,Manufacturing,France,105.5,"Index, 2021=100",107.1,21.566086956521737,19.645238095238096,0.5388658853656386,0.0,76.86217391304348,71.95904761904762
2018-06-01,Manufacturing,France,107.7,"Index, 2021=100",105.5,21.92761904761905,21.566086956521737,-0.5831886971683538,-0.4130092757360921,74.4047619047619,76.86217391304348
2018-07-01,Manufacturing,France,106.8,"Index, 2021=100",107.7,22.253636363636364,21.92761904761905,0.5294960350409211,0.0,74.2540909090909,74.4047619047619
2018-08-01,Manufacturing,France,107.3,"Index, 2021=100",106.8,23.94347826086957,22.253636363636364,-0.20893271379353645,0.0,72.52826086956522,74.2540909090909
2018-09-01,Manufacturing,France,106.2,"Index, 2021=100",107.3,27.837,23.94347826086957,0.6564596940208821,0.0,78.89099999999999,72.52826086956522
2018-10-01,Manufacturing,France,107.7,"Index, 2021=100",106.2,25.539565217391303,27.837,0.12149689586130322,0.0,81.03217391304348,78.89099999999999
2018-11-01,Manufacturing,France,106.4,"Index, 2021=100",107.7,24.633636363636366,25.539565217391303,-1.3685992177175907,0.0,64.74818181818182,81.03217391304348
2018-12-01,Manufacturing,France,107.9,"Index, 2021=100",106.4,23.666190476190476,24.633636363636366,-0.2447966896801907,2.07348679679867,56.26285714285714,64.74818181818182
2019-01-01,Manufacturing,France,108.1,"Index, 2021=100",107.9,21.39782608695652,23.666190476190476,0.35962477880472876,0.0,59.025217391304345,56.26285714285714
2019-02-01,Manufacturing,France,108.5,"Index, 2021=100",108.1,18.0035,21.39782608695652,0.1517462342010795,0.0,63.9605,59.025217391304345
2019-03-01,Manufacturing,France,108.3,"Index, 2021=100",108.5,15.697619047619046,18.0035,-0.17808513427363806,0.0,66.13857142857144,63.9605
2019-04-01,Manufacturing,France,108.2,"Index, 2021=100",108.3,15.041818181818183,15.697619047619046,0.3628493694964929,0.0,71.20954545454545,66.13857142857144
2019-05-01,Manufacturing,France,109.6,"Index, 2021=100",108.2,13.298695652173913,15.041818181818183,-0.7347359961140314,0.0,71.17260869565217,71.20954545454545
2019-06-01,Manufacturing,France,106.5,"Index, 2021=100",109.6,10.5225,13.298695652173913,-0.33975076992957615,0.0,64.2205,71.17260869565217
2019-07-01,Manufacturing,France,107.5,"Index, 2021=100",106.5,10.941304347826087,10.5225,0.3395291323618024,-4.251048097619388,63.9191304347826,64.2205
2019-08-01,Manufacturing,France,106.1,"Index, 2021=100",107.5,10.029545454545454,10.941304347826087,-0.3748389650611249,0.0,59.041818181818186,63.9191304347826
2019-09-01,Manufacturing,France,107.9,"Index, 2021=100",106.1,9.568095238095239,10.029545454545454,0.48197852185687173,0.0,62.826666666666675,59.041818181818186
2019-10-01,Manufacturing,France,107.9,"Index, 2021=100",107.9,10.30913043478261,9.568095238095239,-0.3400181888327622,0.0,59.71304347826087,62.826666666666675
2019-11-01,Manufacturing,France,106.6,"Index, 2021=100",107.9,14.763809523809524,10.30913043478261,0.4635132466348744,0.0,63.21190476190476,59.71304347826087
2019-12-01,Manufacturing,France,104.6,"Index, 2021=100",106.6,13.031363636363636,14.763809523809524,0.4622502963974788,1.090508505035817,67.31,63.21190476190476
2020-01-01,Manufacturing,France,106.8,"Index, 2021=100",104.6,11.144782608695651,13.031363636363636,1.4414572982744303,0.0,63.82478260869566,67.31
2020-02-01,Manufacturing,France,108.4,"Index, 2021=100",106.8,9.3725,11.144782608695651,-0.8114535624060095,0.0,55.702,63.82478260869566
2020-03-01,Manufacturing,France,85.7,"Index, 2021=100",108.4,8.622727272727273,9.3725,-1.9239758097171007,-8.007737426749562,31.993636363636366,55.702
2020-04-01,Manufacturing,France,65.6,"Index, 2021=100",85.7,6.54,8.622727272727273,1.3138212739143362,3.0940649462160628,18.546818181818182,31.993636363636366
2020-05-01,Manufacturing,France,80.7,"Index, 2021=100",65.6,4.575714285714286,6.54,0.7414620048035757,0.0,29.344285714285714,18.546818181818182
2020-06-01,Manufacturing,France,92.6,"Index, 2021=100",80.7,4.991818181818181,4.575714285714286,-0.674179631293128,-3.149840310433884,40.26681818181818,29.344285714285714
2020-07-01,Manufacturing,France,97.6,"Index, 2021=100",92.6,4.879565217391304,4.991818181818181,-0.07202838847948002,0.0,43.24217391304348,40.26681818181818
2020-08-01,Manufacturing,France,98.1,"Index, 2021=100",97.6,7.533333333333333,4.879565217391304,-0.7379957308695794,0.0,44.75904761904762,43.24217391304348
2020-09-01,Manufacturing,France,100.4,"Index, 2021=100",98.1,11.161818181818182,7.533333333333333,-0.5826109751692493,0.0,40.90954545454545,44.75904761904762
2020-10-01,Manufacturing,France,101.5,"Index, 2021=100",100.4,13.955454545454545,11.161818181818182,-0.291036694449014,0.0,40.18954545454546,40.90954545454545
2020-11-01,Manufacturing,France,101.2,"Index, 2021=100",101.5,13.794285714285715,13.955454545454545,-0.1676225177801478,0.0,42.69238095238095,40.18954545454546
2020-12-01,Manufacturing,France,99.9,"Index, 2021=100",101.2,16.34565217391304,13.794285714285715,-0.06503074006202851,0.563137829641395,50.03217391304348,42.69238095238095
2021-01-01,Manufacturing,France,103.1,"Index, 2021=100",99.9,20.476190476190474,16.34565217391304,-0.5778110950222807,3.899417998430563,54.60476190476191,50.03217391304348
2021-02-01,Manufacturing,France,98.6,"Index, 2021=100",103.1,17.4085,20.476190476190474,0.26866362438390906,0.0,62.2765,54.60476190476191
2021-03-01,Manufacturing,France,99.9,"Index, 2021=100",98.6,17.795217391304348,17.4085,0.3009824618650811,3.5419347237958796,65.41,62.2765
2021-04-01,Manufacturing,France,99.8,"Index, 2021=100",99.9,20.775454545454547,17.795217391304348,0.5129892999970512,5.991632222929873,64.71954545454545,65.41
2021-05-01,Manufacturing,France,99.3,"Index, 2021=100",99.8,25.285238095238096,20.775454545454547,0.8992703670969532,0.0,68.5352380952381,64.71954545454545
2021-06-01,Manufacturing,France,99.5,"Index, 2021=100",99.3,29.238636363636363,25.285238095238096,0.36360474028399664,2.2925007532095663,73.1640909090909,68.5352380952381
2021-07-01,Manufacturing,France,100.7,"Index, 2021=100",99.5,36.13954545454545,29.238636363636363,0.019142986170709916,-9.851298268875022,75.1659090909091,73.1640909090909
2021-08-01,Manufacturing,France,100.4,"Index, 2021=100",100.7,44.30409090909091,36.13954545454545,-0.3147083142103972,0.0,70.81590909090909,75.1659090909091
2021-09-01,Manufacturing,France,98.6,"Index, 2021=100",100.4,64.45363636363636,44.30409090909091,1.015760795186652,0.4390282348823775,74.48863636363636,70.81590909090909
2021-10-01,Manufacturing,France,101.4,"Index, 2021=100",98.6,87.69238095238094,64.45363636363636,0.7705932795655408,2.361261487325598,83.53809523809524,74.48863636363636
2021-11-01,Manufacturing,France,99.0,"Index, 2021=100",101.4,81.92136363636364,87.69238095238094,-0.5218341421272874,-1.0130750354233125,81.05,83.53809523809524
2021-12-01,Manufacturing,France,99.9,"Index, 2021=100",99.0,112.80739130434783,81.92136363636364,-0.49656758152090014,1.7069751201240932,74.26347826086956,81.05
2022-01-01,Manufacturing,France,102.4,"Index, 2021=100",99.9,84.06952380952382,112.80739130434783,0.8522287791057341,1.4985078326623733,86.50523809523808,74.26347826086956
2022-02-01,Manufacturing,France,101.1,"Index, 2021=100",102.4,81.164,84.06952380952382,0.20967705216092372,0.6492342056890332,97.12899999999999,86.50523809523808
2022-03-01,Manufacturing,France,100.6,"Index, 2021=100",101.1,129.18304347826088,81.164,1.1589724435645128,1.020230642989599,117.24521739130434,97.12899999999999
2022-04-01,Manufacturing,France,99.5,"Index, 2021=100",100.6,101.06238095238095,129.18304347826088,-0.41804567878166843,0.0,105.17095238095239,117.24521739130434
2022-05-01,Manufacturing,France,101.6,"Index, 2021=100",99.5,88.58863636363637,101.06238095238095,0.8079062673307621,0.4644825107300398,113.11136363636363,105.17095238095239
2022-06-01,Manufacturing,France,102.4,"Index, 2021=100",101.6,106.29454545454546,88.58863636363637,0.2666071424046354,-2.121493222584776,122.68772727272727,113.11136363636363
2022-07-01,Manufacturing,France,100.9,"Index, 2021=100",102.4,171.41666666666666,106.29454545454546,-1.5284523643533043,0.0,111.92571428571429,122.68772727272727
2022-08-01,Manufacturing,France,103.6,"Index, 2021=100",100.9,235.68391304347824,171.41666666666666,-0.8625649365210946,-2.904996658248558,100.47608695652173,111.92571428571429
2022-09-01,Manufacturing,France,103.7,"Index, 2021=100",103.6,190.24181818181816,235.68391304347824,-0.6092331240191604,0.5554531127177963,89.74954545454545,100.47608695652173
2022-10-01,Manufacturing,France,102.0,"Index, 2021=100",103.7,72.15047619047618,190.24181818181816,0.8249900068007756,2.4641871317219377,93.33190476190477,89.74954545454545
2022-11-01,Manufacturing,France,103.7,"Index, 2021=100",102.0,96.28181818181817,72.15047619047618,-0.31727729228827767,0.0,91.41545454545455,93.33190476190477
2022-12-01,Manufacturing,France,103.4,"Index, 2021=100",103.7,113.99181818181819,96.28181818181817,-0.5175798710392452,-2.8790551863806995,81.06272727272727,91.41545454545455
2023-01-01,Manufacturing,France,102.2,"Index, 2021=100",103.4,63.004090909090905,113.99181818181819,0.16272770514393026,0.0,82.51590909090909,81.06272727272727
2023-02-01,Manufacturing,France,103.0,"Index, 2021=100",102.2,53.352999999999994,63.004090909090905,-0.3578309492217428,0.0,82.58500000000001,82.51590909090909
2023-03-01,Manufacturing,France,101.4,"Index, 2021=100",103.0,44.18782608695652,53.352999999999994,-0.5444578687975978,0.0,78.43434782608696,82.58500000000001
2023-04-01,Manufacturing,France,101.6,"Index, 2021=100",101.4,42.585,44.18782608695652,0.7779760977112515,0.0,84.8305,78.43434782608696
2023-05-01,Manufacturing,France,104.7,"Index, 2021=100",101.6,31.335652173913044,42.585,-0.9911199872566404,0.0,75.77478260869565,84.8305
2023-06-01,Manufacturing,France,103.3,"Index, 2021=100",104.7,32.39909090909091,31.335652173913044,0.10438583996063543,0.4626838105740375,74.83909090909091,75.77478260869565
2023-07-01,Manufacturing,France,103.2,"Index, 2021=100",103.3,29.665714285714287,32.39909090909091,0.3105036346079896,0.0,80.10809523809523,74.83909090909091
2023-08-01,Manufacturing,France,102.9,"Index, 2021=100",103.2,33.52304347826087,29.665714285714287,0.2634335721723802,0.0,86.11608695652174,80.10809523809523
2023-09-01,Manufacturing,France,102.9,"Index, 2021=100",102.9,36.52761904761905,33.52304347826087,0.4709271233739839,0.0,93.72238095238096,86.11608695652174
2023-10-01,Manufacturing,France,103.4,"Index, 2021=100",102.9,43.264545454545456,36.52761904761905,-0.16534366151930893,0.0,90.59590909090909,93.72238095238096
2023-11-01,Manufacturing,France,103.3,"Index, 2021=100",103.4,43.269090909090906,43.264545454545456,-0.571544726123262,-2.4651491943871404,82.94,90.59590909090909
2023-12-01,Manufacturing,France,103.9,"Index, 2021=100",103.3,35.318571428571424,43.269090909090906,0.011208893183722398,0.0,77.87857142857143,82.94
2004-01-01,"Electricity, gas, steam and air conditioning supply",France,105.5,"Index, 2021=100",105.5,11.36,11.36,0.44154017195044576,0.0,31.236363636363638,29.77608695652174
2004-02-01,"Electricity, gas, steam and air conditioning supply",France,104.1,"Index, 2021=100",105.5,10.7975,11.36,-0.08581088034809001,2.694076911628696,30.8585,31.236363636363638
2004-03-01,"Electricity, gas, steam and air conditioning supply",France,107.8,"Index, 2021=100",104.1,10.900434782608697,10.7975,0.2813203494904621,-0.667869132781252,33.63434782608696,30.8585
2004-04-01,"Electricity, gas, steam and air conditioning supply",France,105.6,"Index, 2021=100",107.8,10.974545454545455,10.900434782608697,-0.6033863591783445,0.0,33.59090909090909,33.63434782608696
2004-05-01,"Electricity, gas, steam and air conditioning supply",France,106.4,"Index, 2021=100",105.6,11.221904761904762,10.974545454545455,0.5969780334499486,0.0,37.56761904761905,33.59090909090909
2004-06-01,"Electricity, gas, steam and air conditioning supply",France,104.8,"Index, 2021=100",106.4,10.607727272727272,11.221904761904762,-0.0108376887124877,-0.8697021883599181,35.18363636363636,37.56761904761905
2004-07-01,"Electricity, gas, steam and air conditioning supply",France,104.4,"Index, 2021=100",104.8,10.656818181818181,10.607727272727272,-0.18225670383212336,0.0,38.221363636363634,35.18363636363636
2004-08-01,"Electricity, gas, steam and air conditioning supply",France,104.7,"Index, 2021=100",104.4,12.030909090909091,10.656818181818181,0.41307128781677527,0.0,42.74409090909091,38.221363636363634
2004-09-01,"Electricity, gas, steam and air conditioning supply",France,105.5,"Index, 2021=100",104.7,12.784999999999998,12.030909090909091,0.020228290770040784,-1.6071356282661176,43.19681818181818,42.74409090909091
2004-10-01,"Electricity, gas, steam and air conditioning supply",France,107.2,"Index, 2021=100",105.5,12.065238095238096,12.784999999999998,0.8379242805985881,0.0,49.776666666666664,43.19681818181818
2004-11-01,"Electricity, gas, steam and air conditioning supply",France,108.0,"Index, 2021=100",107.2,12.959545454545456,12.065238095238096,-0.22862171681724705,0.0,43.110454545454544,49.776666666666664
2004-12-01,"Electricity, gas, steam and air conditioning supply",France,107.6,"Index, 2021=100",108.0,14.537391304347826,12.959545454545456,-0.8713033012256369,-3.1596202022297115,39.60217391304348,43.110454545454544
2005-01-01,"Electricity, gas, steam and air conditioning supply",France,105.6,"Index, 2021=100",107.6,14.123333333333331,14.537391304347826,0.2661415106984759,2.159954265104334,44.31238095238095,39.60217391304348
2005-02-01,"Electricity, gas, steam and air conditioning supply",France,109.6,"Index, 2021=100",105.6,16.8315,14.123333333333331,0.33553585232891664,0.0,45.475,44.31238095238095
2005-03-01,"Electricity, gas, steam and air conditioning supply",France,106.0,"Index, 2021=100",109.6,18.585217391304347,16.8315,0.5751930208570617,3.0421593263989704,53.071739130434786,45.475
2005-04-01,"Electricity, gas, steam and air conditioning supply",France,106.6,"Index, 2021=100",106.0,14.80857142857143,18.585217391304347,-0.5666684540474421,0.0,51.88380952380952,53.071739130434786
2005-05-01,"Electricity, gas, steam and air conditioning supply",France,107.1,"Index, 2021=100",106.6,14.289090909090909,14.80857142857143,-0.10846214234396483,0.0,48.64545454545455,51.88380952380952
2005-06-01,"Electricity, gas, steam and air conditioning supply",France,107.2,"Index, 2021=100",107.1,14.356363636363636,14.289090909090909,0.503989891285571,0.3374585671050337,54.35454545454545,48.64545454545455
2005-07-01,"Electricity, gas, steam and air conditioning supply",France,105.0,"Index, 2021=100",107.2,15.540952380952382,14.356363636363636,0.563468443674944,0.0,57.52,54.35454545454545
2005-08-01,"Electricity, gas, steam and air conditioning supply",France,107.9,"Index, 2021=100",105.0,15.107826086956523,15.540952380952382,0.718752317958703,0.0,63.98347826086956,57.52
2005-09-01,"Electricity, gas, steam and air conditioning supply",France,106.3,"Index, 2021=100",107.9,14.746363636363638,15.107826086956523,1.1148474280757803,-1.6643240899907965,62.908181818181816,63.98347826086956
2005-10-01,"Electricity, gas, steam and air conditioning supply",France,103.1,"Index, 2021=100",106.3,15.534761904761906,14.746363636363638,-1.0533079897254418,0.0,58.53857142857142,62.908181818181816
2005-11-01,"Electricity, gas, steam and air conditioning supply",France,108.4,"Index, 2021=100",103.1,19.15909090909091,15.534761904761906,-1.2341397270208476,0.0,55.24181818181818,58.53857142857142
2005-12-01,"Electricity, gas, steam and air conditioning supply",France,107.6,"Index, 2021=100",108.4,22.903636363636362,19.15909090909091,-0.03924653272715153,2.9526028347999587,56.84136363636364,55.24181818181818
2006-01-01,"Electricity, gas, steam and air conditioning supply",France,108.2,"Index, 2021=100",107.6,25.694999999999997,22.903636363636362,0.19348656521120655,-0.15180339953147387,62.77409090909091,56.84136363636364
2006-02-01,"Electricity, gas, steam and air conditioning supply",France,106.1,"Index, 2021=100",108.2,22.324,25.694999999999997,-0.6518974343740799,0.0,60.21,62.77409090909091
2006-03-01,"Electricity, gas, steam and air conditioning supply",France,106.7,"Index, 2021=100",106.1,26.028260869565216,22.324,-0.07863751143875931,-1.827456416166897,62.06478260869565,60.21
2006-04-01,"Electricity, gas, steam and air conditioning supply",France,111.1,"Index, 2021=100",106.7,21.387999999999998,26.028260869565216,0.6237237514902355,0.0,70.173,62.06478260869565
2006-05-01,"Electricity, gas, steam and air conditioning supply",France,106.0,"Index, 2021=100",111.1,19.692608695652176,21.387999999999998,-0.3540726086115883,0.0,69.77695652173912,70.173
2006-06-01,"Electricity, gas, steam and air conditioning supply",France,104.9,"Index, 2021=100",106.0,19.58409090909091,19.692608695652176,-0.31545669169778073,-1.1833322763183536,68.5559090909091,69.77695652173912
2006-07-01,"Electricity, gas, steam and air conditioning supply",France,106.6,"Index, 2021=100",104.9,19.847619047619048,19.58409090909091,0.28310573574819875,0.0,73.67428571428572,68.5559090909091
2006-08-01,"Electricity, gas, steam and air conditioning supply",France,105.6,"Index, 2021=100",106.6,17.97826086956522,19.847619047619048,-0.1782674258490434,0.0,73.2304347826087,73.67428571428572
2006-09-01,"Electricity, gas, steam and air conditioning supply",France,105.9,"Index, 2021=100",105.6,15.951428571428572,17.97826086956522,-1.0773599355773278,-1.1265879387430244,61.95857142857143,73.2304347826087
2006-10-01,"Electricity, gas, steam and air conditioning supply",France,103.4,"Index, 2021=100",105.9,14.200454545454546,15.951428571428572,-0.713482353040865,-1.0147867419479089,57.808181818181815,61.95857142857143
2006-11-01,"Electricity, gas, steam and air conditioning supply",France,103.2,"Index, 2021=100",103.4,19.87272727272727,14.200454545454546,-0.6336040683167151,0.0,58.76136363636363,57.808181818181815
2006-12-01,"Electricity, gas, steam and air conditioning supply",France,103.2,"Index, 2021=100",103.2,16.45809523809524,19.87272727272727,0.06279864252157119,1.7594994847040366,62.41952380952381,58.76136363636363
2007-01-01,"Electricity, gas, steam and air conditioning supply",France,100.7,"Index, 2021=100",103.2,13.603478260869565,16.45809523809524,-0.8815456486489374,0.0,53.748695652173915,62.41952380952381
2007-02-01,"Electricity, gas, steam and air conditioning supply",France,102.3,"Index, 2021=100",100.7,9.310500000000001,13.603478260869565,0.5012149220613668,0.0,57.516999999999996,53.748695652173915
2007-03-01,"Electricity, gas, steam and air conditioning supply",France,105.6,"Index, 2021=100",102.3,10.338636363636363,9.310500000000001,0.001407425353364094,-0.689195928658093,62.05045454545455,57.516999999999996
2007-04-01,"Electricity, gas, steam and air conditioning supply",France,100.2,"Index, 2021=100",105.6,8.91904761904762,10.338636363636363,0.23160567911181562,0.0,67.64428571428572,62.05045454545455
2007-05-01,"Electricity, gas, steam and air conditioning supply",France,103.9,"Index, 2021=100",100.2,11.71391304347826,8.91904761904762,-0.29762578435044224,0.0,67.36478260869566,67.64428571428572
2007-06-01,"Electricity, gas, steam and air conditioning supply",France,107.1,"Index, 2021=100",103.9,10.586190476190476,11.71391304347826,0.16535936703141824,0.0,71.04571428571428,67.36478260869566
2007-07-01,"Electricity, gas, steam and air conditioning supply",France,107.4,"Index, 2021=100",107.1,14.946363636363635,10.586190476190476,0.18880782596297765,0.0,76.80863636363637,71.04571428571428
2007-08-01,"Electricity, gas, steam and air conditioning supply",France,108.5,"Index, 2021=100",107.4,14.281304347826088,14.946363636363635,-0.5681005018139146,0.0,70.76086956521739,76.80863636363637
2007-09-01,"Electricity, gas, steam and air conditioning supply",France,108.7,"Index, 2021=100",108.5,17.057,14.281304347826088,1.0001793364551819,1.1859376565060231,76.929,70.76086956521739
2007-10-01,"Electricity, gas, steam and air conditioning supply",France,110.9,"Index, 2021=100",108.7,20.13478260869565,17.057,0.10198579635873983,0.0,82.34,76.929
2007-11-01,"Electricity, gas, steam and air conditioning supply",France,104.5,"Index, 2021=100",110.9,22.223636363636363,20.13478260869565,0.6128810878526092,0.0,92.53045454545455,82.34
2007-12-01,"Electricity, gas, steam and air conditioning supply",France,105.8,"Index, 2021=100",104.5,23.133333333333333,22.223636363636363,-0.28925766272037334,-0.831933850195447,90.99,92.53045454545455
2008-01-01,"Electricity, gas, steam and air conditioning supply",France,102.4,"Index, 2021=100",105.8,24.26347826086956,23.133333333333333,-0.13761859893639725,0.0,92.13391304347826,90.99
2008-02-01,"Electricity, gas, steam and air conditioning supply",France,102.2,"Index, 2021=100",102.4,22.760952380952382,24.26347826086956,0.2608943406309443,-2.502179452682496,95.08047619047619,92.13391304347826
2008-03-01,"Electricity, gas, steam and air conditioning supply",France,107.1,"Index, 2021=100",102.2,23.693333333333335,22.760952380952382,1.0041522754151373,4.248635030337986,103.45190476190476,95.08047619047619
2008-04-01,"Electricity, gas, steam and air conditioning supply",France,116.5,"Index, 2021=100",107.1,25.75318181818182,23.693333333333335,0.06105421820469373,0.0,109.07136363636364,103.45190476190476
2008-05-01,"Electricity, gas, steam and air conditioning supply",France,104.6,"Index, 2021=100",116.5,25.01409090909091,25.75318181818182,1.3761117623094206,0.0,123.11181818181818,109.07136363636364
2008-06-01,"Electricity, gas, steam and air conditioning supply",France,107.4,"Index, 2021=100",104.6,26.552380952380954,25.01409090909091,1.1146900143738558,0.0,132.32238095238094,123.11181818181818
2008-07-01,"Electricity, gas, steam and air conditioning supply",France,107.9,"Index, 2021=100",107.4,25.088260869565215,26.552380952380954,0.5718559213874487,0.0,133.20652173913044,132.32238095238094
2008-08-01,"Electricity, gas, steam and air conditioning supply",France,106.8,"Index, 2021=100",107.9,24.035238095238096,25.088260869565215,-0.46951606860925593,0.0,113.24333333333334,133.20652173913044
2008-09-01,"Electricity, gas, steam and air conditioning supply",France,107.5,"Index, 2021=100",106.8,30.28409090909091,24.035238095238096,0.2624296377427312,-0.7550683370320911,97.97363636363637,113.24333333333334
2008-10-01,"Electricity, gas, steam and air conditioning supply",France,105.3,"Index, 2021=100",107.5,26.14260869565217,30.28409090909091,-2.8871890830034372,-5.276020721573241,71.58217391304348,97.97363636363637
2008-11-01,"Electricity, gas, steam and air conditioning supply",France,106.6,"Index, 2021=100",105.3,23.5355,26.14260869565217,-1.0616536689944311,0.0,52.2995,71.58217391304348
2008-12-01,"Electricity, gas, steam and air conditioning supply",France,106.0,"Index, 2021=100",106.6,21.674347826086954,23.5355,-0.2694383119813248,-2.158283290921576,39.70782608695652,52.2995
2009-01-01,"Electricity, gas, steam and air conditioning supply",France,107.5,"Index, 2021=100",106.0,23.224999999999998,21.674347826086954,1.9606284214617051,0.0,43.09227272727273,39.70782608695652
2009-02-01,"Electricity, gas, steam and air conditioning supply",France,105.1,"Index, 2021=100",107.5,17.725,23.224999999999998,0.07516411002784573,0.0,43.326499999999996,43.09227272727273
2009-03-01,"Electricity, gas, steam and air conditioning supply",France,100.7,"Index, 2021=100",105.1,12.2,17.725,1.147539934894266,1.9198599485884802,46.540454545454544,43.326499999999996
2009-04-01,"Electricity, gas, steam and air conditioning supply",France,100.7,"Index, 2021=100",100.7,11.327272727272726,12.2,-0.6897706760210826,0.0,50.279545454545456,46.540454545454544
2009-05-01,"Electricity, gas, steam and air conditioning supply",France,100.4,"Index, 2021=100",100.7,11.00952380952381,11.327272727272726,0.9371855413099275,2.9437593321208158,57.36904761904762,50.279545454545456
2009-06-01,"Electricity, gas, steam and air conditioning supply",France,97.8,"Index, 2021=100",100.4,10.796818181818182,11.00952380952381,1.0697891624848404,0.0,68.60954545454545,57.36904761904762
2009-07-01,"Electricity, gas, steam and air conditioning supply",France,98.1,"Index, 2021=100",97.8,9.393478260869566,10.796818181818182,-0.8584497443655938,0.0,64.49217391304347,68.60954545454545
2009-08-01,"Electricity, gas, steam and air conditioning supply",France,99.8,"Index, 2021=100",98.1,8.778571428571428,9.393478260869566,1.168814769853965,0.0,72.50857142857143,64.49217391304347
2009-09-01,"Electricity, gas, steam and air conditioning supply",France,98.7,"Index, 2021=100",99.8,9.418181818181818,8.778571428571428,0.12040182675501683,0.7555170574307397,67.56409090909091,72.50857142857143
2009-10-01,"Electricity, gas, steam and air conditioning supply",France,98.8,"Index, 2021=100",98.7,10.340909090909092,9.418181818181818,0.8389514187941388,0.0,72.76954545454545,67.56409090909091
2009-11-01,"Electricity, gas, steam and air conditioning supply",France,96.6,"Index, 2021=100",98.8,9.738095238095237,10.340909090909092,-0.14885123884919385,0.0,76.65761904761905,72.76954545454545
2009-12-01,"Electricity, gas, steam and air conditioning supply",France,102.9,"Index, 2021=100",96.6,11.4,9.738095238095237,-0.8450010635890879,1.281714088367376,74.48652173913044,76.65761904761905
2010-01-01,"Electricity, gas, steam and air conditioning supply",France,108.6,"Index, 2021=100",102.9,14.44047619047619,11.4,-0.48138524271346517,0.0,76.28285714285714,74.48652173913044
2010-02-01,"Electricity, gas, steam and air conditioning supply",France,107.0,"Index, 2021=100",108.6,13.715,14.44047619047619,-0.21414063782099357,0.0,73.639,76.28285714285714
2010-03-01,"Electricity, gas, steam and air conditioning supply",France,106.6,"Index, 2021=100",107.0,11.954782608695652,13.715,-0.5233596426999279,1.5544096531485574,78.82739130434783,73.639
2010-04-01,"Electricity, gas, steam and air conditioning supply",France,103.5,"Index, 2021=100",106.6,13.493181818181819,11.954782608695652,-0.18357082280701043,0.0,84.71818181818182,78.82739130434783
2010-05-01,"Electricity, gas, steam and air conditioning supply",France,106.5,"Index, 2021=100",103.5,16.781904761904762,13.493181818181819,-1.323271263136311,0.0,75.8052380952381,84.71818181818182
2010-06-01,"Electricity, gas, steam and air conditioning supply",France,104.6,"Index, 2021=100",106.5,19.222727272727273,16.781904761904762,0.525869862586917,0.0,74.7609090909091,75.8052380952381
2010-07-01,"Electricity, gas, steam and air conditioning supply",France,104.9,"Index, 2021=100",104.6,19.469545454545454,19.222727272727273,0.04754485195679738,0.0,75.40590909090909,74.7609090909091
2010-08-01,"Electricity, gas, steam and air conditioning supply",France,105.2,"Index, 2021=100",104.9,18.13090909090909,19.469545454545454,-0.07161403937119563,0.0,77.03954545454545,75.40590909090909
2010-09-01,"Electricity, gas, steam and air conditioning supply",France,104.9,"Index, 2021=100",105.2,18.943181818181817,18.13090909090909,-0.1487126906627298,0.0,77.71272727272728,77.03954545454545
2010-10-01,"Electricity, gas, steam and air conditioning supply",France,105.8,"Index, 2021=100",104.9,18.497619047619047,18.943181818181817,0.7103428057964077,-0.4584134038079942,82.6647619047619,77.71272727272728
2010-11-01,"Electricity, gas, steam and air conditioning supply",France,108.9,"Index, 2021=100",105.8,19.477272727272727,18.497619047619047,0.09961570270309454,0.0,85.24090909090908,82.6647619047619
2010-12-01,"Electricity, gas, steam and air conditioning supply",France,114.0,"Index, 2021=100",108.9,24.09478260869565,19.477272727272727,-0.1169385540431611,1.0894693635716877,91.54173913043478,85.24090909090908
2011-01-01,"Electricity, gas, steam and air conditioning supply",France,105.5,"Index, 2021=100",114.0,22.343809523809526,24.09478260869565,-0.13316626923827257,0.0,96.58714285714285,91.54173913043478
2011-02-01,"Electricity, gas, steam and air conditioning supply",France,101.9,"Index, 2021=100",105.5,21.761,22.343809523809526,0.1062714600527813,0.0,103.6405,96.58714285714285
2011-03-01,"Electricity, gas, steam and air conditioning supply",France,101.7,"Index, 2021=100",101.9,23.722608695652173,21.761,1.0735774048683804,0.0,114.64347826086957,103.6405
2011-04-01,"Electricity, gas, steam and air conditioning supply",France,96.3,"Index, 2021=100",101.7,22.854761904761904,23.722608695652173,0.9191065185128502,0.0,123.45380952380954,114.64347826086957
2011-05-01,"Electricity, gas, steam and air conditioning supply",France,99.7,"Index, 2021=100",96.3,22.989545454545453,22.854761904761904,-0.754449697870264,0.0,114.98272727272727,123.45380952380954
2011-06-01,"Electricity, gas, steam and air conditioning supply",France,104.9,"Index, 2021=100",99.7,22.613636363636363,22.989545454545453,-0.5053044665651589,1.5367288900477356,113.83318181818181,114.98272727272727
2011-07-01,"Electricity, gas, steam and air conditioning supply",France,103.8,"Index, 2021=100",104.9,21.51142857142857,22.613636363636363,-0.18652846565540906,0.0,116.63285714285715,113.83318181818181
2011-08-01,"Electricity, gas, steam and air conditioning supply",France,104.1,"Index, 2021=100",103.8,21.93565217391304,21.51142857142857,-1.0228125161863917,0.0,110.3095652173913,116.63285714285715
2011-09-01,"Electricity, gas, steam and air conditioning supply",France,102.5,"Index, 2021=100",104.1,23.39363636363636,21.93565217391304,0.43959634290727284,0.0,112.9740909090909,110.3095652173913
2011-10-01,"Electricity, gas, steam and air conditioning supply",France,102.8,"Index, 2021=100",102.5,22.554761904761904,23.39363636363636,-0.15278013183668757,0.0,109.55000000000001,112.9740909090909
2011-11-01,"Electricity, gas, steam and air conditioning supply",France,100.2,"Index, 2021=100",102.8,23.736363636363638,22.554761904761904,0.8939539270283243,0.0,110.58909090909091,109.55000000000001
2011-12-01,"Electricity, gas, steam and air conditioning supply",France,98.6,"Index, 2021=100",100.2,22.296818181818182,23.736363636363638,-0.356458994127559,-4.916568331324604,107.99863636363635,110.58909090909091
2012-01-01,"Electricity, gas, steam and air conditioning supply",France,100.8,"Index, 2021=100",98.6,21.865454545454543,22.296818181818182,0.20632540358179952,0.0,110.53136363636364,107.99863636363635
2012-02-01,"Electricity, gas, steam and air conditioning supply",France,114.0,"Index, 2021=100",100.8,25.41142857142857,21.865454545454543,-0.029054799009691847,0.0,119.39190476190477,110.53136363636364
2012-03-01,"Electricity, gas, steam and air conditioning supply",France,95.8,"Index, 2021=100",114.0,23.80727272727273,25.41142857142857,0.784751689386223,0.0,125.44545454545455,119.39190476190477
2012-04-01,"Electricity, gas, steam and air conditioning supply",France,111.3,"Index, 2021=100",95.8,24.78952380952381,23.80727272727273,0.24063874434988755,0.0,120.05666666666667,125.44545454545455
2012-05-01,"Electricity, gas, steam and air conditioning supply",France,101.2,"Index, 2021=100",111.3,24.196521739130436,24.78952380952381,-0.3856336478636065,0.0,110.2891304347826,120.05666666666667
2012-06-01,"Electricity, gas, steam and air conditioning supply",France,100.0,"Index, 2021=100",101.2,23.673333333333332,24.196521739130436,-0.36812562156261563,1.490841835031829,95.15571428571428,110.2891304347826
2012-07-01,"Electricity, gas, steam and air conditioning supply",France,99.4,"Index, 2021=100",100.0,24.332727272727276,23.673333333333332,0.6703576310954897,0.0,102.49454545454546,95.15571428571428
2012-08-01,"Electricity, gas, steam and air conditioning supply",France,99.5,"Index, 2021=100",99.4,24.05652173913043,24.332727272727276,0.889111873743037,0.0,113.35608695652174,102.49454545454546
2012-09-01,"Electricity, gas, steam and air conditioning supply",France,101.4,"Index, 2021=100",99.5,25.825499999999998,24.05652173913043,0.366716761812549,0.0,112.917,113.35608695652174
2012-10-01,"Electricity, gas, steam and air conditioning supply",France,103.7,"Index, 2021=100",101.4,26.702173913043477,25.825499999999998,-0.2515652750980356,0.0,111.7108695652174,112.917
2012-11-01,"Electricity, gas, steam and air conditioning supply",France,104.4,"Index, 2021=100",103.7,27.24909090909091,26.702173913043477,-0.07773850880404555,0.0,109.13818181818182,111.7108695652174
2012-12-01,"Electricity, gas, steam and air conditioning supply",France,103.0,"Index, 2021=100",104.4,27.22333333333333,27.24909090909091,-0.28562219812972955,0.9944110031743462,109.44380952380953,109.13818181818182
2013-01-01,"Electricity, gas, steam and air conditioning supply",France,103.6,"Index, 2021=100",103.0,26.51782608695652,27.22333333333333,0.31250565033261724,0.0,112.81173913043479,109.44380952380953
2013-02-01,"Electricity, gas, steam and air conditioning supply",France,109.8,"Index, 2021=100",103.6,26.3165,26.51782608695652,0.16430715373994836,0.0,116.11800000000001,112.81173913043479
2013-03-01,"Electricity, gas, steam and air conditioning supply",France,110.3,"Index, 2021=100",109.8,32.31666666666666,26.3165,-0.383542027094866,0.0,108.47333333333333,116.11800000000001
2013-04-01,"Electricity, gas, steam and air conditioning supply",France,110.3,"Index, 2021=100",110.3,28.575,32.31666666666666,-0.25921885392347294,0.0,102.24818181818182,108.47333333333333
2013-05-01,"Electricity, gas, steam and air conditioning supply",France,109.4,"Index, 2021=100",110.3,26.73304347826087,28.575,0.16248527258302423,-1.3607161850187028,102.50130434782609,102.24818181818182
2013-06-01,"Electricity, gas, steam and air conditioning supply",France,101.8,"Index, 2021=100",109.4,26.23,26.73304347826087,0.1894274611148,0.0,102.9195,102.50130434782609
2013-07-01,"Electricity, gas, steam and air conditioning supply",France,101.8,"Index, 2021=100",101.8,26.070434782608697,26.23,0.6182980381651376,0.0,107.85434782608696,102.9195
2013-08-01,"Electricity, gas, steam and air conditioning supply",France,100.8,"Index, 2021=100",101.8,25.55181818181818,26.070434782608697,-0.07052223294410298,0.0,111.28045454545455,107.85434782608696
2013-09-01,"Electricity, gas, steam and air conditioning supply",France,100.9,"Index, 2021=100",100.8,26.478571428571428,25.55181818181818,0.06362224893820845,0.0,111.8047619047619,111.28045454545455
2013-10-01,"Electricity, gas, steam and air conditioning supply",France,98.6,"Index, 2021=100",100.9,25.868695652173916,26.478571428571428,0.13725652508100525,0.0,109.07652173913044,111.8047619047619
2013-11-01,"Electricity, gas, steam and air conditioning supply",France,104.2,"Index, 2021=100",98.6,27.18047619047619,25.868695652173916,-0.11144201084991862,0.0,107.96,109.07652173913044
2013-12-01,"Electricity, gas, steam and air conditioning supply",France,101.4,"Index, 2021=100",104.2,27.702727272727273,27.18047619047619,0.6426503974155726,1.006536826380158,110.79363636363637,107.96
2014-01-01,"Electricity, gas, steam and air conditioning supply",France,96.3,"Index, 2021=100",101.4,26.253913043478263,27.702727272727273,-0.19812368810882713,0.0,108.19739130434782,110.79363636363637
2014-02-01,"Electricity, gas, steam and air conditioning supply",France,98.8,"Index, 2021=100",96.3,23.849,26.253913043478263,-0.044531303873754494,0.0,108.88700000000001,108.19739130434782
2014-03-01,"Electricity, gas, steam and air conditioning supply",France,96.3,"Index, 2021=100",98.8,22.767142857142858,23.849,0.0514680128382354,0.0,107.48095238095237,108.88700000000001
2014-04-01,"Electricity, gas, steam and air conditioning supply",France,96.7,"Index, 2021=100",96.3,20.423181818181817,22.767142857142858,-0.018508882722691297,0.0,107.84772727272728,107.48095238095237
2014-05-01,"Electricity, gas, steam and air conditioning supply",France,101.6,"Index, 2021=100",96.7,19.08818181818182,20.423181818181817,0.10496074182617701,0.0,109.53909090909092,107.84772727272728
2014-06-01,"Electricity, gas, steam and air conditioning supply",France,100.1,"Index, 2021=100",101.6,17.39190476190476,19.08818181818182,0.3545000070992207,0.42851134062250246,111.79523809523809,109.53909090909092
2014-07-01,"Electricity, gas, steam and air conditioning supply",France,102.8,"Index, 2021=100",100.1,16.50565217391304,17.39190476190476,-0.4381447112306579,0.0,106.86434782608696,111.79523809523809
2014-08-01,"Electricity, gas, steam and air conditioning supply",France,101.5,"Index, 2021=100",102.8,17.497142857142858,16.50565217391304,0.08722188445673984,0.0,101.60809523809523,106.86434782608696
2014-09-01,"Electricity, gas, steam and air conditioning supply",France,100.3,"Index, 2021=100",101.5,20.74863636363636,17.497142857142858,-0.16107172026645272,0.0,97.27454545454545,101.60809523809523
2014-10-01,"Electricity, gas, steam and air conditioning supply",France,96.3,"Index, 2021=100",100.3,21.268260869565218,20.74863636363636,-0.2764119863445895,0.0,87.42521739130434,97.27454545454545
2014-11-01,"Electricity, gas, steam and air conditioning supply",France,95.2,"Index, 2021=100",96.3,22.978,21.268260869565218,-0.9869169148213338,-9.796069628596289,79.3355,87.42521739130434
2014-12-01,"Electricity, gas, steam and air conditioning supply",France,101.5,"Index, 2021=100",95.2,22.520869565217392,22.978,-1.2412203634377712,0.0,62.17565217391304,79.3355
2015-01-01,"Electricity, gas, steam and air conditioning supply",France,102.8,"Index, 2021=100",101.5,19.755,22.520869565217392,-1.689378075003543,0.0,48.08363636363636,62.17565217391304
2015-02-01,"Electricity, gas, steam and air conditioning supply",France,108.4,"Index, 2021=100",102.8,22.566,19.755,1.030226324080852,0.0,58.0955,48.08363636363636
2015-03-01,"Electricity, gas, steam and air conditioning supply",France,102.9,"Index, 2021=100",108.4,21.856818181818184,22.566,-0.2471285840319799,0.0,55.88545454545454,58.0955
2015-04-01,"Electricity, gas, steam and air conditioning supply",France,99.4,"Index, 2021=100",102.9,22.078181818181818,21.856818181818184,0.7630852782137214,0.0,59.35181818181818,55.88545454545454
2015-05-01,"Electricity, gas, steam and air conditioning supply",France,98.3,"Index, 2021=100",99.4,20.548571428571428,22.078181818181818,0.9306750388082086,0.0,64.1047619047619,59.35181818181818
2015-06-01,"Electricity, gas, steam and air conditioning supply",France,101.5,"Index, 2021=100",98.3,20.520454545454545,20.548571428571428,-0.3949488388902102,2.4056171564772404,61.47772727272727,64.1047619047619
2015-07-01,"Electricity, gas, steam and air conditioning supply",France,103.0,"Index, 2021=100",101.5,20.858260869565218,20.520454545454545,-0.8969936335129175,0.0,56.56130434782609,61.47772727272727
2015-08-01,"Electricity, gas, steam and air conditioning supply",France,100.9,"Index, 2021=100",103.0,19.576190476190476,20.858260869565218,-0.6689537169882939,0.0,46.58428571428571,56.56130434782609
2015-09-01,"Electricity, gas, steam and air conditioning supply",France,102.2,"Index, 2021=100",100.9,19.16,19.576190476190476,0.4134260838296521,0.0,47.62318181818182,46.58428571428571
2015-10-01,"Electricity, gas, steam and air conditioning supply",France,108.5,"Index, 2021=100",102.2,18.243636363636366,19.16,-0.17098247375992967,0.0,48.43,47.62318181818182
2015-11-01,"Electricity, gas, steam and air conditioning supply",France,97.0,"Index, 2021=100",108.5,17.202380952380953,18.243636363636366,-0.3748783969247207,0.0,44.26761904761905,48.43
2015-12-01,"Electricity, gas, steam and air conditioning supply",France,92.6,"Index, 2021=100",97.0,15.640869565217391,17.202380952380953,-0.7698627351357819,-1.9668139100704445,37.97130434782609,44.26761904761905
2016-01-01,"Electricity, gas, steam and air conditioning supply",France,97.6,"Index, 2021=100",92.6,13.904285714285715,15.640869565217391,-1.2929579520638326,0.0,30.98095238095238,37.97130434782609
2016-02-01,"Electricity, gas, steam and air conditioning supply",France,104.6,"Index, 2021=100",97.6,12.476666666666667,13.904285714285715,-0.22939651791615284,0.0,32.163333333333334,30.98095238095238
2016-03-01,"Electricity, gas, steam and air conditioning supply",France,107.0,"Index, 2021=100",104.6,12.267826086956523,12.476666666666667,0.9962287899781237,0.0,38.21565217391304,32.163333333333334
2016-04-01,"Electricity, gas, steam and air conditioning supply",France,106.5,"Index, 2021=100",107.0,11.979999999999999,12.267826086956523,-0.15187983491624749,0.0,41.583333333333336,38.21565217391304
2016-05-01,"Electricity, gas, steam and air conditioning supply",France,101.0,"Index, 2021=100",106.5,13.04090909090909,11.979999999999999,0.6792464128472383,0.0,46.84909090909091,41.583333333333336
2016-06-01,"Electricity, gas, steam and air conditioning supply",France,102.9,"Index, 2021=100",101.0,14.41590909090909,13.04090909090909,-0.1770446016289529,0.582575139176583,48.24727272727273,46.84909090909091
2016-07-01,"Electricity, gas, steam and air conditioning supply",France,99.0,"Index, 2021=100",102.9,14.241904761904761,14.41590909090909,-0.4528878840711025,0.0,44.951904761904764,48.24727272727273
2016-08-01,"Electricity, gas, steam and air conditioning supply",France,100.8,"Index, 2021=100",99.0,11.980869565217391,14.241904761904761,0.1189274105169856,0.0,45.843043478260874,44.951904761904764
2016-09-01,"Electricity, gas, steam and air conditioning supply",France,99.7,"Index, 2021=100",100.8,12.282272727272726,11.980869565217391,0.24870447283671346,1.4727297897900193,46.567727272727275,45.843043478260874
2016-10-01,"Electricity, gas, steam and air conditioning supply",France,103.6,"Index, 2021=100",99.7,16.093809523809526,12.282272727272726,0.41093056832079616,0.0,49.522380952380956,46.567727272727275
2016-11-01,"Electricity, gas, steam and air conditioning supply",France,101.5,"Index, 2021=100",103.6,17.90590909090909,16.093809523809526,-0.5793797051617606,7.91404059403762,44.73409090909091,49.522380952380956
2016-12-01,"Electricity, gas, steam and air conditioning supply",France,102.6,"Index, 2021=100",101.5,17.689545454545456,17.90590909090909,0.7086845393102761,2.0404579621780123,53.365,44.73409090909091
2017-01-01,"Electricity, gas, steam and air conditioning supply",France,109.1,"Index, 2021=100",102.6,20.12272727272727,17.689545454545456,0.08901653408704874,0.0,54.59409090909091,53.365
2017-02-01,"Electricity, gas, steam and air conditioning supply",France,97.8,"Index, 2021=100",109.1,19.553,20.12272727272727,-0.03179032404754296,0.0,54.8695,54.59409090909091
2017-03-01,"Electricity, gas, steam and air conditioning supply",France,98.4,"Index, 2021=100",97.8,15.799130434782608,19.553,-1.4425063041961181,0.0,51.589130434782604,54.8695
2017-04-01,"Electricity, gas, steam and air conditioning supply",France,100.4,"Index, 2021=100",98.4,16.058,15.799130434782608,0.21703780157455996,0.0,52.44500000000001,51.589130434782604
2017-05-01,"Electricity, gas, steam and air conditioning supply",France,102.0,"Index, 2021=100",100.4,15.669130434782607,16.058,-0.8328997339371286,-4.41644778310952,50.326521739130435,52.44500000000001
2017-06-01,"Electricity, gas, steam and air conditioning supply",France,99.4,"Index, 2021=100",102.0,15.134545454545453,15.669130434782607,-0.26420964099602673,0.0,46.36818181818182,50.326521739130435
2017-07-01,"Electricity, gas, steam and air conditioning supply",France,99.4,"Index, 2021=100",99.4,15.095714285714285,15.134545454545453,-0.1449934034705647,0.0,48.47857142857143,46.36818181818182
2017-08-01,"Electricity, gas, steam and air conditioning supply",France,101.3,"Index, 2021=100",99.4,15.99304347826087,15.095714285714285,-0.1520757414392232,0.0,51.70434782608696,48.47857142857143
2017-09-01,"Electricity, gas, steam and air conditioning supply",France,103.7,"Index, 2021=100",101.3,17.302857142857142,15.99304347826087,0.32443706724488564,0.0,56.152857142857144,51.70434782608696
2017-10-01,"Electricity, gas, steam and air conditioning supply",France,98.8,"Index, 2021=100",103.7,17.10363636363636,17.302857142857142,-0.3486109778555899,0.0,57.50772727272727,56.152857142857144
2017-11-01,"Electricity, gas, steam and air conditioning supply",France,102.4,"Index, 2021=100",98.8,19.57090909090909,17.10363636363636,0.12556813519738738,0.21630901693183507,62.71409090909091,57.50772727272727
2017-12-01,"Electricity, gas, steam and air conditioning supply",France,104.7,"Index, 2021=100",102.4,20.795238095238094,19.57090909090909,-0.1117328946322315,0.0,64.39619047619047,62.71409090909091
2018-01-01,"Electricity, gas, steam and air conditioning supply",France,97.2,"Index, 2021=100",104.7,18.6,20.795238095238094,0.7325011228803984,0.0,68.97521739130435,64.39619047619047
2018-02-01,"Electricity, gas, steam and air conditioning supply",France,112.7,"Index, 2021=100",97.2,21.679,18.6,-0.5046465050387093,0.0,65.3175,68.97521739130435
2018-03-01,"Electricity, gas, steam and air conditioning supply",France,109.4,"Index, 2021=100",112.7,23.622727272727275,21.679,-0.10225293145429594,0.0,66.1531818181818,65.3175
2018-04-01,"Electricity, gas, steam and air conditioning supply",France,97.7,"Index, 2021=100",109.4,19.645238095238096,23.622727272727275,0.47425564352743266,0.0,71.95904761904762,66.1531818181818
2018-05-01,"Electricity, gas, steam and air conditioning supply",France,99.7,"Index, 2021=100",97.7,21.566086956521737,19.645238095238096,0.5388658853656386,0.0,76.86217391304348,71.95904761904762
2018-06-01,"Electricity, gas, steam and air conditioning supply",France,101.4,"Index, 2021=100",99.7,21.92761904761905,21.566086956521737,-0.5831886971683538,-0.4130092757360921,74.4047619047619,76.86217391304348
2018-07-01,"Electricity, gas, steam and air conditioning supply",France,102.9,"Index, 2021=100",101.4,22.253636363636364,21.92761904761905,0.5294960350409211,0.0,74.2540909090909,74.4047619047619
2018-08-01,"Electricity, gas, steam and air conditioning supply",France,101.7,"Index, 2021=100",102.9,23.94347826086957,22.253636363636364,-0.20893271379353645,0.0,72.52826086956522,74.2540909090909
2018-09-01,"Electricity, gas, steam and air conditioning supply",France,100.1,"Index, 2021=100",101.7,27.837,23.94347826086957,0.6564596940208821,0.0,78.89099999999999,72.52826086956522
2018-10-01,"Electricity, gas, steam and air conditioning supply",France,101.6,"Index, 2021=100",100.1,25.539565217391303,27.837,0.12149689586130322,0.0,81.03217391304348,78.89099999999999
2018-11-01,"Electricity, gas, steam and air conditioning supply",France,101.3,"Index, 2021=100",101.6,24.633636363636366,25.539565217391303,-1.3685992177175907,0.0,64.74818181818182,81.03217391304348
2018-12-01,"Electricity, gas, steam and air conditioning supply",France,100.1,"Index, 2021=100",101.3,23.666190476190476,24.633636363636366,-0.2447966896801907,2.07348679679867,56.26285714285714,64.74818181818182
2019-01-01,"Electricity, gas, steam and air conditioning supply",France,103.3,"Index, 2021=100",100.1,21.39782608695652,23.666190476190476,0.35962477880472876,0.0,59.025217391304345,56.26285714285714
2019-02-01,"Electricity, gas, steam and air conditioning supply",France,100.7,"Index, 2021=100",103.3,18.0035,21.39782608695652,0.1517462342010795,0.0,63.9605,59.025217391304345
2019-03-01,"Electricity, gas, steam and air conditioning supply",France,100.2,"Index, 2021=100",100.7,15.697619047619046,18.0035,-0.17808513427363806,0.0,66.13857142857144,63.9605
2019-04-01,"Electricity, gas, steam and air conditioning supply",France,102.0,"Index, 2021=100",100.2,15.041818181818183,15.697619047619046,0.3628493694964929,0.0,71.20954545454545,66.13857142857144
2019-05-01,"Electricity, gas, steam and air conditioning supply",France,107.6,"Index, 2021=100",102.0,13.298695652173913,15.041818181818183,-0.7347359961140314,0.0,71.17260869565217,71.20954545454545
2019-06-01,"Electricity, gas, steam and air conditioning supply",France,102.2,"Index, 2021=100",107.6,10.5225,13.298695652173913,-0.33975076992957615,0.0,64.2205,71.17260869565217
2019-07-01,"Electricity, gas, steam and air conditioning supply",France,103.1,"Index, 2021=100",102.2,10.941304347826087,10.5225,0.3395291323618024,-4.251048097619388,63.9191304347826,64.2205
2019-08-01,"Electricity, gas, steam and air conditioning supply",France,100.7,"Index, 2021=100",103.1,10.029545454545454,10.941304347826087,-0.3748389650611249,0.0,59.041818181818186,63.9191304347826
2019-09-01,"Electricity, gas, steam and air conditioning supply",France,99.2,"Index, 2021=100",100.7,9.568095238095239,10.029545454545454,0.48197852185687173,0.0,62.826666666666675,59.041818181818186
2019-10-01,"Electricity, gas, steam and air conditioning supply",France,99.5,"Index, 2021=100",99.2,10.30913043478261,9.568095238095239,-0.3400181888327622,0.0,59.71304347826087,62.826666666666675
2019-11-01,"Electricity, gas, steam and air conditioning supply",France,101.6,"Index, 2021=100",99.5,14.763809523809524,10.30913043478261,0.4635132466348744,0.0,63.21190476190476,59.71304347826087
2019-12-01,"Electricity, gas, steam and air conditioning supply",France,97.6,"Index, 2021=100",101.6,13.031363636363636,14.763809523809524,0.4622502963974788,1.090508505035817,67.31,63.21190476190476
2020-01-01,"Electricity, gas, steam and air conditioning supply",France,96.3,"Index, 2021=100",97.6,11.144782608695651,13.031363636363636,1.4414572982744303,0.0,63.82478260869566,67.31
2020-02-01,"Electricity, gas, steam and air conditioning supply",France,98.8,"Index, 2021=100",96.3,9.3725,11.144782608695651,-0.8114535624060095,0.0,55.702,63.82478260869566
2020-03-01,"Electricity, gas, steam and air conditioning supply",France,96.5,"Index, 2021=100",98.8,8.622727272727273,9.3725,-1.9239758097171007,-8.007737426749562,31.993636363636366,55.702
2020-04-01,"Electricity, gas, steam and air conditioning supply",France,81.3,"Index, 2021=100",96.5,6.54,8.622727272727273,1.3138212739143362,3.0940649462160628,18.546818181818182,31.993636363636366
2020-05-01,"Electricity, gas, steam and air conditioning supply",France,90.2,"Index, 2021=100",81.3,4.575714285714286,6.54,0.7414620048035757,0.0,29.344285714285714,18.546818181818182
2020-06-01,"Electricity, gas, steam and air conditioning supply",France,95.1,"Index, 2021=100",90.2,4.991818181818181,4.575714285714286,-0.674179631293128,-3.149840310433884,40.26681818181818,29.344285714285714
2020-07-01,"Electricity, gas, steam and air conditioning supply",France,95.4,"Index, 2021=100",95.1,4.879565217391304,4.991818181818181,-0.07202838847948002,0.0,43.24217391304348,40.26681818181818
2020-08-01,"Electricity, gas, steam and air conditioning supply",France,97.0,"Index, 2021=100",95.4,7.533333333333333,4.879565217391304,-0.7379957308695794,0.0,44.75904761904762,43.24217391304348
2020-09-01,"Electricity, gas, steam and air conditioning supply",France,95.6,"Index, 2021=100",97.0,11.161818181818182,7.533333333333333,-0.5826109751692493,0.0,40.90954545454545,44.75904761904762
2020-10-01,"Electricity, gas, steam and air conditioning supply",France,105.4,"Index, 2021=100",95.6,13.955454545454545,11.161818181818182,-0.291036694449014,0.0,40.18954545454546,40.90954545454545
2020-11-01,"Electricity, gas, steam and air conditioning supply",France,93.9,"Index, 2021=100",105.4,13.794285714285715,13.955454545454545,-0.1676225177801478,0.0,42.69238095238095,40.18954545454546
2020-12-01,"Electricity, gas, steam and air conditioning supply",France,98.2,"Index, 2021=100",93.9,16.34565217391304,13.794285714285715,-0.06503074006202851,0.563137829641395,50.03217391304348,42.69238095238095
2021-01-01,"Electricity, gas, steam and air conditioning supply",France,100.8,"Index, 2021=100",98.2,20.476190476190474,16.34565217391304,-0.5778110950222807,3.899417998430563,54.60476190476191,50.03217391304348
2021-02-01,"Electricity, gas, steam and air conditioning supply",France,96.6,"Index, 2021=100",100.8,17.4085,20.476190476190474,0.26866362438390906,0.0,62.2765,54.60476190476191
2021-03-01,"Electricity, gas, steam and air conditioning supply",France,100.8,"Index, 2021=100",96.6,17.795217391304348,17.4085,0.3009824618650811,3.5419347237958796,65.41,62.2765
2021-04-01,"Electricity, gas, steam and air conditioning supply",France,100.9,"Index, 2021=100",100.8,20.775454545454547,17.795217391304348,0.5129892999970512,5.991632222929873,64.71954545454545,65.41
2021-05-01,"Electricity, gas, steam and air conditioning supply",France,104.9,"Index, 2021=100",100.9,25.285238095238096,20.775454545454547,0.8992703670969532,0.0,68.5352380952381,64.71954545454545
2021-06-01,"Electricity, gas, steam and air conditioning supply",France,99.5,"Index, 2021=100",104.9,29.238636363636363,25.285238095238096,0.36360474028399664,2.2925007532095663,73.1640909090909,68.5352380952381
2021-07-01,"Electricity, gas, steam and air conditioning supply",France,98.2,"Index, 2021=100",99.5,36.13954545454545,29.238636363636363,0.019142986170709916,-9.851298268875022,75.1659090909091,73.1640909090909
2021-08-01,"Electricity, gas, steam and air conditioning supply",France,98.6,"Index, 2021=100",98.2,44.30409090909091,36.13954545454545,-0.3147083142103972,0.0,70.81590909090909,75.1659090909091
2021-09-01,"Electricity, gas, steam and air conditioning supply",France,98.8,"Index, 2021=100",98.6,64.45363636363636,44.30409090909091,1.015760795186652,0.4390282348823775,74.48863636363636,70.81590909090909
2021-10-01,"Electricity, gas, steam and air conditioning supply",France,101.0,"Index, 2021=100",98.8,87.69238095238094,64.45363636363636,0.7705932795655408,2.361261487325598,83.53809523809524,74.48863636363636
2021-11-01,"Electricity, gas, steam and air conditioning supply",France,101.3,"Index, 2021=100",101.0,81.92136363636364,87.69238095238094,-0.5218341421272874,-1.0130750354233125,81.05,83.53809523809524
2021-12-01,"Electricity, gas, steam and air conditioning supply",France,98.7,"Index, 2021=100",101.3,112.80739130434783,81.92136363636364,-0.49656758152090014,1.7069751201240932,74.26347826086956,81.05
2022-01-01,"Electricity, gas, steam and air conditioning supply",France,97.9,"Index, 2021=100",98.7,84.06952380952382,112.80739130434783,0.8522287791057341,1.4985078326623733,86.50523809523808,74.26347826086956
2022-02-01,"Electricity, gas, steam and air conditioning supply",France,94.9,"Index, 2021=100",97.9,81.164,84.06952380952382,0.20967705216092372,0.6492342056890332,97.12899999999999,86.50523809523808
2022-03-01,"Electricity, gas, steam and air conditioning supply",France,94.8,"Index, 2021=100",94.9,129.18304347826088,81.164,1.1589724435645128,1.020230642989599,117.24521739130434,97.12899999999999
2022-04-01,"Electricity, gas, steam and air conditioning supply",France,95.0,"Index, 2021=100",94.8,101.06238095238095,129.18304347826088,-0.41804567878166843,0.0,105.17095238095239,117.24521739130434
2022-05-01,"Electricity, gas, steam and air conditioning supply",France,91.5,"Index, 2021=100",95.0,88.58863636363637,101.06238095238095,0.8079062673307621,0.4644825107300398,113.11136363636363,105.17095238095239
2022-06-01,"Electricity, gas, steam and air conditioning supply",France,93.4,"Index, 2021=100",91.5,106.29454545454546,88.58863636363637,0.2666071424046354,-2.121493222584776,122.68772727272727,113.11136363636363
2022-07-01,"Electricity, gas, steam and air conditioning supply",France,92.0,"Index, 2021=100",93.4,171.41666666666666,106.29454545454546,-1.5284523643533043,0.0,111.92571428571429,122.68772727272727
2022-08-01,"Electricity, gas, steam and air conditioning supply",France,92.0,"Index, 2021=100",92.0,235.68391304347824,171.41666666666666,-0.8625649365210946,-2.904996658248558,100.47608695652173,111.92571428571429
2022-09-01,"Electricity, gas, steam and air conditioning supply",France,90.6,"Index, 2021=100",92.0,190.24181818181816,235.68391304347824,-0.6092331240191604,0.5554531127177963,89.74954545454545,100.47608695652173
2022-10-01,"Electricity, gas, steam and air conditioning supply",France,83.8,"Index, 2021=100",90.6,72.15047619047618,190.24181818181816,0.8249900068007756,2.4641871317219377,93.33190476190477,89.74954545454545
2022-11-01,"Electricity, gas, steam and air conditioning supply",France,81.9,"Index, 2021=100",83.8,96.28181818181817,72.15047619047618,-0.31727729228827767,0.0,91.41545454545455,93.33190476190477
2022-12-01,"Electricity, gas, steam and air conditioning supply",France,91.1,"Index, 2021=100",81.9,113.99181818181819,96.28181818181817,-0.5175798710392452,-2.8790551863806995,81.06272727272727,91.41545454545455
2023-01-01,"Electricity, gas, steam and air conditioning supply",France,88.6,"Index, 2021=100",91.1,63.004090909090905,113.99181818181819,0.16272770514393026,0.0,82.51590909090909,81.06272727272727
2023-02-01,"Electricity, gas, steam and air conditioning supply",France,92.3,"Index, 2021=100",88.6,53.352999999999994,63.004090909090905,-0.3578309492217428,0.0,82.58500000000001,82.51590909090909
2023-03-01,"Electricity, gas, steam and air conditioning supply",France,91.6,"Index, 2021=100",92.3,44.18782608695652,53.352999999999994,-0.5444578687975978,0.0,78.43434782608696,82.58500000000001
2023-04-01,"Electricity, gas, steam and air conditioning supply",France,92.9,"Index, 2021=100",91.6,42.585,44.18782608695652,0.7779760977112515,0.0,84.8305,78.43434782608696
2023-05-01,"Electricity, gas, steam and air conditioning supply",France,93.0,"Index, 2021=100",92.9,31.335652173913044,42.585,-0.9911199872566404,0.0,75.77478260869565,84.8305
2023-06-01,"Electricity, gas, steam and air conditioning supply",France,93.2,"Index, 2021=100",93.0,32.39909090909091,31.335652173913044,0.10438583996063543,0.4626838105740375,74.83909090909091,75.77478260869565
2023-07-01,"Electricity, gas, steam and air conditioning supply",France,92.6,"Index, 2021=100",93.2,29.665714285714287,32.39909090909091,0.3105036346079896,0.0,80.10809523809523,74.83909090909091
2023-08-01,"Electricity, gas, steam and air conditioning supply",France,93.9,"Index, 2021=100",92.6,33.52304347826087,29.665714285714287,0.2634335721723802,0.0,86.11608695652174,80.10809523809523
2023-09-01,"Electricity, gas, steam and air conditioning supply",France,93.6,"Index, 2021=100",93.9,36.52761904761905,33.52304347826087,0.4709271233739839,0.0,93.72238095238096,86.11608695652174
2023-10-01,"Electricity, gas, steam and air conditioning supply",France,91.0,"Index, 2021=100",93.6,43.264545454545456,36.52761904761905,-0.16534366151930893,0.0,90.59590909090909,93.72238095238096
2023-11-01,"Electricity, gas, steam and air conditioning supply",France,92.9,"Index, 2021=100",91.0,43.269090909090906,43.264545454545456,-0.571544726123262,-2.4651491943871404,82.94,90.59590909090909
2023-12-01,"Electricity, gas, steam and air conditioning supply",France,92.2,"Index, 2021=100",92.9,35.318571428571424,43.269090909090906,0.011208893183722398,0.0,77.87857142857143,82.94
2004-01-01,MIG - capital goods,France,110.5,"Index, 2021=100",110.5,11.36,11.36,0.44154017195044576,0.0,31.236363636363638,29.77608695652174
2004-02-01,MIG - capital goods,France,113.7,"Index, 2021=100",110.5,10.7975,11.36,-0.08581088034809001,2.694076911628696,30.8585,31.236363636363638
2004-03-01,MIG - capital goods,France,110.5,"Index, 2021=100",113.7,10.900434782608697,10.7975,0.2813203494904621,-0.667869132781252,33.63434782608696,30.8585
2004-04-01,MIG - capital goods,France,113.4,"Index, 2021=100",110.5,10.974545454545455,10.900434782608697,-0.6033863591783445,0.0,33.59090909090909,33.63434782608696
2004-05-01,MIG - capital goods,France,111.0,"Index, 2021=100",113.4,11.221904761904762,10.974545454545455,0.5969780334499486,0.0,37.56761904761905,33.59090909090909
2004-06-01,MIG - capital goods,France,112.7,"Index, 2021=100",111.0,10.607727272727272,11.221904761904762,-0.0108376887124877,-0.8697021883599181,35.18363636363636,37.56761904761905
2004-07-01,MIG - capital goods,France,115.6,"Index, 2021=100",112.7,10.656818181818181,10.607727272727272,-0.18225670383212336,0.0,38.221363636363634,35.18363636363636
2004-08-01,MIG - capital goods,France,107.4,"Index, 2021=100",115.6,12.030909090909091,10.656818181818181,0.41307128781677527,0.0,42.74409090909091,38.221363636363634
2004-09-01,MIG - capital goods,France,115.3,"Index, 2021=100",107.4,12.784999999999998,12.030909090909091,0.020228290770040784,-1.6071356282661176,43.19681818181818,42.74409090909091
2004-10-01,MIG - capital goods,France,117.0,"Index, 2021=100",115.3,12.065238095238096,12.784999999999998,0.8379242805985881,0.0,49.776666666666664,43.19681818181818
2004-11-01,MIG - capital goods,France,113.9,"Index, 2021=100",117.0,12.959545454545456,12.065238095238096,-0.22862171681724705,0.0,43.110454545454544,49.776666666666664
2004-12-01,MIG - capital goods,France,114.1,"Index, 2021=100",113.9,14.537391304347826,12.959545454545456,-0.8713033012256369,-3.1596202022297115,39.60217391304348,43.110454545454544
2005-01-01,MIG - capital goods,France,117.4,"Index, 2021=100",114.1,14.123333333333331,14.537391304347826,0.2661415106984759,2.159954265104334,44.31238095238095,39.60217391304348
2005-02-01,MIG - capital goods,France,115.7,"Index, 2021=100",117.4,16.8315,14.123333333333331,0.33553585232891664,0.0,45.475,44.31238095238095
2005-03-01,MIG - capital goods,France,112.1,"Index, 2021=100",115.7,18.585217391304347,16.8315,0.5751930208570617,3.0421593263989704,53.071739130434786,45.475
2005-04-01,MIG - capital goods,France,116.6,"Index, 2021=100",112.1,14.80857142857143,18.585217391304347,-0.5666684540474421,0.0,51.88380952380952,53.071739130434786
2005-05-01,MIG - capital goods,France,115.8,"Index, 2021=100",116.6,14.289090909090909,14.80857142857143,-0.10846214234396483,0.0,48.64545454545455,51.88380952380952
2005-06-01,MIG - capital goods,France,115.7,"Index, 2021=100",115.8,14.356363636363636,14.289090909090909,0.503989891285571,0.3374585671050337,54.35454545454545,48.64545454545455
2005-07-01,MIG - capital goods,France,115.0,"Index, 2021=100",115.7,15.540952380952382,14.356363636363636,0.563468443674944,0.0,57.52,54.35454545454545
2005-08-01,MIG - capital goods,France,110.0,"Index, 2021=100",115.0,15.107826086956523,15.540952380952382,0.718752317958703,0.0,63.98347826086956,57.52
2005-09-01,MIG - capital goods,France,118.3,"Index, 2021=100",110.0,14.746363636363638,15.107826086956523,1.1148474280757803,-1.6643240899907965,62.908181818181816,63.98347826086956
2005-10-01,MIG - capital goods,France,111.7,"Index, 2021=100",118.3,15.534761904761906,14.746363636363638,-1.0533079897254418,0.0,58.53857142857142,62.908181818181816
2005-11-01,MIG - capital goods,France,119.1,"Index, 2021=100",111.7,19.15909090909091,15.534761904761906,-1.2341397270208476,0.0,55.24181818181818,58.53857142857142
2005-12-01,MIG - capital goods,France,116.0,"Index, 2021=100",119.1,22.903636363636362,19.15909090909091,-0.03924653272715153,2.9526028347999587,56.84136363636364,55.24181818181818
2006-01-01,MIG - capital goods,France,116.7,"Index, 2021=100",116.0,25.694999999999997,22.903636363636362,0.19348656521120655,-0.15180339953147387,62.77409090909091,56.84136363636364
2006-02-01,MIG - capital goods,France,115.7,"Index, 2021=100",116.7,22.324,25.694999999999997,-0.6518974343740799,0.0,60.21,62.77409090909091
2006-03-01,MIG - capital goods,France,118.2,"Index, 2021=100",115.7,26.028260869565216,22.324,-0.07863751143875931,-1.827456416166897,62.06478260869565,60.21
2006-04-01,MIG - capital goods,France,115.7,"Index, 2021=100",118.2,21.387999999999998,26.028260869565216,0.6237237514902355,0.0,70.173,62.06478260869565
2006-05-01,MIG - capital goods,France,121.5,"Index, 2021=100",115.7,19.692608695652176,21.387999999999998,-0.3540726086115883,0.0,69.77695652173912,70.173
2006-06-01,MIG - capital goods,France,121.1,"Index, 2021=100",121.5,19.58409090909091,19.692608695652176,-0.31545669169778073,-1.1833322763183536,68.5559090909091,69.77695652173912
2006-07-01,MIG - capital goods,France,118.0,"Index, 2021=100",121.1,19.847619047619048,19.58409090909091,0.28310573574819875,0.0,73.67428571428572,68.5559090909091
2006-08-01,MIG - capital goods,France,115.9,"Index, 2021=100",118.0,17.97826086956522,19.847619047619048,-0.1782674258490434,0.0,73.2304347826087,73.67428571428572
2006-09-01,MIG - capital goods,France,121.3,"Index, 2021=100",115.9,15.951428571428572,17.97826086956522,-1.0773599355773278,-1.1265879387430244,61.95857142857143,73.2304347826087
2006-10-01,MIG - capital goods,France,119.8,"Index, 2021=100",121.3,14.200454545454546,15.951428571428572,-0.713482353040865,-1.0147867419479089,57.808181818181815,61.95857142857143
2006-11-01,MIG - capital goods,France,116.9,"Index, 2021=100",119.8,19.87272727272727,14.200454545454546,-0.6336040683167151,0.0,58.76136363636363,57.808181818181815
2006-12-01,MIG - capital goods,France,119.8,"Index, 2021=100",116.9,16.45809523809524,19.87272727272727,0.06279864252157119,1.7594994847040366,62.41952380952381,58.76136363636363
2007-01-01,MIG - capital goods,France,118.6,"Index, 2021=100",119.8,13.603478260869565,16.45809523809524,-0.8815456486489374,0.0,53.748695652173915,62.41952380952381
2007-02-01,MIG - capital goods,France,119.2,"Index, 2021=100",118.6,9.310500000000001,13.603478260869565,0.5012149220613668,0.0,57.516999999999996,53.748695652173915
2007-03-01,MIG - capital goods,France,120.7,"Index, 2021=100",119.2,10.338636363636363,9.310500000000001,0.001407425353364094,-0.689195928658093,62.05045454545455,57.516999999999996
2007-04-01,MIG - capital goods,France,118.1,"Index, 2021=100",120.7,8.91904761904762,10.338636363636363,0.23160567911181562,0.0,67.64428571428572,62.05045454545455
2007-05-01,MIG - capital goods,France,122.3,"Index, 2021=100",118.1,11.71391304347826,8.91904761904762,-0.29762578435044224,0.0,67.36478260869566,67.64428571428572
2007-06-01,MIG - capital goods,France,122.9,"Index, 2021=100",122.3,10.586190476190476,11.71391304347826,0.16535936703141824,0.0,71.04571428571428,67.36478260869566
2007-07-01,MIG - capital goods,France,123.8,"Index, 2021=100",122.9,14.946363636363635,10.586190476190476,0.18880782596297765,0.0,76.80863636363637,71.04571428571428
2007-08-01,MIG - capital goods,France,124.9,"Index, 2021=100",123.8,14.281304347826088,14.946363636363635,-0.5681005018139146,0.0,70.76086956521739,76.80863636363637
2007-09-01,MIG - capital goods,France,118.5,"Index, 2021=100",124.9,17.057,14.281304347826088,1.0001793364551819,1.1859376565060231,76.929,70.76086956521739
2007-10-01,MIG - capital goods,France,122.3,"Index, 2021=100",118.5,20.13478260869565,17.057,0.10198579635873983,0.0,82.34,76.929
2007-11-01,MIG - capital goods,France,122.3,"Index, 2021=100",122.3,22.223636363636363,20.13478260869565,0.6128810878526092,0.0,92.53045454545455,82.34
2007-12-01,MIG - capital goods,France,121.8,"Index, 2021=100",122.3,23.133333333333333,22.223636363636363,-0.28925766272037334,-0.831933850195447,90.99,92.53045454545455
2008-01-01,MIG - capital goods,France,122.9,"Index, 2021=100",121.8,24.26347826086956,23.133333333333333,-0.13761859893639725,0.0,92.13391304347826,90.99
2008-02-01,MIG - capital goods,France,125.4,"Index, 2021=100",122.9,22.760952380952382,24.26347826086956,0.2608943406309443,-2.502179452682496,95.08047619047619,92.13391304347826
2008-03-01,MIG - capital goods,France,123.9,"Index, 2021=100",125.4,23.693333333333335,22.760952380952382,1.0041522754151373,4.248635030337986,103.45190476190476,95.08047619047619
2008-04-01,MIG - capital goods,France,127.6,"Index, 2021=100",123.9,25.75318181818182,23.693333333333335,0.06105421820469373,0.0,109.07136363636364,103.45190476190476
2008-05-01,MIG - capital goods,France,121.1,"Index, 2021=100",127.6,25.01409090909091,25.75318181818182,1.3761117623094206,0.0,123.11181818181818,109.07136363636364
2008-06-01,MIG - capital goods,France,118.8,"Index, 2021=100",121.1,26.552380952380954,25.01409090909091,1.1146900143738558,0.0,132.32238095238094,123.11181818181818
2008-07-01,MIG - capital goods,France,121.1,"Index, 2021=100",118.8,25.088260869565215,26.552380952380954,0.5718559213874487,0.0,133.20652173913044,132.32238095238094
2008-08-01,MIG - capital goods,France,117.8,"Index, 2021=100",121.1,24.035238095238096,25.088260869565215,-0.46951606860925593,0.0,113.24333333333334,133.20652173913044
2008-09-01,MIG - capital goods,France,116.9,"Index, 2021=100",117.8,30.28409090909091,24.035238095238096,0.2624296377427312,-0.7550683370320911,97.97363636363637,113.24333333333334
2008-10-01,MIG - capital goods,France,112.6,"Index, 2021=100",116.9,26.14260869565217,30.28409090909091,-2.8871890830034372,-5.276020721573241,71.58217391304348,97.97363636363637
2008-11-01,MIG - capital goods,France,106.5,"Index, 2021=100",112.6,23.5355,26.14260869565217,-1.0616536689944311,0.0,52.2995,71.58217391304348
2008-12-01,MIG - capital goods,France,107.8,"Index, 2021=100",106.5,21.674347826086954,23.5355,-0.2694383119813248,-2.158283290921576,39.70782608695652,52.2995
2009-01-01,MIG - capital goods,France,99.5,"Index, 2021=100",107.8,23.224999999999998,21.674347826086954,1.9606284214617051,0.0,43.09227272727273,39.70782608695652
2009-02-01,MIG - capital goods,France,98.3,"Index, 2021=100",99.5,17.725,23.224999999999998,0.07516411002784573,0.0,43.326499999999996,43.09227272727273
2009-03-01,MIG - capital goods,France,98.2,"Index, 2021=100",98.3,12.2,17.725,1.147539934894266,1.9198599485884802,46.540454545454544,43.326499999999996
2009-04-01,MIG - capital goods,France,98.2,"Index, 2021=100",98.2,11.327272727272726,12.2,-0.6897706760210826,0.0,50.279545454545456,46.540454545454544
2009-05-01,MIG - capital goods,France,97.6,"Index, 2021=100",98.2,11.00952380952381,11.327272727272726,0.9371855413099275,2.9437593321208158,57.36904761904762,50.279545454545456
2009-06-01,MIG - capital goods,France,100.0,"Index, 2021=100",97.6,10.796818181818182,11.00952380952381,1.0697891624848404,0.0,68.60954545454545,57.36904761904762
2009-07-01,MIG - capital goods,France,97.1,"Index, 2021=100",100.0,9.393478260869566,10.796818181818182,-0.8584497443655938,0.0,64.49217391304347,68.60954545454545
2009-08-01,MIG - capital goods,France,100.5,"Index, 2021=100",97.1,8.778571428571428,9.393478260869566,1.168814769853965,0.0,72.50857142857143,64.49217391304347
2009-09-01,MIG - capital goods,France,100.1,"Index, 2021=100",100.5,9.418181818181818,8.778571428571428,0.12040182675501683,0.7555170574307397,67.56409090909091,72.50857142857143
2009-10-01,MIG - capital goods,France,100.0,"Index, 2021=100",100.1,10.340909090909092,9.418181818181818,0.8389514187941388,0.0,72.76954545454545,67.56409090909091
2009-11-01,MIG - capital goods,France,101.8,"Index, 2021=100",100.0,9.738095238095237,10.340909090909092,-0.14885123884919385,0.0,76.65761904761905,72.76954545454545
2009-12-01,MIG - capital goods,France,98.9,"Index, 2021=100",101.8,11.4,9.738095238095237,-0.8450010635890879,1.281714088367376,74.48652173913044,76.65761904761905
2010-01-01,MIG - capital goods,France,102.7,"Index, 2021=100",98.9,14.44047619047619,11.4,-0.48138524271346517,0.0,76.28285714285714,74.48652173913044
2010-02-01,MIG - capital goods,France,100.7,"Index, 2021=100",102.7,13.715,14.44047619047619,-0.21414063782099357,0.0,73.639,76.28285714285714
2010-03-01,MIG - capital goods,France,103.8,"Index, 2021=100",100.7,11.954782608695652,13.715,-0.5233596426999279,1.5544096531485574,78.82739130434783,73.639
2010-04-01,MIG - capital goods,France,104.2,"Index, 2021=100",103.8,13.493181818181819,11.954782608695652,-0.18357082280701043,0.0,84.71818181818182,78.82739130434783
2010-05-01,MIG - capital goods,France,103.6,"Index, 2021=100",104.2,16.781904761904762,13.493181818181819,-1.323271263136311,0.0,75.8052380952381,84.71818181818182
2010-06-01,MIG - capital goods,France,104.5,"Index, 2021=100",103.6,19.222727272727273,16.781904761904762,0.525869862586917,0.0,74.7609090909091,75.8052380952381
2010-07-01,MIG - capital goods,France,103.3,"Index, 2021=100",104.5,19.469545454545454,19.222727272727273,0.04754485195679738,0.0,75.40590909090909,74.7609090909091
2010-08-01,MIG - capital goods,France,103.2,"Index, 2021=100",103.3,18.13090909090909,19.469545454545454,-0.07161403937119563,0.0,77.03954545454545,75.40590909090909
2010-09-01,MIG - capital goods,France,106.1,"Index, 2021=100",103.2,18.943181818181817,18.13090909090909,-0.1487126906627298,0.0,77.71272727272728,77.03954545454545
2010-10-01,MIG - capital goods,France,106.3,"Index, 2021=100",106.1,18.497619047619047,18.943181818181817,0.7103428057964077,-0.4584134038079942,82.6647619047619,77.71272727272728
2010-11-01,MIG - capital goods,France,106.1,"Index, 2021=100",106.3,19.477272727272727,18.497619047619047,0.09961570270309454,0.0,85.24090909090908,82.6647619047619
2010-12-01,MIG - capital goods,France,110.1,"Index, 2021=100",106.1,24.09478260869565,19.477272727272727,-0.1169385540431611,1.0894693635716877,91.54173913043478,85.24090909090908
2011-01-01,MIG - capital goods,France,109.3,"Index, 2021=100",110.1,22.343809523809526,24.09478260869565,-0.13316626923827257,0.0,96.58714285714285,91.54173913043478
2011-02-01,MIG - capital goods,France,110.5,"Index, 2021=100",109.3,21.761,22.343809523809526,0.1062714600527813,0.0,103.6405,96.58714285714285
2011-03-01,MIG - capital goods,France,108.1,"Index, 2021=100",110.5,23.722608695652173,21.761,1.0735774048683804,0.0,114.64347826086957,103.6405
2011-04-01,MIG - capital goods,France,107.3,"Index, 2021=100",108.1,22.854761904761904,23.722608695652173,0.9191065185128502,0.0,123.45380952380954,114.64347826086957
2011-05-01,MIG - capital goods,France,113.8,"Index, 2021=100",107.3,22.989545454545453,22.854761904761904,-0.754449697870264,0.0,114.98272727272727,123.45380952380954
2011-06-01,MIG - capital goods,France,106.5,"Index, 2021=100",113.8,22.613636363636363,22.989545454545453,-0.5053044665651589,1.5367288900477356,113.83318181818181,114.98272727272727
2011-07-01,MIG - capital goods,France,108.2,"Index, 2021=100",106.5,21.51142857142857,22.613636363636363,-0.18652846565540906,0.0,116.63285714285715,113.83318181818181
2011-08-01,MIG - capital goods,France,106.3,"Index, 2021=100",108.2,21.93565217391304,21.51142857142857,-1.0228125161863917,0.0,110.3095652173913,116.63285714285715
2011-09-01,MIG - capital goods,France,107.0,"Index, 2021=100",106.3,23.39363636363636,21.93565217391304,0.43959634290727284,0.0,112.9740909090909,110.3095652173913
2011-10-01,MIG - capital goods,France,108.5,"Index, 2021=100",107.0,22.554761904761904,23.39363636363636,-0.15278013183668757,0.0,109.55000000000001,112.9740909090909
2011-11-01,MIG - capital goods,France,112.7,"Index, 2021=100",108.5,23.736363636363638,22.554761904761904,0.8939539270283243,0.0,110.58909090909091,109.55000000000001
2011-12-01,MIG - capital goods,France,110.7,"Index, 2021=100",112.7,22.296818181818182,23.736363636363638,-0.356458994127559,-4.916568331324604,107.99863636363635,110.58909090909091
2012-01-01,MIG - capital goods,France,107.7,"Index, 2021=100",110.7,21.865454545454543,22.296818181818182,0.20632540358179952,0.0,110.53136363636364,107.99863636363635
2012-02-01,MIG - capital goods,France,107.6,"Index, 2021=100",107.7,25.41142857142857,21.865454545454543,-0.029054799009691847,0.0,119.39190476190477,110.53136363636364
2012-03-01,MIG - capital goods,France,109.6,"Index, 2021=100",107.6,23.80727272727273,25.41142857142857,0.784751689386223,0.0,125.44545454545455,119.39190476190477
2012-04-01,MIG - capital goods,France,106.2,"Index, 2021=100",109.6,24.78952380952381,23.80727272727273,0.24063874434988755,0.0,120.05666666666667,125.44545454545455
2012-05-01,MIG - capital goods,France,104.4,"Index, 2021=100",106.2,24.196521739130436,24.78952380952381,-0.3856336478636065,0.0,110.2891304347826,120.05666666666667
2012-06-01,MIG - capital goods,France,104.5,"Index, 2021=100",104.4,23.673333333333332,24.196521739130436,-0.36812562156261563,1.490841835031829,95.15571428571428,110.2891304347826
2012-07-01,MIG - capital goods,France,108.1,"Index, 2021=100",104.5,24.332727272727276,23.673333333333332,0.6703576310954897,0.0,102.49454545454546,95.15571428571428
2012-08-01,MIG - capital goods,France,109.9,"Index, 2021=100",108.1,24.05652173913043,24.332727272727276,0.889111873743037,0.0,113.35608695652174,102.49454545454546
2012-09-01,MIG - capital goods,France,106.9,"Index, 2021=100",109.9,25.825499999999998,24.05652173913043,0.366716761812549,0.0,112.917,113.35608695652174
2012-10-01,MIG - capital goods,France,103.1,"Index, 2021=100",106.9,26.702173913043477,25.825499999999998,-0.2515652750980356,0.0,111.7108695652174,112.917
2012-11-01,MIG - capital goods,France,104.8,"Index, 2021=100",103.1,27.24909090909091,26.702173913043477,-0.07773850880404555,0.0,109.13818181818182,111.7108695652174
2012-12-01,MIG - capital goods,France,106.2,"Index, 2021=100",104.8,27.22333333333333,27.24909090909091,-0.28562219812972955,0.9944110031743462,109.44380952380953,109.13818181818182
2013-01-01,MIG - capital goods,France,106.0,"Index, 2021=100",106.2,26.51782608695652,27.22333333333333,0.31250565033261724,0.0,112.81173913043479,109.44380952380953
2013-02-01,MIG - capital goods,France,106.7,"Index, 2021=100",106.0,26.3165,26.51782608695652,0.16430715373994836,0.0,116.11800000000001,112.81173913043479
2013-03-01,MIG - capital goods,France,107.7,"Index, 2021=100",106.7,32.31666666666666,26.3165,-0.383542027094866,0.0,108.47333333333333,116.11800000000001
2013-04-01,MIG - capital goods,France,109.0,"Index, 2021=100",107.7,28.575,32.31666666666666,-0.25921885392347294,0.0,102.24818181818182,108.47333333333333
2013-05-01,MIG - capital goods,France,108.1,"Index, 2021=100",109.0,26.73304347826087,28.575,0.16248527258302423,-1.3607161850187028,102.50130434782609,102.24818181818182
2013-06-01,MIG - capital goods,France,108.8,"Index, 2021=100",108.1,26.23,26.73304347826087,0.1894274611148,0.0,102.9195,102.50130434782609
2013-07-01,MIG - capital goods,France,107.1,"Index, 2021=100",108.8,26.070434782608697,26.23,0.6182980381651376,0.0,107.85434782608696,102.9195
2013-08-01,MIG - capital goods,France,105.5,"Index, 2021=100",107.1,25.55181818181818,26.070434782608697,-0.07052223294410298,0.0,111.28045454545455,107.85434782608696
2013-09-01,MIG - capital goods,France,107.3,"Index, 2021=100",105.5,26.478571428571428,25.55181818181818,0.06362224893820845,0.0,111.8047619047619,111.28045454545455
2013-10-01,MIG - capital goods,France,107.6,"Index, 2021=100",107.3,25.868695652173916,26.478571428571428,0.13725652508100525,0.0,109.07652173913044,111.8047619047619
2013-11-01,MIG - capital goods,France,108.6,"Index, 2021=100",107.6,27.18047619047619,25.868695652173916,-0.11144201084991862,0.0,107.96,109.07652173913044
2013-12-01,MIG - capital goods,France,106.6,"Index, 2021=100",108.6,27.702727272727273,27.18047619047619,0.6426503974155726,1.006536826380158,110.79363636363637,107.96
2014-01-01,MIG - capital goods,France,106.8,"Index, 2021=100",106.6,26.253913043478263,27.702727272727273,-0.19812368810882713,0.0,108.19739130434782,110.79363636363637
2014-02-01,MIG - capital goods,France,108.8,"Index, 2021=100",106.8,23.849,26.253913043478263,-0.044531303873754494,0.0,108.88700000000001,108.19739130434782
2014-03-01,MIG - capital goods,France,108.1,"Index, 2021=100",108.8,22.767142857142858,23.849,0.0514680128382354,0.0,107.48095238095237,108.88700000000001
2014-04-01,MIG - capital goods,France,107.9,"Index, 2021=100",108.1,20.423181818181817,22.767142857142858,-0.018508882722691297,0.0,107.84772727272728,107.48095238095237
2014-05-01,MIG - capital goods,France,106.0,"Index, 2021=100",107.9,19.08818181818182,20.423181818181817,0.10496074182617701,0.0,109.53909090909092,107.84772727272728
2014-06-01,MIG - capital goods,France,109.0,"Index, 2021=100",106.0,17.39190476190476,19.08818181818182,0.3545000070992207,0.42851134062250246,111.79523809523809,109.53909090909092
2014-07-01,MIG - capital goods,France,109.9,"Index, 2021=100",109.0,16.50565217391304,17.39190476190476,-0.4381447112306579,0.0,106.86434782608696,111.79523809523809
2014-08-01,MIG - capital goods,France,106.6,"Index, 2021=100",109.9,17.497142857142858,16.50565217391304,0.08722188445673984,0.0,101.60809523809523,106.86434782608696
2014-09-01,MIG - capital goods,France,109.1,"Index, 2021=100",106.6,20.74863636363636,17.497142857142858,-0.16107172026645272,0.0,97.27454545454545,101.60809523809523
2014-10-01,MIG - capital goods,France,106.5,"Index, 2021=100",109.1,21.268260869565218,20.74863636363636,-0.2764119863445895,0.0,87.42521739130434,97.27454545454545
2014-11-01,MIG - capital goods,France,103.9,"Index, 2021=100",106.5,22.978,21.268260869565218,-0.9869169148213338,-9.796069628596289,79.3355,87.42521739130434
2014-12-01,MIG - capital goods,France,110.2,"Index, 2021=100",103.9,22.520869565217392,22.978,-1.2412203634377712,0.0,62.17565217391304,79.3355
2015-01-01,MIG - capital goods,France,107.1,"Index, 2021=100",110.2,19.755,22.520869565217392,-1.689378075003543,0.0,48.08363636363636,62.17565217391304
2015-02-01,MIG - capital goods,France,107.8,"Index, 2021=100",107.1,22.566,19.755,1.030226324080852,0.0,58.0955,48.08363636363636
2015-03-01,MIG - capital goods,France,107.4,"Index, 2021=100",107.8,21.856818181818184,22.566,-0.2471285840319799,0.0,55.88545454545454,58.0955
2015-04-01,MIG - capital goods,France,107.0,"Index, 2021=100",107.4,22.078181818181818,21.856818181818184,0.7630852782137214,0.0,59.35181818181818,55.88545454545454
2015-05-01,MIG - capital goods,France,107.6,"Index, 2021=100",107.0,20.548571428571428,22.078181818181818,0.9306750388082086,0.0,64.1047619047619,59.35181818181818
2015-06-01,MIG - capital goods,France,108.4,"Index, 2021=100",107.6,20.520454545454545,20.548571428571428,-0.3949488388902102,2.4056171564772404,61.47772727272727,64.1047619047619
2015-07-01,MIG - capital goods,France,105.4,"Index, 2021=100",108.4,20.858260869565218,20.520454545454545,-0.8969936335129175,0.0,56.56130434782609,61.47772727272727
2015-08-01,MIG - capital goods,France,110.3,"Index, 2021=100",105.4,19.576190476190476,20.858260869565218,-0.6689537169882939,0.0,46.58428571428571,56.56130434782609
2015-09-01,MIG - capital goods,France,110.5,"Index, 2021=100",110.3,19.16,19.576190476190476,0.4134260838296521,0.0,47.62318181818182,46.58428571428571
2015-10-01,MIG - capital goods,France,107.5,"Index, 2021=100",110.5,18.243636363636366,19.16,-0.17098247375992967,0.0,48.43,47.62318181818182
2015-11-01,MIG - capital goods,France,104.8,"Index, 2021=100",107.5,17.202380952380953,18.243636363636366,-0.3748783969247207,0.0,44.26761904761905,48.43
2015-12-01,MIG - capital goods,France,108.0,"Index, 2021=100",104.8,15.640869565217391,17.202380952380953,-0.7698627351357819,-1.9668139100704445,37.97130434782609,44.26761904761905
2016-01-01,MIG - capital goods,France,109.5,"Index, 2021=100",108.0,13.904285714285715,15.640869565217391,-1.2929579520638326,0.0,30.98095238095238,37.97130434782609
2016-02-01,MIG - capital goods,France,109.0,"Index, 2021=100",109.5,12.476666666666667,13.904285714285715,-0.22939651791615284,0.0,32.163333333333334,30.98095238095238
2016-03-01,MIG - capital goods,France,106.3,"Index, 2021=100",109.0,12.267826086956523,12.476666666666667,0.9962287899781237,0.0,38.21565217391304,32.163333333333334
2016-04-01,MIG - capital goods,France,111.4,"Index, 2021=100",106.3,11.979999999999999,12.267826086956523,-0.15187983491624749,0.0,41.583333333333336,38.21565217391304
2016-05-01,MIG - capital goods,France,109.4,"Index, 2021=100",111.4,13.04090909090909,11.979999999999999,0.6792464128472383,0.0,46.84909090909091,41.583333333333336
2016-06-01,MIG - capital goods,France,107.8,"Index, 2021=100",109.4,14.41590909090909,13.04090909090909,-0.1770446016289529,0.582575139176583,48.24727272727273,46.84909090909091
2016-07-01,MIG - capital goods,France,107.2,"Index, 2021=100",107.8,14.241904761904761,14.41590909090909,-0.4528878840711025,0.0,44.951904761904764,48.24727272727273
2016-08-01,MIG - capital goods,France,107.9,"Index, 2021=100",107.2,11.980869565217391,14.241904761904761,0.1189274105169856,0.0,45.843043478260874,44.951904761904764
2016-09-01,MIG - capital goods,France,107.6,"Index, 2021=100",107.9,12.282272727272726,11.980869565217391,0.24870447283671346,1.4727297897900193,46.567727272727275,45.843043478260874
2016-10-01,MIG - capital goods,France,107.4,"Index, 2021=100",107.6,16.093809523809526,12.282272727272726,0.41093056832079616,0.0,49.522380952380956,46.567727272727275
2016-11-01,MIG - capital goods,France,108.6,"Index, 2021=100",107.4,17.90590909090909,16.093809523809526,-0.5793797051617606,7.91404059403762,44.73409090909091,49.522380952380956
2016-12-01,MIG - capital goods,France,108.2,"Index, 2021=100",108.6,17.689545454545456,17.90590909090909,0.7086845393102761,2.0404579621780123,53.365,44.73409090909091
2017-01-01,MIG - capital goods,France,108.1,"Index, 2021=100",108.2,20.12272727272727,17.689545454545456,0.08901653408704874,0.0,54.59409090909091,53.365
2017-02-01,MIG - capital goods,France,108.9,"Index, 2021=100",108.1,19.553,20.12272727272727,-0.03179032404754296,0.0,54.8695,54.59409090909091
2017-03-01,MIG - capital goods,France,112.7,"Index, 2021=100",108.9,15.799130434782608,19.553,-1.4425063041961181,0.0,51.589130434782604,54.8695
2017-04-01,MIG - capital goods,France,108.1,"Index, 2021=100",112.7,16.058,15.799130434782608,0.21703780157455996,0.0,52.44500000000001,51.589130434782604
2017-05-01,MIG - capital goods,France,113.1,"Index, 2021=100",108.1,15.669130434782607,16.058,-0.8328997339371286,-4.41644778310952,50.326521739130435,52.44500000000001
2017-06-01,MIG - capital goods,France,111.5,"Index, 2021=100",113.1,15.134545454545453,15.669130434782607,-0.26420964099602673,0.0,46.36818181818182,50.326521739130435
2017-07-01,MIG - capital goods,France,110.9,"Index, 2021=100",111.5,15.095714285714285,15.134545454545453,-0.1449934034705647,0.0,48.47857142857143,46.36818181818182
2017-08-01,MIG - capital goods,France,112.1,"Index, 2021=100",110.9,15.99304347826087,15.095714285714285,-0.1520757414392232,0.0,51.70434782608696,48.47857142857143
2017-09-01,MIG - capital goods,France,113.2,"Index, 2021=100",112.1,17.302857142857142,15.99304347826087,0.32443706724488564,0.0,56.152857142857144,51.70434782608696
2017-10-01,MIG - capital goods,France,116.5,"Index, 2021=100",113.2,17.10363636363636,17.302857142857142,-0.3486109778555899,0.0,57.50772727272727,56.152857142857144
2017-11-01,MIG - capital goods,France,114.3,"Index, 2021=100",116.5,19.57090909090909,17.10363636363636,0.12556813519738738,0.21630901693183507,62.71409090909091,57.50772727272727
2017-12-01,MIG - capital goods,France,116.7,"Index, 2021=100",114.3,20.795238095238094,19.57090909090909,-0.1117328946322315,0.0,64.39619047619047,62.71409090909091
2018-01-01,MIG - capital goods,France,111.7,"Index, 2021=100",116.7,18.6,20.795238095238094,0.7325011228803984,0.0,68.97521739130435,64.39619047619047
2018-02-01,MIG - capital goods,France,111.3,"Index, 2021=100",111.7,21.679,18.6,-0.5046465050387093,0.0,65.3175,68.97521739130435
2018-03-01,MIG - capital goods,France,112.9,"Index, 2021=100",111.3,23.622727272727275,21.679,-0.10225293145429594,0.0,66.1531818181818,65.3175
2018-04-01,MIG - capital goods,France,114.2,"Index, 2021=100",112.9,19.645238095238096,23.622727272727275,0.47425564352743266,0.0,71.95904761904762,66.1531818181818
2018-05-01,MIG - capital goods,France,111.5,"Index, 2021=100",114.2,21.566086956521737,19.645238095238096,0.5388658853656386,0.0,76.86217391304348,71.95904761904762
2018-06-01,MIG - capital goods,France,115.5,"Index, 2021=100",111.5,21.92761904761905,21.566086956521737,-0.5831886971683538,-0.4130092757360921,74.4047619047619,76.86217391304348
2018-07-01,MIG - capital goods,France,115.4,"Index, 2021=100",115.5,22.253636363636364,21.92761904761905,0.5294960350409211,0.0,74.2540909090909,74.4047619047619
2018-08-01,MIG - capital goods,France,114.3,"Index, 2021=100",115.4,23.94347826086957,22.253636363636364,-0.20893271379353645,0.0,72.52826086956522,74.2540909090909
2018-09-01,MIG - capital goods,France,113.4,"Index, 2021=100",114.3,27.837,23.94347826086957,0.6564596940208821,0.0,78.89099999999999,72.52826086956522
2018-10-01,MIG - capital goods,France,114.5,"Index, 2021=100",113.4,25.539565217391303,27.837,0.12149689586130322,0.0,81.03217391304348,78.89099999999999
2018-11-01,MIG - capital goods,France,114.9,"Index, 2021=100",114.5,24.633636363636366,25.539565217391303,-1.3685992177175907,0.0,64.74818181818182,81.03217391304348
2018-12-01,MIG - capital goods,France,113.8,"Index, 2021=100",114.9,23.666190476190476,24.633636363636366,-0.2447966896801907,2.07348679679867,56.26285714285714,64.74818181818182
2019-01-01,MIG - capital goods,France,115.9,"Index, 2021=100",113.8,21.39782608695652,23.666190476190476,0.35962477880472876,0.0,59.025217391304345,56.26285714285714
2019-02-01,MIG - capital goods,France,117.2,"Index, 2021=100",115.9,18.0035,21.39782608695652,0.1517462342010795,0.0,63.9605,59.025217391304345
2019-03-01,MIG - capital goods,France,117.6,"Index, 2021=100",117.2,15.697619047619046,18.0035,-0.17808513427363806,0.0,66.13857142857144,63.9605
2019-04-01,MIG - capital goods,France,116.8,"Index, 2021=100",117.6,15.041818181818183,15.697619047619046,0.3628493694964929,0.0,71.20954545454545,66.13857142857144
2019-05-01,MIG - capital goods,France,118.1,"Index, 2021=100",116.8,13.298695652173913,15.041818181818183,-0.7347359961140314,0.0,71.17260869565217,71.20954545454545
2019-06-01,MIG - capital goods,France,113.9,"Index, 2021=100",118.1,10.5225,13.298695652173913,-0.33975076992957615,0.0,64.2205,71.17260869565217
2019-07-01,MIG - capital goods,France,115.2,"Index, 2021=100",113.9,10.941304347826087,10.5225,0.3395291323618024,-4.251048097619388,63.9191304347826,64.2205
2019-08-01,MIG - capital goods,France,113.0,"Index, 2021=100",115.2,10.029545454545454,10.941304347826087,-0.3748389650611249,0.0,59.041818181818186,63.9191304347826
2019-09-01,MIG - capital goods,France,115.9,"Index, 2021=100",113.0,9.568095238095239,10.029545454545454,0.48197852185687173,0.0,62.826666666666675,59.041818181818186
2019-10-01,MIG - capital goods,France,114.1,"Index, 2021=100",115.9,10.30913043478261,9.568095238095239,-0.3400181888327622,0.0,59.71304347826087,62.826666666666675
2019-11-01,MIG - capital goods,France,115.7,"Index, 2021=100",114.1,14.763809523809524,10.30913043478261,0.4635132466348744,0.0,63.21190476190476,59.71304347826087
2019-12-01,MIG - capital goods,France,111.4,"Index, 2021=100",115.7,13.031363636363636,14.763809523809524,0.4622502963974788,1.090508505035817,67.31,63.21190476190476
2020-01-01,MIG - capital goods,France,113.7,"Index, 2021=100",111.4,11.144782608695651,13.031363636363636,1.4414572982744303,0.0,63.82478260869566,67.31
2020-02-01,MIG - capital goods,France,115.5,"Index, 2021=100",113.7,9.3725,11.144782608695651,-0.8114535624060095,0.0,55.702,63.82478260869566
2020-03-01,MIG - capital goods,France,84.8,"Index, 2021=100",115.5,8.622727272727273,9.3725,-1.9239758097171007,-8.007737426749562,31.993636363636366,55.702
2020-04-01,MIG - capital goods,France,58.7,"Index, 2021=100",84.8,6.54,8.622727272727273,1.3138212739143362,3.0940649462160628,18.546818181818182,31.993636363636366
2020-05-01,MIG - capital goods,France,75.6,"Index, 2021=100",58.7,4.575714285714286,6.54,0.7414620048035757,0.0,29.344285714285714,18.546818181818182
2020-06-01,MIG - capital goods,France,92.2,"Index, 2021=100",75.6,4.991818181818181,4.575714285714286,-0.674179631293128,-3.149840310433884,40.26681818181818,29.344285714285714
2020-07-01,MIG - capital goods,France,99.1,"Index, 2021=100",92.2,4.879565217391304,4.991818181818181,-0.07202838847948002,0.0,43.24217391304348,40.26681818181818
2020-08-01,MIG - capital goods,France,98.6,"Index, 2021=100",99.1,7.533333333333333,4.879565217391304,-0.7379957308695794,0.0,44.75904761904762,43.24217391304348
2020-09-01,MIG - capital goods,France,102.5,"Index, 2021=100",98.6,11.161818181818182,7.533333333333333,-0.5826109751692493,0.0,40.90954545454545,44.75904761904762
2020-10-01,MIG - capital goods,France,103.0,"Index, 2021=100",102.5,13.955454545454545,11.161818181818182,-0.291036694449014,0.0,40.18954545454546,40.90954545454545
2020-11-01,MIG - capital goods,France,103.0,"Index, 2021=100",103.0,13.794285714285715,13.955454545454545,-0.1676225177801478,0.0,42.69238095238095,40.18954545454546
2020-12-01,MIG - capital goods,France,101.2,"Index, 2021=100",103.0,16.34565217391304,13.794285714285715,-0.06503074006202851,0.563137829641395,50.03217391304348,42.69238095238095
2021-01-01,MIG - capital goods,France,103.8,"Index, 2021=100",101.2,20.476190476190474,16.34565217391304,-0.5778110950222807,3.899417998430563,54.60476190476191,50.03217391304348
2021-02-01,MIG - capital goods,France,98.2,"Index, 2021=100",103.8,17.4085,20.476190476190474,0.26866362438390906,0.0,62.2765,54.60476190476191
2021-03-01,MIG - capital goods,France,100.4,"Index, 2021=100",98.2,17.795217391304348,17.4085,0.3009824618650811,3.5419347237958796,65.41,62.2765
2021-04-01,MIG - capital goods,France,101.4,"Index, 2021=100",100.4,20.775454545454547,17.795217391304348,0.5129892999970512,5.991632222929873,64.71954545454545,65.41
2021-05-01,MIG - capital goods,France,100.2,"Index, 2021=100",101.4,25.285238095238096,20.775454545454547,0.8992703670969532,0.0,68.5352380952381,64.71954545454545
2021-06-01,MIG - capital goods,France,98.7,"Index, 2021=100",100.2,29.238636363636363,25.285238095238096,0.36360474028399664,2.2925007532095663,73.1640909090909,68.5352380952381
2021-07-01,MIG - capital goods,France,101.5,"Index, 2021=100",98.7,36.13954545454545,29.238636363636363,0.019142986170709916,-9.851298268875022,75.1659090909091,73.1640909090909
2021-08-01,MIG - capital goods,France,100.4,"Index, 2021=100",101.5,44.30409090909091,36.13954545454545,-0.3147083142103972,0.0,70.81590909090909,75.1659090909091
2021-09-01,MIG - capital goods,France,97.3,"Index, 2021=100",100.4,64.45363636363636,44.30409090909091,1.015760795186652,0.4390282348823775,74.48863636363636,70.81590909090909
2021-10-01,MIG - capital goods,France,102.2,"Index, 2021=100",97.3,87.69238095238094,64.45363636363636,0.7705932795655408,2.361261487325598,83.53809523809524,74.48863636363636
2021-11-01,MIG - capital goods,France,95.8,"Index, 2021=100",102.2,81.92136363636364,87.69238095238094,-0.5218341421272874,-1.0130750354233125,81.05,83.53809523809524
2021-12-01,MIG - capital goods,France,100.1,"Index, 2021=100",95.8,112.80739130434783,81.92136363636364,-0.49656758152090014,1.7069751201240932,74.26347826086956,81.05
2022-01-01,MIG - capital goods,France,101.0,"Index, 2021=100",100.1,84.06952380952382,112.80739130434783,0.8522287791057341,1.4985078326623733,86.50523809523808,74.26347826086956
2022-02-01,MIG - capital goods,France,101.3,"Index, 2021=100",101.0,81.164,84.06952380952382,0.20967705216092372,0.6492342056890332,97.12899999999999,86.50523809523808
2022-03-01,MIG - capital goods,France,99.1,"Index, 2021=100",101.3,129.18304347826088,81.164,1.1589724435645128,1.020230642989599,117.24521739130434,97.12899999999999
2022-04-01,MIG - capital goods,France,98.8,"Index, 2021=100",99.1,101.06238095238095,129.18304347826088,-0.41804567878166843,0.0,105.17095238095239,117.24521739130434
2022-05-01,MIG - capital goods,France,101.6,"Index, 2021=100",98.8,88.58863636363637,101.06238095238095,0.8079062673307621,0.4644825107300398,113.11136363636363,105.17095238095239
2022-06-01,MIG - capital goods,France,102.8,"Index, 2021=100",101.6,106.29454545454546,88.58863636363637,0.2666071424046354,-2.121493222584776,122.68772727272727,113.11136363636363
2022-07-01,MIG - capital goods,France,101.6,"Index, 2021=100",102.8,171.41666666666666,106.29454545454546,-1.5284523643533043,0.0,111.92571428571429,122.68772727272727
2022-08-01,MIG - capital goods,France,104.5,"Index, 2021=100",101.6,235.68391304347824,171.41666666666666,-0.8625649365210946,-2.904996658248558,100.47608695652173,111.92571428571429
2022-09-01,MIG - capital goods,France,106.4,"Index, 2021=100",104.5,190.24181818181816,235.68391304347824,-0.6092331240191604,0.5554531127177963,89.74954545454545,100.47608695652173
2022-10-01,MIG - capital goods,France,103.8,"Index, 2021=100",106.4,72.15047619047618,190.24181818181816,0.8249900068007756,2.4641871317219377,93.33190476190477,89.74954545454545
2022-11-01,MIG - capital goods,France,105.2,"Index, 2021=100",103.8,96.28181818181817,72.15047619047618,-0.31727729228827767,0.0,91.41545454545455,93.33190476190477
2022-12-01,MIG - capital goods,France,106.1,"Index, 2021=100",105.2,113.99181818181819,96.28181818181817,-0.5175798710392452,-2.8790551863806995,81.06272727272727,91.41545454545455
2023-01-01,MIG - capital goods,France,106.2,"Index, 2021=100",106.1,63.004090909090905,113.99181818181819,0.16272770514393026,0.0,82.51590909090909,81.06272727272727
2023-02-01,MIG - capital goods,France,108.4,"Index, 2021=100",106.2,53.352999999999994,63.004090909090905,-0.3578309492217428,0.0,82.58500000000001,82.51590909090909
2023-03-01,MIG - capital goods,France,108.1,"Index, 2021=100",108.4,44.18782608695652,53.352999999999994,-0.5444578687975978,0.0,78.43434782608696,82.58500000000001
2023-04-01,MIG - capital goods,France,107.7,"Index, 2021=100",108.1,42.585,44.18782608695652,0.7779760977112515,0.0,84.8305,78.43434782608696
2023-05-01,MIG - capital goods,France,111.1,"Index, 2021=100",107.7,31.335652173913044,42.585,-0.9911199872566404,0.0,75.77478260869565,84.8305
2023-06-01,MIG - capital goods,France,110.1,"Index, 2021=100",111.1,32.39909090909091,31.335652173913044,0.10438583996063543,0.4626838105740375,74.83909090909091,75.77478260869565
2023-07-01,MIG - capital goods,France,109.6,"Index, 2021=100",110.1,29.665714285714287,32.39909090909091,0.3105036346079896,0.0,80.10809523809523,74.83909090909091
2023-08-01,MIG - capital goods,France,108.6,"Index, 2021=100",109.6,33.52304347826087,29.665714285714287,0.2634335721723802,0.0,86.11608695652174,80.10809523809523
2023-09-01,MIG - capital goods,France,108.0,"Index, 2021=100",108.6,36.52761904761905,33.52304347826087,0.4709271233739839,0.0,93.72238095238096,86.11608695652174
2023-10-01,MIG - capital goods,France,109.6,"Index, 2021=100",108.0,43.264545454545456,36.52761904761905,-0.16534366151930893,0.0,90.59590909090909,93.72238095238096
2023-11-01,MIG - capital goods,France,110.0,"Index, 2021=100",109.6,43.269090909090906,43.264545454545456,-0.571544726123262,-2.4651491943871404,82.94,90.59590909090909
2023-12-01,MIG - capital goods,France,109.3,"Index, 2021=100",110.0,35.318571428571424,43.269090909090906,0.011208893183722398,0.0,77.87857142857143,82.94
2004-01-01,MIG - consumer goods,France,98.7,"Index, 2021=100",98.7,11.36,11.36,0.44154017195044576,0.0,31.236363636363638,29.77608695652174
2004-02-01,MIG - consumer goods,France,98.4,"Index, 2021=100",98.7,10.7975,11.36,-0.08581088034809001,2.694076911628696,30.8585,31.236363636363638
2004-03-01,MIG - consumer goods,France,99.0,"Index, 2021=100",98.4,10.900434782608697,10.7975,0.2813203494904621,-0.667869132781252,33.63434782608696,30.8585
2004-04-01,MIG - consumer goods,France,97.3,"Index, 2021=100",99.0,10.974545454545455,10.900434782608697,-0.6033863591783445,0.0,33.59090909090909,33.63434782608696
2004-05-01,MIG - consumer goods,France,97.7,"Index, 2021=100",97.3,11.221904761904762,10.974545454545455,0.5969780334499486,0.0,37.56761904761905,33.59090909090909
2004-06-01,MIG - consumer goods,France,99.0,"Index, 2021=100",97.7,10.607727272727272,11.221904761904762,-0.0108376887124877,-0.8697021883599181,35.18363636363636,37.56761904761905
2004-07-01,MIG - consumer goods,France,97.7,"Index, 2021=100",99.0,10.656818181818181,10.607727272727272,-0.18225670383212336,0.0,38.221363636363634,35.18363636363636
2004-08-01,MIG - consumer goods,France,95.2,"Index, 2021=100",97.7,12.030909090909091,10.656818181818181,0.41307128781677527,0.0,42.74409090909091,38.221363636363634
2004-09-01,MIG - consumer goods,France,97.5,"Index, 2021=100",95.2,12.784999999999998,12.030909090909091,0.020228290770040784,-1.6071356282661176,43.19681818181818,42.74409090909091
2004-10-01,MIG - consumer goods,France,97.8,"Index, 2021=100",97.5,12.065238095238096,12.784999999999998,0.8379242805985881,0.0,49.776666666666664,43.19681818181818
2004-11-01,MIG - consumer goods,France,96.9,"Index, 2021=100",97.8,12.959545454545456,12.065238095238096,-0.22862171681724705,0.0,43.110454545454544,49.776666666666664
2004-12-01,MIG - consumer goods,France,96.5,"Index, 2021=100",96.9,14.537391304347826,12.959545454545456,-0.8713033012256369,-3.1596202022297115,39.60217391304348,43.110454545454544
2005-01-01,MIG - consumer goods,France,97.4,"Index, 2021=100",96.5,14.123333333333331,14.537391304347826,0.2661415106984759,2.159954265104334,44.31238095238095,39.60217391304348
2005-02-01,MIG - consumer goods,France,96.8,"Index, 2021=100",97.4,16.8315,14.123333333333331,0.33553585232891664,0.0,45.475,44.31238095238095
2005-03-01,MIG - consumer goods,France,94.7,"Index, 2021=100",96.8,18.585217391304347,16.8315,0.5751930208570617,3.0421593263989704,53.071739130434786,45.475
2005-04-01,MIG - consumer goods,France,97.4,"Index, 2021=100",94.7,14.80857142857143,18.585217391304347,-0.5666684540474421,0.0,51.88380952380952,53.071739130434786
2005-05-01,MIG - consumer goods,France,95.7,"Index, 2021=100",97.4,14.289090909090909,14.80857142857143,-0.10846214234396483,0.0,48.64545454545455,51.88380952380952
2005-06-01,MIG - consumer goods,France,95.3,"Index, 2021=100",95.7,14.356363636363636,14.289090909090909,0.503989891285571,0.3374585671050337,54.35454545454545,48.64545454545455
2005-07-01,MIG - consumer goods,France,95.5,"Index, 2021=100",95.3,15.540952380952382,14.356363636363636,0.563468443674944,0.0,57.52,54.35454545454545
2005-08-01,MIG - consumer goods,France,97.0,"Index, 2021=100",95.5,15.107826086956523,15.540952380952382,0.718752317958703,0.0,63.98347826086956,57.52
2005-09-01,MIG - consumer goods,France,97.5,"Index, 2021=100",97.0,14.746363636363638,15.107826086956523,1.1148474280757803,-1.6643240899907965,62.908181818181816,63.98347826086956
2005-10-01,MIG - consumer goods,France,95.8,"Index, 2021=100",97.5,15.534761904761906,14.746363636363638,-1.0533079897254418,0.0,58.53857142857142,62.908181818181816
2005-11-01,MIG - consumer goods,France,97.8,"Index, 2021=100",95.8,19.15909090909091,15.534761904761906,-1.2341397270208476,0.0,55.24181818181818,58.53857142857142
2005-12-01,MIG - consumer goods,France,97.7,"Index, 2021=100",97.8,22.903636363636362,19.15909090909091,-0.03924653272715153,2.9526028347999587,56.84136363636364,55.24181818181818
2006-01-01,MIG - consumer goods,France,94.3,"Index, 2021=100",97.7,25.694999999999997,22.903636363636362,0.19348656521120655,-0.15180339953147387,62.77409090909091,56.84136363636364
2006-02-01,MIG - consumer goods,France,95.4,"Index, 2021=100",94.3,22.324,25.694999999999997,-0.6518974343740799,0.0,60.21,62.77409090909091
2006-03-01,MIG - consumer goods,France,98.0,"Index, 2021=100",95.4,26.028260869565216,22.324,-0.07863751143875931,-1.827456416166897,62.06478260869565,60.21
2006-04-01,MIG - consumer goods,France,96.7,"Index, 2021=100",98.0,21.387999999999998,26.028260869565216,0.6237237514902355,0.0,70.173,62.06478260869565
2006-05-01,MIG - consumer goods,France,97.3,"Index, 2021=100",96.7,19.692608695652176,21.387999999999998,-0.3540726086115883,0.0,69.77695652173912,70.173
2006-06-01,MIG - consumer goods,France,96.3,"Index, 2021=100",97.3,19.58409090909091,19.692608695652176,-0.31545669169778073,-1.1833322763183536,68.5559090909091,69.77695652173912
2006-07-01,MIG - consumer goods,France,97.1,"Index, 2021=100",96.3,19.847619047619048,19.58409090909091,0.28310573574819875,0.0,73.67428571428572,68.5559090909091
2006-08-01,MIG - consumer goods,France,95.7,"Index, 2021=100",97.1,17.97826086956522,19.847619047619048,-0.1782674258490434,0.0,73.2304347826087,73.67428571428572
2006-09-01,MIG - consumer goods,France,96.3,"Index, 2021=100",95.7,15.951428571428572,17.97826086956522,-1.0773599355773278,-1.1265879387430244,61.95857142857143,73.2304347826087
2006-10-01,MIG - consumer goods,France,96.2,"Index, 2021=100",96.3,14.200454545454546,15.951428571428572,-0.713482353040865,-1.0147867419479089,57.808181818181815,61.95857142857143
2006-11-01,MIG - consumer goods,France,96.5,"Index, 2021=100",96.2,19.87272727272727,14.200454545454546,-0.6336040683167151,0.0,58.76136363636363,57.808181818181815
2006-12-01,MIG - consumer goods,France,96.9,"Index, 2021=100",96.5,16.45809523809524,19.87272727272727,0.06279864252157119,1.7594994847040366,62.41952380952381,58.76136363636363
2007-01-01,MIG - consumer goods,France,97.6,"Index, 2021=100",96.9,13.603478260869565,16.45809523809524,-0.8815456486489374,0.0,53.748695652173915,62.41952380952381
2007-02-01,MIG - consumer goods,France,97.4,"Index, 2021=100",97.6,9.310500000000001,13.603478260869565,0.5012149220613668,0.0,57.516999999999996,53.748695652173915
2007-03-01,MIG - consumer goods,France,96.7,"Index, 2021=100",97.4,10.338636363636363,9.310500000000001,0.001407425353364094,-0.689195928658093,62.05045454545455,57.516999999999996
2007-04-01,MIG - consumer goods,France,97.3,"Index, 2021=100",96.7,8.91904761904762,10.338636363636363,0.23160567911181562,0.0,67.64428571428572,62.05045454545455
2007-05-01,MIG - consumer goods,France,98.2,"Index, 2021=100",97.3,11.71391304347826,8.91904761904762,-0.29762578435044224,0.0,67.36478260869566,67.64428571428572
2007-06-01,MIG - consumer goods,France,97.1,"Index, 2021=100",98.2,10.586190476190476,11.71391304347826,0.16535936703141824,0.0,71.04571428571428,67.36478260869566
2007-07-01,MIG - consumer goods,France,96.3,"Index, 2021=100",97.1,14.946363636363635,10.586190476190476,0.18880782596297765,0.0,76.80863636363637,71.04571428571428
2007-08-01,MIG - consumer goods,France,98.2,"Index, 2021=100",96.3,14.281304347826088,14.946363636363635,-0.5681005018139146,0.0,70.76086956521739,76.80863636363637
2007-09-01,MIG - consumer goods,France,96.0,"Index, 2021=100",98.2,17.057,14.281304347826088,1.0001793364551819,1.1859376565060231,76.929,70.76086956521739
2007-10-01,MIG - consumer goods,France,97.6,"Index, 2021=100",96.0,20.13478260869565,17.057,0.10198579635873983,0.0,82.34,76.929
2007-11-01,MIG - consumer goods,France,95.7,"Index, 2021=100",97.6,22.223636363636363,20.13478260869565,0.6128810878526092,0.0,92.53045454545455,82.34
2007-12-01,MIG - consumer goods,France,96.2,"Index, 2021=100",95.7,23.133333333333333,22.223636363636363,-0.28925766272037334,-0.831933850195447,90.99,92.53045454545455
2008-01-01,MIG - consumer goods,France,96.2,"Index, 2021=100",96.2,24.26347826086956,23.133333333333333,-0.13761859893639725,0.0,92.13391304347826,90.99
2008-02-01,MIG - consumer goods,France,96.6,"Index, 2021=100",96.2,22.760952380952382,24.26347826086956,0.2608943406309443,-2.502179452682496,95.08047619047619,92.13391304347826
2008-03-01,MIG - consumer goods,France,95.0,"Index, 2021=100",96.6,23.693333333333335,22.760952380952382,1.0041522754151373,4.248635030337986,103.45190476190476,95.08047619047619
2008-04-01,MIG - consumer goods,France,95.4,"Index, 2021=100",95.0,25.75318181818182,23.693333333333335,0.06105421820469373,0.0,109.07136363636364,103.45190476190476
2008-05-01,MIG - consumer goods,France,92.6,"Index, 2021=100",95.4,25.01409090909091,25.75318181818182,1.3761117623094206,0.0,123.11181818181818,109.07136363636364
2008-06-01,MIG - consumer goods,France,92.5,"Index, 2021=100",92.6,26.552380952380954,25.01409090909091,1.1146900143738558,0.0,132.32238095238094,123.11181818181818
2008-07-01,MIG - consumer goods,France,93.0,"Index, 2021=100",92.5,25.088260869565215,26.552380952380954,0.5718559213874487,0.0,133.20652173913044,132.32238095238094
2008-08-01,MIG - consumer goods,France,93.0,"Index, 2021=100",93.0,24.035238095238096,25.088260869565215,-0.46951606860925593,0.0,113.24333333333334,133.20652173913044
2008-09-01,MIG - consumer goods,France,93.6,"Index, 2021=100",93.0,30.28409090909091,24.035238095238096,0.2624296377427312,-0.7550683370320911,97.97363636363637,113.24333333333334
2008-10-01,MIG - consumer goods,France,94.7,"Index, 2021=100",93.6,26.14260869565217,30.28409090909091,-2.8871890830034372,-5.276020721573241,71.58217391304348,97.97363636363637
2008-11-01,MIG - consumer goods,France,91.4,"Index, 2021=100",94.7,23.5355,26.14260869565217,-1.0616536689944311,0.0,52.2995,71.58217391304348
2008-12-01,MIG - consumer goods,France,93.7,"Index, 2021=100",91.4,21.674347826086954,23.5355,-0.2694383119813248,-2.158283290921576,39.70782608695652,52.2995
2009-01-01,MIG - consumer goods,France,90.6,"Index, 2021=100",93.7,23.224999999999998,21.674347826086954,1.9606284214617051,0.0,43.09227272727273,39.70782608695652
2009-02-01,MIG - consumer goods,France,88.0,"Index, 2021=100",90.6,17.725,23.224999999999998,0.07516411002784573,0.0,43.326499999999996,43.09227272727273
2009-03-01,MIG - consumer goods,France,88.4,"Index, 2021=100",88.0,12.2,17.725,1.147539934894266,1.9198599485884802,46.540454545454544,43.326499999999996
2009-04-01,MIG - consumer goods,France,87.9,"Index, 2021=100",88.4,11.327272727272726,12.2,-0.6897706760210826,0.0,50.279545454545456,46.540454545454544
2009-05-01,MIG - consumer goods,France,90.5,"Index, 2021=100",87.9,11.00952380952381,11.327272727272726,0.9371855413099275,2.9437593321208158,57.36904761904762,50.279545454545456
2009-06-01,MIG - consumer goods,France,91.1,"Index, 2021=100",90.5,10.796818181818182,11.00952380952381,1.0697891624848404,0.0,68.60954545454545,57.36904761904762
2009-07-01,MIG - consumer goods,France,90.8,"Index, 2021=100",91.1,9.393478260869566,10.796818181818182,-0.8584497443655938,0.0,64.49217391304347,68.60954545454545
2009-08-01,MIG - consumer goods,France,89.6,"Index, 2021=100",90.8,8.778571428571428,9.393478260869566,1.168814769853965,0.0,72.50857142857143,64.49217391304347
2009-09-01,MIG - consumer goods,France,94.0,"Index, 2021=100",89.6,9.418181818181818,8.778571428571428,0.12040182675501683,0.7555170574307397,67.56409090909091,72.50857142857143
2009-10-01,MIG - consumer goods,France,89.0,"Index, 2021=100",94.0,10.340909090909092,9.418181818181818,0.8389514187941388,0.0,72.76954545454545,67.56409090909091
2009-11-01,MIG - consumer goods,France,92.3,"Index, 2021=100",89.0,9.738095238095237,10.340909090909092,-0.14885123884919385,0.0,76.65761904761905,72.76954545454545
2009-12-01,MIG - consumer goods,France,92.2,"Index, 2021=100",92.3,11.4,9.738095238095237,-0.8450010635890879,1.281714088367376,74.48652173913044,76.65761904761905
2010-01-01,MIG - consumer goods,France,90.8,"Index, 2021=100",92.2,14.44047619047619,11.4,-0.48138524271346517,0.0,76.28285714285714,74.48652173913044
2010-02-01,MIG - consumer goods,France,90.4,"Index, 2021=100",90.8,13.715,14.44047619047619,-0.21414063782099357,0.0,73.639,76.28285714285714
2010-03-01,MIG - consumer goods,France,92.0,"Index, 2021=100",90.4,11.954782608695652,13.715,-0.5233596426999279,1.5544096531485574,78.82739130434783,73.639
2010-04-01,MIG - consumer goods,France,90.0,"Index, 2021=100",92.0,13.493181818181819,11.954782608695652,-0.18357082280701043,0.0,84.71818181818182,78.82739130434783
2010-05-01,MIG - consumer goods,France,91.7,"Index, 2021=100",90.0,16.781904761904762,13.493181818181819,-1.323271263136311,0.0,75.8052380952381,84.71818181818182
2010-06-01,MIG - consumer goods,France,90.8,"Index, 2021=100",91.7,19.222727272727273,16.781904761904762,0.525869862586917,0.0,74.7609090909091,75.8052380952381
2010-07-01,MIG - consumer goods,France,93.3,"Index, 2021=100",90.8,19.469545454545454,19.222727272727273,0.04754485195679738,0.0,75.40590909090909,74.7609090909091
2010-08-01,MIG - consumer goods,France,91.2,"Index, 2021=100",93.3,18.13090909090909,19.469545454545454,-0.07161403937119563,0.0,77.03954545454545,75.40590909090909
2010-09-01,MIG - consumer goods,France,90.9,"Index, 2021=100",91.2,18.943181818181817,18.13090909090909,-0.1487126906627298,0.0,77.71272727272728,77.03954545454545
2010-10-01,MIG - consumer goods,France,91.3,"Index, 2021=100",90.9,18.497619047619047,18.943181818181817,0.7103428057964077,-0.4584134038079942,82.6647619047619,77.71272727272728
2010-11-01,MIG - consumer goods,France,91.3,"Index, 2021=100",91.3,19.477272727272727,18.497619047619047,0.09961570270309454,0.0,85.24090909090908,82.6647619047619
2010-12-01,MIG - consumer goods,France,91.4,"Index, 2021=100",91.3,24.09478260869565,19.477272727272727,-0.1169385540431611,1.0894693635716877,91.54173913043478,85.24090909090908
2011-01-01,MIG - consumer goods,France,92.7,"Index, 2021=100",91.4,22.343809523809526,24.09478260869565,-0.13316626923827257,0.0,96.58714285714285,91.54173913043478
2011-02-01,MIG - consumer goods,France,94.3,"Index, 2021=100",92.7,21.761,22.343809523809526,0.1062714600527813,0.0,103.6405,96.58714285714285
2011-03-01,MIG - consumer goods,France,94.1,"Index, 2021=100",94.3,23.722608695652173,21.761,1.0735774048683804,0.0,114.64347826086957,103.6405
2011-04-01,MIG - consumer goods,France,92.2,"Index, 2021=100",94.1,22.854761904761904,23.722608695652173,0.9191065185128502,0.0,123.45380952380954,114.64347826086957
2011-05-01,MIG - consumer goods,France,93.5,"Index, 2021=100",92.2,22.989545454545453,22.854761904761904,-0.754449697870264,0.0,114.98272727272727,123.45380952380954
2011-06-01,MIG - consumer goods,France,92.4,"Index, 2021=100",93.5,22.613636363636363,22.989545454545453,-0.5053044665651589,1.5367288900477356,113.83318181818181,114.98272727272727
2011-07-01,MIG - consumer goods,France,95.1,"Index, 2021=100",92.4,21.51142857142857,22.613636363636363,-0.18652846565540906,0.0,116.63285714285715,113.83318181818181
2011-08-01,MIG - consumer goods,France,93.3,"Index, 2021=100",95.1,21.93565217391304,21.51142857142857,-1.0228125161863917,0.0,110.3095652173913,116.63285714285715
2011-09-01,MIG - consumer goods,France,92.9,"Index, 2021=100",93.3,23.39363636363636,21.93565217391304,0.43959634290727284,0.0,112.9740909090909,110.3095652173913
2011-10-01,MIG - consumer goods,France,94.1,"Index, 2021=100",92.9,22.554761904761904,23.39363636363636,-0.15278013183668757,0.0,109.55000000000001,112.9740909090909
2011-11-01,MIG - consumer goods,France,95.1,"Index, 2021=100",94.1,23.736363636363638,22.554761904761904,0.8939539270283243,0.0,110.58909090909091,109.55000000000001
2011-12-01,MIG - consumer goods,France,92.8,"Index, 2021=100",95.1,22.296818181818182,23.736363636363638,-0.356458994127559,-4.916568331324604,107.99863636363635,110.58909090909091
2012-01-01,MIG - consumer goods,France,91.3,"Index, 2021=100",92.8,21.865454545454543,22.296818181818182,0.20632540358179952,0.0,110.53136363636364,107.99863636363635
2012-02-01,MIG - consumer goods,France,94.5,"Index, 2021=100",91.3,25.41142857142857,21.865454545454543,-0.029054799009691847,0.0,119.39190476190477,110.53136363636364
2012-03-01,MIG - consumer goods,France,93.8,"Index, 2021=100",94.5,23.80727272727273,25.41142857142857,0.784751689386223,0.0,125.44545454545455,119.39190476190477
2012-04-01,MIG - consumer goods,France,96.5,"Index, 2021=100",93.8,24.78952380952381,23.80727272727273,0.24063874434988755,0.0,120.05666666666667,125.44545454545455
2012-05-01,MIG - consumer goods,France,95.0,"Index, 2021=100",96.5,24.196521739130436,24.78952380952381,-0.3856336478636065,0.0,110.2891304347826,120.05666666666667
2012-06-01,MIG - consumer goods,France,94.8,"Index, 2021=100",95.0,23.673333333333332,24.196521739130436,-0.36812562156261563,1.490841835031829,95.15571428571428,110.2891304347826
2012-07-01,MIG - consumer goods,France,94.6,"Index, 2021=100",94.8,24.332727272727276,23.673333333333332,0.6703576310954897,0.0,102.49454545454546,95.15571428571428
2012-08-01,MIG - consumer goods,France,96.1,"Index, 2021=100",94.6,24.05652173913043,24.332727272727276,0.889111873743037,0.0,113.35608695652174,102.49454545454546
2012-09-01,MIG - consumer goods,France,93.6,"Index, 2021=100",96.1,25.825499999999998,24.05652173913043,0.366716761812549,0.0,112.917,113.35608695652174
2012-10-01,MIG - consumer goods,France,92.4,"Index, 2021=100",93.6,26.702173913043477,25.825499999999998,-0.2515652750980356,0.0,111.7108695652174,112.917
2012-11-01,MIG - consumer goods,France,93.1,"Index, 2021=100",92.4,27.24909090909091,26.702173913043477,-0.07773850880404555,0.0,109.13818181818182,111.7108695652174
2012-12-01,MIG - consumer goods,France,94.7,"Index, 2021=100",93.1,27.22333333333333,27.24909090909091,-0.28562219812972955,0.9944110031743462,109.44380952380953,109.13818181818182
2013-01-01,MIG - consumer goods,France,93.4,"Index, 2021=100",94.7,26.51782608695652,27.22333333333333,0.31250565033261724,0.0,112.81173913043479,109.44380952380953
2013-02-01,MIG - consumer goods,France,92.8,"Index, 2021=100",93.4,26.3165,26.51782608695652,0.16430715373994836,0.0,116.11800000000001,112.81173913043479
2013-03-01,MIG - consumer goods,France,92.8,"Index, 2021=100",92.8,32.31666666666666,26.3165,-0.383542027094866,0.0,108.47333333333333,116.11800000000001
2013-04-01,MIG - consumer goods,France,93.7,"Index, 2021=100",92.8,28.575,32.31666666666666,-0.25921885392347294,0.0,102.24818181818182,108.47333333333333
2013-05-01,MIG - consumer goods,France,95.0,"Index, 2021=100",93.7,26.73304347826087,28.575,0.16248527258302423,-1.3607161850187028,102.50130434782609,102.24818181818182
2013-06-01,MIG - consumer goods,France,92.0,"Index, 2021=100",95.0,26.23,26.73304347826087,0.1894274611148,0.0,102.9195,102.50130434782609
2013-07-01,MIG - consumer goods,France,91.5,"Index, 2021=100",92.0,26.070434782608697,26.23,0.6182980381651376,0.0,107.85434782608696,102.9195
2013-08-01,MIG - consumer goods,France,90.6,"Index, 2021=100",91.5,25.55181818181818,26.070434782608697,-0.07052223294410298,0.0,111.28045454545455,107.85434782608696
2013-09-01,MIG - consumer goods,France,92.4,"Index, 2021=100",90.6,26.478571428571428,25.55181818181818,0.06362224893820845,0.0,111.8047619047619,111.28045454545455
2013-10-01,MIG - consumer goods,France,91.6,"Index, 2021=100",92.4,25.868695652173916,26.478571428571428,0.13725652508100525,0.0,109.07652173913044,111.8047619047619
2013-11-01,MIG - consumer goods,France,92.8,"Index, 2021=100",91.6,27.18047619047619,25.868695652173916,-0.11144201084991862,0.0,107.96,109.07652173913044
2013-12-01,MIG - consumer goods,France,93.2,"Index, 2021=100",92.8,27.702727272727273,27.18047619047619,0.6426503974155726,1.006536826380158,110.79363636363637,107.96
2014-01-01,MIG - consumer goods,France,91.0,"Index, 2021=100",93.2,26.253913043478263,27.702727272727273,-0.19812368810882713,0.0,108.19739130434782,110.79363636363637
2014-02-01,MIG - consumer goods,France,93.8,"Index, 2021=100",91.0,23.849,26.253913043478263,-0.044531303873754494,0.0,108.88700000000001,108.19739130434782
2014-03-01,MIG - consumer goods,France,92.5,"Index, 2021=100",93.8,22.767142857142858,23.849,0.0514680128382354,0.0,107.48095238095237,108.88700000000001
2014-04-01,MIG - consumer goods,France,93.4,"Index, 2021=100",92.5,20.423181818181817,22.767142857142858,-0.018508882722691297,0.0,107.84772727272728,107.48095238095237
2014-05-01,MIG - consumer goods,France,90.3,"Index, 2021=100",93.4,19.08818181818182,20.423181818181817,0.10496074182617701,0.0,109.53909090909092,107.84772727272728
2014-06-01,MIG - consumer goods,France,91.1,"Index, 2021=100",90.3,17.39190476190476,19.08818181818182,0.3545000070992207,0.42851134062250246,111.79523809523809,109.53909090909092
2014-07-01,MIG - consumer goods,France,91.8,"Index, 2021=100",91.1,16.50565217391304,17.39190476190476,-0.4381447112306579,0.0,106.86434782608696,111.79523809523809
2014-08-01,MIG - consumer goods,France,91.2,"Index, 2021=100",91.8,17.497142857142858,16.50565217391304,0.08722188445673984,0.0,101.60809523809523,106.86434782608696
2014-09-01,MIG - consumer goods,France,93.7,"Index, 2021=100",91.2,20.74863636363636,17.497142857142858,-0.16107172026645272,0.0,97.27454545454545,101.60809523809523
2014-10-01,MIG - consumer goods,France,93.0,"Index, 2021=100",93.7,21.268260869565218,20.74863636363636,-0.2764119863445895,0.0,87.42521739130434,97.27454545454545
2014-11-01,MIG - consumer goods,France,91.3,"Index, 2021=100",93.0,22.978,21.268260869565218,-0.9869169148213338,-9.796069628596289,79.3355,87.42521739130434
2014-12-01,MIG - consumer goods,France,92.7,"Index, 2021=100",91.3,22.520869565217392,22.978,-1.2412203634377712,0.0,62.17565217391304,79.3355
2015-01-01,MIG - consumer goods,France,94.6,"Index, 2021=100",92.7,19.755,22.520869565217392,-1.689378075003543,0.0,48.08363636363636,62.17565217391304
2015-02-01,MIG - consumer goods,France,94.1,"Index, 2021=100",94.6,22.566,19.755,1.030226324080852,0.0,58.0955,48.08363636363636
2015-03-01,MIG - consumer goods,France,95.7,"Index, 2021=100",94.1,21.856818181818184,22.566,-0.2471285840319799,0.0,55.88545454545454,58.0955
2015-04-01,MIG - consumer goods,France,94.9,"Index, 2021=100",95.7,22.078181818181818,21.856818181818184,0.7630852782137214,0.0,59.35181818181818,55.88545454545454
2015-05-01,MIG - consumer goods,France,96.6,"Index, 2021=100",94.9,20.548571428571428,22.078181818181818,0.9306750388082086,0.0,64.1047619047619,59.35181818181818
2015-06-01,MIG - consumer goods,France,96.0,"Index, 2021=100",96.6,20.520454545454545,20.548571428571428,-0.3949488388902102,2.4056171564772404,61.47772727272727,64.1047619047619
2015-07-01,MIG - consumer goods,France,94.9,"Index, 2021=100",96.0,20.858260869565218,20.520454545454545,-0.8969936335129175,0.0,56.56130434782609,61.47772727272727
2015-08-01,MIG - consumer goods,France,95.9,"Index, 2021=100",94.9,19.576190476190476,20.858260869565218,-0.6689537169882939,0.0,46.58428571428571,56.56130434782609
2015-09-01,MIG - consumer goods,France,96.4,"Index, 2021=100",95.9,19.16,19.576190476190476,0.4134260838296521,0.0,47.62318181818182,46.58428571428571
2015-10-01,MIG - consumer goods,France,96.1,"Index, 2021=100",96.4,18.243636363636366,19.16,-0.17098247375992967,0.0,48.43,47.62318181818182
2015-11-01,MIG - consumer goods,France,96.5,"Index, 2021=100",96.1,17.202380952380953,18.243636363636366,-0.3748783969247207,0.0,44.26761904761905,48.43
2015-12-01,MIG - consumer goods,France,97.3,"Index, 2021=100",96.5,15.640869565217391,17.202380952380953,-0.7698627351357819,-1.9668139100704445,37.97130434782609,44.26761904761905
2016-01-01,MIG - consumer goods,France,97.3,"Index, 2021=100",97.3,13.904285714285715,15.640869565217391,-1.2929579520638326,0.0,30.98095238095238,37.97130434782609
2016-02-01,MIG - consumer goods,France,94.8,"Index, 2021=100",97.3,12.476666666666667,13.904285714285715,-0.22939651791615284,0.0,32.163333333333334,30.98095238095238
2016-03-01,MIG - consumer goods,France,95.6,"Index, 2021=100",94.8,12.267826086956523,12.476666666666667,0.9962287899781237,0.0,38.21565217391304,32.163333333333334
2016-04-01,MIG - consumer goods,France,94.5,"Index, 2021=100",95.6,11.979999999999999,12.267826086956523,-0.15187983491624749,0.0,41.583333333333336,38.21565217391304
2016-05-01,MIG - consumer goods,France,94.9,"Index, 2021=100",94.5,13.04090909090909,11.979999999999999,0.6792464128472383,0.0,46.84909090909091,41.583333333333336
2016-06-01,MIG - consumer goods,France,94.8,"Index, 2021=100",94.9,14.41590909090909,13.04090909090909,-0.1770446016289529,0.582575139176583,48.24727272727273,46.84909090909091
2016-07-01,MIG - consumer goods,France,94.8,"Index, 2021=100",94.8,14.241904761904761,14.41590909090909,-0.4528878840711025,0.0,44.951904761904764,48.24727272727273
2016-08-01,MIG - consumer goods,France,97.6,"Index, 2021=100",94.8,11.980869565217391,14.241904761904761,0.1189274105169856,0.0,45.843043478260874,44.951904761904764
2016-09-01,MIG - consumer goods,France,94.9,"Index, 2021=100",97.6,12.282272727272726,11.980869565217391,0.24870447283671346,1.4727297897900193,46.567727272727275,45.843043478260874
2016-10-01,MIG - consumer goods,France,93.7,"Index, 2021=100",94.9,16.093809523809526,12.282272727272726,0.41093056832079616,0.0,49.522380952380956,46.567727272727275
2016-11-01,MIG - consumer goods,France,97.2,"Index, 2021=100",93.7,17.90590909090909,16.093809523809526,-0.5793797051617606,7.91404059403762,44.73409090909091,49.522380952380956
2016-12-01,MIG - consumer goods,France,95.3,"Index, 2021=100",97.2,17.689545454545456,17.90590909090909,0.7086845393102761,2.0404579621780123,53.365,44.73409090909091
2017-01-01,MIG - consumer goods,France,95.5,"Index, 2021=100",95.3,20.12272727272727,17.689545454545456,0.08901653408704874,0.0,54.59409090909091,53.365
2017-02-01,MIG - consumer goods,France,95.3,"Index, 2021=100",95.5,19.553,20.12272727272727,-0.03179032404754296,0.0,54.8695,54.59409090909091
2017-03-01,MIG - consumer goods,France,95.4,"Index, 2021=100",95.3,15.799130434782608,19.553,-1.4425063041961181,0.0,51.589130434782604,54.8695
2017-04-01,MIG - consumer goods,France,96.8,"Index, 2021=100",95.4,16.058,15.799130434782608,0.21703780157455996,0.0,52.44500000000001,51.589130434782604
2017-05-01,MIG - consumer goods,France,97.6,"Index, 2021=100",96.8,15.669130434782607,16.058,-0.8328997339371286,-4.41644778310952,50.326521739130435,52.44500000000001
2017-06-01,MIG - consumer goods,France,96.7,"Index, 2021=100",97.6,15.134545454545453,15.669130434782607,-0.26420964099602673,0.0,46.36818181818182,50.326521739130435
2017-07-01,MIG - consumer goods,France,97.2,"Index, 2021=100",96.7,15.095714285714285,15.134545454545453,-0.1449934034705647,0.0,48.47857142857143,46.36818181818182
2017-08-01,MIG - consumer goods,France,96.2,"Index, 2021=100",97.2,15.99304347826087,15.095714285714285,-0.1520757414392232,0.0,51.70434782608696,48.47857142857143
2017-09-01,MIG - consumer goods,France,97.8,"Index, 2021=100",96.2,17.302857142857142,15.99304347826087,0.32443706724488564,0.0,56.152857142857144,51.70434782608696
2017-10-01,MIG - consumer goods,France,97.7,"Index, 2021=100",97.8,17.10363636363636,17.302857142857142,-0.3486109778555899,0.0,57.50772727272727,56.152857142857144
2017-11-01,MIG - consumer goods,France,99.5,"Index, 2021=100",97.7,19.57090909090909,17.10363636363636,0.12556813519738738,0.21630901693183507,62.71409090909091,57.50772727272727
2017-12-01,MIG - consumer goods,France,99.3,"Index, 2021=100",99.5,20.795238095238094,19.57090909090909,-0.1117328946322315,0.0,64.39619047619047,62.71409090909091
2018-01-01,MIG - consumer goods,France,97.4,"Index, 2021=100",99.3,18.6,20.795238095238094,0.7325011228803984,0.0,68.97521739130435,64.39619047619047
2018-02-01,MIG - consumer goods,France,97.3,"Index, 2021=100",97.4,21.679,18.6,-0.5046465050387093,0.0,65.3175,68.97521739130435
2018-03-01,MIG - consumer goods,France,99.9,"Index, 2021=100",97.3,23.622727272727275,21.679,-0.10225293145429594,0.0,66.1531818181818,65.3175
2018-04-01,MIG - consumer goods,France,99.2,"Index, 2021=100",99.9,19.645238095238096,23.622727272727275,0.47425564352743266,0.0,71.95904761904762,66.1531818181818
2018-05-01,MIG - consumer goods,France,97.9,"Index, 2021=100",99.2,21.566086956521737,19.645238095238096,0.5388658853656386,0.0,76.86217391304348,71.95904761904762
2018-06-01,MIG - consumer goods,France,98.7,"Index, 2021=100",97.9,21.92761904761905,21.566086956521737,-0.5831886971683538,-0.4130092757360921,74.4047619047619,76.86217391304348
2018-07-01,MIG - consumer goods,France,98.4,"Index, 2021=100",98.7,22.253636363636364,21.92761904761905,0.5294960350409211,0.0,74.2540909090909,74.4047619047619
2018-08-01,MIG - consumer goods,France,99.1,"Index, 2021=100",98.4,23.94347826086957,22.253636363636364,-0.20893271379353645,0.0,72.52826086956522,74.2540909090909
2018-09-01,MIG - consumer goods,France,98.0,"Index, 2021=100",99.1,27.837,23.94347826086957,0.6564596940208821,0.0,78.89099999999999,72.52826086956522
2018-10-01,MIG - consumer goods,France,99.6,"Index, 2021=100",98.0,25.539565217391303,27.837,0.12149689586130322,0.0,81.03217391304348,78.89099999999999
2018-11-01,MIG - consumer goods,France,97.8,"Index, 2021=100",99.6,24.633636363636366,25.539565217391303,-1.3685992177175907,0.0,64.74818181818182,81.03217391304348
2018-12-01,MIG - consumer goods,France,101.0,"Index, 2021=100",97.8,23.666190476190476,24.633636363636366,-0.2447966896801907,2.07348679679867,56.26285714285714,64.74818181818182
2019-01-01,MIG - consumer goods,France,99.6,"Index, 2021=100",101.0,21.39782608695652,23.666190476190476,0.35962477880472876,0.0,59.025217391304345,56.26285714285714
2019-02-01,MIG - consumer goods,France,100.5,"Index, 2021=100",99.6,18.0035,21.39782608695652,0.1517462342010795,0.0,63.9605,59.025217391304345
2019-03-01,MIG - consumer goods,France,98.4,"Index, 2021=100",100.5,15.697619047619046,18.0035,-0.17808513427363806,0.0,66.13857142857144,63.9605
2019-04-01,MIG - consumer goods,France,100.6,"Index, 2021=100",98.4,15.041818181818183,15.697619047619046,0.3628493694964929,0.0,71.20954545454545,66.13857142857144
2019-05-01,MIG - consumer goods,France,102.3,"Index, 2021=100",100.6,13.298695652173913,15.041818181818183,-0.7347359961140314,0.0,71.17260869565217,71.20954545454545
2019-06-01,MIG - consumer goods,France,99.5,"Index, 2021=100",102.3,10.5225,13.298695652173913,-0.33975076992957615,0.0,64.2205,71.17260869565217
2019-07-01,MIG - consumer goods,France,100.8,"Index, 2021=100",99.5,10.941304347826087,10.5225,0.3395291323618024,-4.251048097619388,63.9191304347826,64.2205
2019-08-01,MIG - consumer goods,France,100.0,"Index, 2021=100",100.8,10.029545454545454,10.941304347826087,-0.3748389650611249,0.0,59.041818181818186,63.9191304347826
2019-09-01,MIG - consumer goods,France,102.1,"Index, 2021=100",100.0,9.568095238095239,10.029545454545454,0.48197852185687173,0.0,62.826666666666675,59.041818181818186
2019-10-01,MIG - consumer goods,France,105.0,"Index, 2021=100",102.1,10.30913043478261,9.568095238095239,-0.3400181888327622,0.0,59.71304347826087,62.826666666666675
2019-11-01,MIG - consumer goods,France,101.5,"Index, 2021=100",105.0,14.763809523809524,10.30913043478261,0.4635132466348744,0.0,63.21190476190476,59.71304347826087
2019-12-01,MIG - consumer goods,France,101.6,"Index, 2021=100",101.5,13.031363636363636,14.763809523809524,0.4622502963974788,1.090508505035817,67.31,63.21190476190476
2020-01-01,MIG - consumer goods,France,102.1,"Index, 2021=100",101.6,11.144782608695651,13.031363636363636,1.4414572982744303,0.0,63.82478260869566,67.31
2020-02-01,MIG - consumer goods,France,102.1,"Index, 2021=100",102.1,9.3725,11.144782608695651,-0.8114535624060095,0.0,55.702,63.82478260869566
2020-03-01,MIG - consumer goods,France,92.5,"Index, 2021=100",102.1,8.622727272727273,9.3725,-1.9239758097171007,-8.007737426749562,31.993636363636366,55.702
2020-04-01,MIG - consumer goods,France,77.5,"Index, 2021=100",92.5,6.54,8.622727272727273,1.3138212739143362,3.0940649462160628,18.546818181818182,31.993636363636366
2020-05-01,MIG - consumer goods,France,87.9,"Index, 2021=100",77.5,4.575714285714286,6.54,0.7414620048035757,0.0,29.344285714285714,18.546818181818182
2020-06-01,MIG - consumer goods,France,95.5,"Index, 2021=100",87.9,4.991818181818181,4.575714285714286,-0.674179631293128,-3.149840310433884,40.26681818181818,29.344285714285714
2020-07-01,MIG - consumer goods,France,98.2,"Index, 2021=100",95.5,4.879565217391304,4.991818181818181,-0.07202838847948002,0.0,43.24217391304348,40.26681818181818
2020-08-01,MIG - consumer goods,France,98.3,"Index, 2021=100",98.2,7.533333333333333,4.879565217391304,-0.7379957308695794,0.0,44.75904761904762,43.24217391304348
2020-09-01,MIG - consumer goods,France,100.4,"Index, 2021=100",98.3,11.161818181818182,7.533333333333333,-0.5826109751692493,0.0,40.90954545454545,44.75904761904762
2020-10-01,MIG - consumer goods,France,101.6,"Index, 2021=100",100.4,13.955454545454545,11.161818181818182,-0.291036694449014,0.0,40.18954545454546,40.90954545454545
2020-11-01,MIG - consumer goods,France,98.3,"Index, 2021=100",101.6,13.794285714285715,13.955454545454545,-0.1676225177801478,0.0,42.69238095238095,40.18954545454546
2020-12-01,MIG - consumer goods,France,97.4,"Index, 2021=100",98.3,16.34565217391304,13.794285714285715,-0.06503074006202851,0.563137829641395,50.03217391304348,42.69238095238095
2021-01-01,MIG - consumer goods,France,103.8,"Index, 2021=100",97.4,20.476190476190474,16.34565217391304,-0.5778110950222807,3.899417998430563,54.60476190476191,50.03217391304348
2021-02-01,MIG - consumer goods,France,98.4,"Index, 2021=100",103.8,17.4085,20.476190476190474,0.26866362438390906,0.0,62.2765,54.60476190476191
2021-03-01,MIG - consumer goods,France,99.4,"Index, 2021=100",98.4,17.795217391304348,17.4085,0.3009824618650811,3.5419347237958796,65.41,62.2765
2021-04-01,MIG - consumer goods,France,96.7,"Index, 2021=100",99.4,20.775454545454547,17.795217391304348,0.5129892999970512,5.991632222929873,64.71954545454545,65.41
2021-05-01,MIG - consumer goods,France,98.3,"Index, 2021=100",96.7,25.285238095238096,20.775454545454547,0.8992703670969532,0.0,68.5352380952381,64.71954545454545
2021-06-01,MIG - consumer goods,France,100.3,"Index, 2021=100",98.3,29.238636363636363,25.285238095238096,0.36360474028399664,2.2925007532095663,73.1640909090909,68.5352380952381
2021-07-01,MIG - consumer goods,France,99.7,"Index, 2021=100",100.3,36.13954545454545,29.238636363636363,0.019142986170709916,-9.851298268875022,75.1659090909091,73.1640909090909
2021-08-01,MIG - consumer goods,France,101.9,"Index, 2021=100",99.7,44.30409090909091,36.13954545454545,-0.3147083142103972,0.0,70.81590909090909,75.1659090909091
2021-09-01,MIG - consumer goods,France,99.9,"Index, 2021=100",101.9,64.45363636363636,44.30409090909091,1.015760795186652,0.4390282348823775,74.48863636363636,70.81590909090909
2021-10-01,MIG - consumer goods,France,101.6,"Index, 2021=100",99.9,87.69238095238094,64.45363636363636,0.7705932795655408,2.361261487325598,83.53809523809524,74.48863636363636
2021-11-01,MIG - consumer goods,France,101.2,"Index, 2021=100",101.6,81.92136363636364,87.69238095238094,-0.5218341421272874,-1.0130750354233125,81.05,83.53809523809524
2021-12-01,MIG - consumer goods,France,98.9,"Index, 2021=100",101.2,112.80739130434783,81.92136363636364,-0.49656758152090014,1.7069751201240932,74.26347826086956,81.05
2022-01-01,MIG - consumer goods,France,103.7,"Index, 2021=100",98.9,84.06952380952382,112.80739130434783,0.8522287791057341,1.4985078326623733,86.50523809523808,74.26347826086956
2022-02-01,MIG - consumer goods,France,100.8,"Index, 2021=100",103.7,81.164,84.06952380952382,0.20967705216092372,0.6492342056890332,97.12899999999999,86.50523809523808
2022-03-01,MIG - consumer goods,France,102.5,"Index, 2021=100",100.8,129.18304347826088,81.164,1.1589724435645128,1.020230642989599,117.24521739130434,97.12899999999999
2022-04-01,MIG - consumer goods,France,101.9,"Index, 2021=100",102.5,101.06238095238095,129.18304347826088,-0.41804567878166843,0.0,105.17095238095239,117.24521739130434
2022-05-01,MIG - consumer goods,France,103.2,"Index, 2021=100",101.9,88.58863636363637,101.06238095238095,0.8079062673307621,0.4644825107300398,113.11136363636363,105.17095238095239
2022-06-01,MIG - consumer goods,France,104.0,"Index, 2021=100",103.2,106.29454545454546,88.58863636363637,0.2666071424046354,-2.121493222584776,122.68772727272727,113.11136363636363
2022-07-01,MIG - consumer goods,France,102.7,"Index, 2021=100",104.0,171.41666666666666,106.29454545454546,-1.5284523643533043,0.0,111.92571428571429,122.68772727272727
2022-08-01,MIG - consumer goods,France,105.0,"Index, 2021=100",102.7,235.68391304347824,171.41666666666666,-0.8625649365210946,-2.904996658248558,100.47608695652173,111.92571428571429
2022-09-01,MIG - consumer goods,France,104.7,"Index, 2021=100",105.0,190.24181818181816,235.68391304347824,-0.6092331240191604,0.5554531127177963,89.74954545454545,100.47608695652173
2022-10-01,MIG - consumer goods,France,103.9,"Index, 2021=100",104.7,72.15047619047618,190.24181818181816,0.8249900068007756,2.4641871317219377,93.33190476190477,89.74954545454545
2022-11-01,MIG - consumer goods,France,106.2,"Index, 2021=100",103.9,96.28181818181817,72.15047619047618,-0.31727729228827767,0.0,91.41545454545455,93.33190476190477
2022-12-01,MIG - consumer goods,France,105.8,"Index, 2021=100",106.2,113.99181818181819,96.28181818181817,-0.5175798710392452,-2.8790551863806995,81.06272727272727,91.41545454545455
2023-01-01,MIG - consumer goods,France,103.1,"Index, 2021=100",105.8,63.004090909090905,113.99181818181819,0.16272770514393026,0.0,82.51590909090909,81.06272727272727
2023-02-01,MIG - consumer goods,France,104.1,"Index, 2021=100",103.1,53.352999999999994,63.004090909090905,-0.3578309492217428,0.0,82.58500000000001,82.51590909090909
2023-03-01,MIG - consumer goods,France,102.8,"Index, 2021=100",104.1,44.18782608695652,53.352999999999994,-0.5444578687975978,0.0,78.43434782608696,82.58500000000001
2023-04-01,MIG - consumer goods,France,102.8,"Index, 2021=100",102.8,42.585,44.18782608695652,0.7779760977112515,0.0,84.8305,78.43434782608696
2023-05-01,MIG - consumer goods,France,102.9,"Index, 2021=100",102.8,31.335652173913044,42.585,-0.9911199872566404,0.0,75.77478260869565,84.8305
2023-06-01,MIG - consumer goods,France,103.6,"Index, 2021=100",102.9,32.39909090909091,31.335652173913044,0.10438583996063543,0.4626838105740375,74.83909090909091,75.77478260869565
2023-07-01,MIG - consumer goods,France,104.2,"Index, 2021=100",103.6,29.665714285714287,32.39909090909091,0.3105036346079896,0.0,80.10809523809523,74.83909090909091
2023-08-01,MIG - consumer goods,France,102.5,"Index, 2021=100",104.2,33.52304347826087,29.665714285714287,0.2634335721723802,0.0,86.11608695652174,80.10809523809523
2023-09-01,MIG - consumer goods,France,102.0,"Index, 2021=100",102.5,36.52761904761905,33.52304347826087,0.4709271233739839,0.0,93.72238095238096,86.11608695652174
2023-10-01,MIG - consumer goods,France,103.8,"Index, 2021=100",102.0,43.264545454545456,36.52761904761905,-0.16534366151930893,0.0,90.59590909090909,93.72238095238096
2023-11-01,MIG - consumer goods,France,103.8,"Index, 2021=100",103.8,43.269090909090906,43.264545454545456,-0.571544726123262,-2.4651491943871404,82.94,90.59590909090909
2023-12-01,MIG - consumer goods,France,105.6,"Index, 2021=100",103.8,35.318571428571424,43.269090909090906,0.011208893183722398,0.0,77.87857142857143,82.94
2004-01-01,MIG - durable consumer goods,France,108.7,"Index, 2021=100",108.7,11.36,11.36,0.44154017195044576,0.0,31.236363636363638,29.77608695652174
2004-02-01,MIG - durable consumer goods,France,108.1,"Index, 2021=100",108.7,10.7975,11.36,-0.08581088034809001,2.694076911628696,30.8585,31.236363636363638
2004-03-01,MIG - durable consumer goods,France,113.1,"Index, 2021=100",108.1,10.900434782608697,10.7975,0.2813203494904621,-0.667869132781252,33.63434782608696,30.8585
2004-04-01,MIG - durable consumer goods,France,107.3,"Index, 2021=100",113.1,10.974545454545455,10.900434782608697,-0.6033863591783445,0.0,33.59090909090909,33.63434782608696
2004-05-01,MIG - durable consumer goods,France,106.0,"Index, 2021=100",107.3,11.221904761904762,10.974545454545455,0.5969780334499486,0.0,37.56761904761905,33.59090909090909
2004-06-01,MIG - durable consumer goods,France,115.4,"Index, 2021=100",106.0,10.607727272727272,11.221904761904762,-0.0108376887124877,-0.8697021883599181,35.18363636363636,37.56761904761905
2004-07-01,MIG - durable consumer goods,France,112.1,"Index, 2021=100",115.4,10.656818181818181,10.607727272727272,-0.18225670383212336,0.0,38.221363636363634,35.18363636363636
2004-08-01,MIG - durable consumer goods,France,101.8,"Index, 2021=100",112.1,12.030909090909091,10.656818181818181,0.41307128781677527,0.0,42.74409090909091,38.221363636363634
2004-09-01,MIG - durable consumer goods,France,117.1,"Index, 2021=100",101.8,12.784999999999998,12.030909090909091,0.020228290770040784,-1.6071356282661176,43.19681818181818,42.74409090909091
2004-10-01,MIG - durable consumer goods,France,117.4,"Index, 2021=100",117.1,12.065238095238096,12.784999999999998,0.8379242805985881,0.0,49.776666666666664,43.19681818181818
2004-11-01,MIG - durable consumer goods,France,104.8,"Index, 2021=100",117.4,12.959545454545456,12.065238095238096,-0.22862171681724705,0.0,43.110454545454544,49.776666666666664
2004-12-01,MIG - durable consumer goods,France,108.8,"Index, 2021=100",104.8,14.537391304347826,12.959545454545456,-0.8713033012256369,-3.1596202022297115,39.60217391304348,43.110454545454544
2005-01-01,MIG - durable consumer goods,France,112.7,"Index, 2021=100",108.8,14.123333333333331,14.537391304347826,0.2661415106984759,2.159954265104334,44.31238095238095,39.60217391304348
2005-02-01,MIG - durable consumer goods,France,109.8,"Index, 2021=100",112.7,16.8315,14.123333333333331,0.33553585232891664,0.0,45.475,44.31238095238095
2005-03-01,MIG - durable consumer goods,France,109.2,"Index, 2021=100",109.8,18.585217391304347,16.8315,0.5751930208570617,3.0421593263989704,53.071739130434786,45.475
2005-04-01,MIG - durable consumer goods,France,114.0,"Index, 2021=100",109.2,14.80857142857143,18.585217391304347,-0.5666684540474421,0.0,51.88380952380952,53.071739130434786
2005-05-01,MIG - durable consumer goods,France,106.9,"Index, 2021=100",114.0,14.289090909090909,14.80857142857143,-0.10846214234396483,0.0,48.64545454545455,51.88380952380952
2005-06-01,MIG - durable consumer goods,France,106.5,"Index, 2021=100",106.9,14.356363636363636,14.289090909090909,0.503989891285571,0.3374585671050337,54.35454545454545,48.64545454545455
2005-07-01,MIG - durable consumer goods,France,108.6,"Index, 2021=100",106.5,15.540952380952382,14.356363636363636,0.563468443674944,0.0,57.52,54.35454545454545
2005-08-01,MIG - durable consumer goods,France,105.9,"Index, 2021=100",108.6,15.107826086956523,15.540952380952382,0.718752317958703,0.0,63.98347826086956,57.52
2005-09-01,MIG - durable consumer goods,France,110.5,"Index, 2021=100",105.9,14.746363636363638,15.107826086956523,1.1148474280757803,-1.6643240899907965,62.908181818181816,63.98347826086956
2005-10-01,MIG - durable consumer goods,France,109.1,"Index, 2021=100",110.5,15.534761904761906,14.746363636363638,-1.0533079897254418,0.0,58.53857142857142,62.908181818181816
2005-11-01,MIG - durable consumer goods,France,111.2,"Index, 2021=100",109.1,19.15909090909091,15.534761904761906,-1.2341397270208476,0.0,55.24181818181818,58.53857142857142
2005-12-01,MIG - durable consumer goods,France,110.1,"Index, 2021=100",111.2,22.903636363636362,19.15909090909091,-0.03924653272715153,2.9526028347999587,56.84136363636364,55.24181818181818
2006-01-01,MIG - durable consumer goods,France,110.4,"Index, 2021=100",110.1,25.694999999999997,22.903636363636362,0.19348656521120655,-0.15180339953147387,62.77409090909091,56.84136363636364
2006-02-01,MIG - durable consumer goods,France,113.6,"Index, 2021=100",110.4,22.324,25.694999999999997,-0.6518974343740799,0.0,60.21,62.77409090909091
2006-03-01,MIG - durable consumer goods,France,114.4,"Index, 2021=100",113.6,26.028260869565216,22.324,-0.07863751143875931,-1.827456416166897,62.06478260869565,60.21
2006-04-01,MIG - durable consumer goods,France,114.4,"Index, 2021=100",114.4,21.387999999999998,26.028260869565216,0.6237237514902355,0.0,70.173,62.06478260869565
2006-05-01,MIG - durable consumer goods,France,112.8,"Index, 2021=100",114.4,19.692608695652176,21.387999999999998,-0.3540726086115883,0.0,69.77695652173912,70.173
2006-06-01,MIG - durable consumer goods,France,113.9,"Index, 2021=100",112.8,19.58409090909091,19.692608695652176,-0.31545669169778073,-1.1833322763183536,68.5559090909091,69.77695652173912
2006-07-01,MIG - durable consumer goods,France,106.2,"Index, 2021=100",113.9,19.847619047619048,19.58409090909091,0.28310573574819875,0.0,73.67428571428572,68.5559090909091
2006-08-01,MIG - durable consumer goods,France,101.6,"Index, 2021=100",106.2,17.97826086956522,19.847619047619048,-0.1782674258490434,0.0,73.2304347826087,73.67428571428572
2006-09-01,MIG - durable consumer goods,France,105.0,"Index, 2021=100",101.6,15.951428571428572,17.97826086956522,-1.0773599355773278,-1.1265879387430244,61.95857142857143,73.2304347826087
2006-10-01,MIG - durable consumer goods,France,105.2,"Index, 2021=100",105.0,14.200454545454546,15.951428571428572,-0.713482353040865,-1.0147867419479089,57.808181818181815,61.95857142857143
2006-11-01,MIG - durable consumer goods,France,111.1,"Index, 2021=100",105.2,19.87272727272727,14.200454545454546,-0.6336040683167151,0.0,58.76136363636363,57.808181818181815
2006-12-01,MIG - durable consumer goods,France,110.4,"Index, 2021=100",111.1,16.45809523809524,19.87272727272727,0.06279864252157119,1.7594994847040366,62.41952380952381,58.76136363636363
2007-01-01,MIG - durable consumer goods,France,107.1,"Index, 2021=100",110.4,13.603478260869565,16.45809523809524,-0.8815456486489374,0.0,53.748695652173915,62.41952380952381
2007-02-01,MIG - durable consumer goods,France,106.8,"Index, 2021=100",107.1,9.310500000000001,13.603478260869565,0.5012149220613668,0.0,57.516999999999996,53.748695652173915
2007-03-01,MIG - durable consumer goods,France,105.1,"Index, 2021=100",106.8,10.338636363636363,9.310500000000001,0.001407425353364094,-0.689195928658093,62.05045454545455,57.516999999999996
2007-04-01,MIG - durable consumer goods,France,104.5,"Index, 2021=100",105.1,8.91904761904762,10.338636363636363,0.23160567911181562,0.0,67.64428571428572,62.05045454545455
2007-05-01,MIG - durable consumer goods,France,105.1,"Index, 2021=100",104.5,11.71391304347826,8.91904761904762,-0.29762578435044224,0.0,67.36478260869566,67.64428571428572
2007-06-01,MIG - durable consumer goods,France,106.8,"Index, 2021=100",105.1,10.586190476190476,11.71391304347826,0.16535936703141824,0.0,71.04571428571428,67.36478260869566
2007-07-01,MIG - durable consumer goods,France,108.1,"Index, 2021=100",106.8,14.946363636363635,10.586190476190476,0.18880782596297765,0.0,76.80863636363637,71.04571428571428
2007-08-01,MIG - durable consumer goods,France,108.8,"Index, 2021=100",108.1,14.281304347826088,14.946363636363635,-0.5681005018139146,0.0,70.76086956521739,76.80863636363637
2007-09-01,MIG - durable consumer goods,France,104.0,"Index, 2021=100",108.8,17.057,14.281304347826088,1.0001793364551819,1.1859376565060231,76.929,70.76086956521739
2007-10-01,MIG - durable consumer goods,France,108.3,"Index, 2021=100",104.0,20.13478260869565,17.057,0.10198579635873983,0.0,82.34,76.929
2007-11-01,MIG - durable consumer goods,France,104.8,"Index, 2021=100",108.3,22.223636363636363,20.13478260869565,0.6128810878526092,0.0,92.53045454545455,82.34
2007-12-01,MIG - durable consumer goods,France,100.9,"Index, 2021=100",104.8,23.133333333333333,22.223636363636363,-0.28925766272037334,-0.831933850195447,90.99,92.53045454545455
2008-01-01,MIG - durable consumer goods,France,103.6,"Index, 2021=100",100.9,24.26347826086956,23.133333333333333,-0.13761859893639725,0.0,92.13391304347826,90.99
2008-02-01,MIG - durable consumer goods,France,101.7,"Index, 2021=100",103.6,22.760952380952382,24.26347826086956,0.2608943406309443,-2.502179452682496,95.08047619047619,92.13391304347826
2008-03-01,MIG - durable consumer goods,France,99.2,"Index, 2021=100",101.7,23.693333333333335,22.760952380952382,1.0041522754151373,4.248635030337986,103.45190476190476,95.08047619047619
2008-04-01,MIG - durable consumer goods,France,102.3,"Index, 2021=100",99.2,25.75318181818182,23.693333333333335,0.06105421820469373,0.0,109.07136363636364,103.45190476190476
2008-05-01,MIG - durable consumer goods,France,97.5,"Index, 2021=100",102.3,25.01409090909091,25.75318181818182,1.3761117623094206,0.0,123.11181818181818,109.07136363636364
2008-06-01,MIG - durable consumer goods,France,98.6,"Index, 2021=100",97.5,26.552380952380954,25.01409090909091,1.1146900143738558,0.0,132.32238095238094,123.11181818181818
2008-07-01,MIG - durable consumer goods,France,104.1,"Index, 2021=100",98.6,25.088260869565215,26.552380952380954,0.5718559213874487,0.0,133.20652173913044,132.32238095238094
2008-08-01,MIG - durable consumer goods,France,100.6,"Index, 2021=100",104.1,24.035238095238096,25.088260869565215,-0.46951606860925593,0.0,113.24333333333334,133.20652173913044
2008-09-01,MIG - durable consumer goods,France,103.2,"Index, 2021=100",100.6,30.28409090909091,24.035238095238096,0.2624296377427312,-0.7550683370320911,97.97363636363637,113.24333333333334
2008-10-01,MIG - durable consumer goods,France,90.3,"Index, 2021=100",103.2,26.14260869565217,30.28409090909091,-2.8871890830034372,-5.276020721573241,71.58217391304348,97.97363636363637
2008-11-01,MIG - durable consumer goods,France,82.0,"Index, 2021=100",90.3,23.5355,26.14260869565217,-1.0616536689944311,0.0,52.2995,71.58217391304348
2008-12-01,MIG - durable consumer goods,France,89.9,"Index, 2021=100",82.0,21.674347826086954,23.5355,-0.2694383119813248,-2.158283290921576,39.70782608695652,52.2995
2009-01-01,MIG - durable consumer goods,France,85.0,"Index, 2021=100",89.9,23.224999999999998,21.674347826086954,1.9606284214617051,0.0,43.09227272727273,39.70782608695652
2009-02-01,MIG - durable consumer goods,France,85.4,"Index, 2021=100",85.0,17.725,23.224999999999998,0.07516411002784573,0.0,43.326499999999996,43.09227272727273
2009-03-01,MIG - durable consumer goods,France,81.4,"Index, 2021=100",85.4,12.2,17.725,1.147539934894266,1.9198599485884802,46.540454545454544,43.326499999999996
2009-04-01,MIG - durable consumer goods,France,78.7,"Index, 2021=100",81.4,11.327272727272726,12.2,-0.6897706760210826,0.0,50.279545454545456,46.540454545454544
2009-05-01,MIG - durable consumer goods,France,82.2,"Index, 2021=100",78.7,11.00952380952381,11.327272727272726,0.9371855413099275,2.9437593321208158,57.36904761904762,50.279545454545456
2009-06-01,MIG - durable consumer goods,France,81.6,"Index, 2021=100",82.2,10.796818181818182,11.00952380952381,1.0697891624848404,0.0,68.60954545454545,57.36904761904762
2009-07-01,MIG - durable consumer goods,France,79.0,"Index, 2021=100",81.6,9.393478260869566,10.796818181818182,-0.8584497443655938,0.0,64.49217391304347,68.60954545454545
2009-08-01,MIG - durable consumer goods,France,80.5,"Index, 2021=100",79.0,8.778571428571428,9.393478260869566,1.168814769853965,0.0,72.50857142857143,64.49217391304347
2009-09-01,MIG - durable consumer goods,France,82.5,"Index, 2021=100",80.5,9.418181818181818,8.778571428571428,0.12040182675501683,0.7555170574307397,67.56409090909091,72.50857142857143
2009-10-01,MIG - durable consumer goods,France,83.0,"Index, 2021=100",82.5,10.340909090909092,9.418181818181818,0.8389514187941388,0.0,72.76954545454545,67.56409090909091
2009-11-01,MIG - durable consumer goods,France,83.4,"Index, 2021=100",83.0,9.738095238095237,10.340909090909092,-0.14885123884919385,0.0,76.65761904761905,72.76954545454545
2009-12-01,MIG - durable consumer goods,France,84.8,"Index, 2021=100",83.4,11.4,9.738095238095237,-0.8450010635890879,1.281714088367376,74.48652173913044,76.65761904761905
2010-01-01,MIG - durable consumer goods,France,83.2,"Index, 2021=100",84.8,14.44047619047619,11.4,-0.48138524271346517,0.0,76.28285714285714,74.48652173913044
2010-02-01,MIG - durable consumer goods,France,82.1,"Index, 2021=100",83.2,13.715,14.44047619047619,-0.21414063782099357,0.0,73.639,76.28285714285714
2010-03-01,MIG - durable consumer goods,France,85.7,"Index, 2021=100",82.1,11.954782608695652,13.715,-0.5233596426999279,1.5544096531485574,78.82739130434783,73.639
2010-04-01,MIG - durable consumer goods,France,84.4,"Index, 2021=100",85.7,13.493181818181819,11.954782608695652,-0.18357082280701043,0.0,84.71818181818182,78.82739130434783
2010-05-01,MIG - durable consumer goods,France,86.7,"Index, 2021=100",84.4,16.781904761904762,13.493181818181819,-1.323271263136311,0.0,75.8052380952381,84.71818181818182
2010-06-01,MIG - durable consumer goods,France,77.0,"Index, 2021=100",86.7,19.222727272727273,16.781904761904762,0.525869862586917,0.0,74.7609090909091,75.8052380952381
2010-07-01,MIG - durable consumer goods,France,82.0,"Index, 2021=100",77.0,19.469545454545454,19.222727272727273,0.04754485195679738,0.0,75.40590909090909,74.7609090909091
2010-08-01,MIG - durable consumer goods,France,92.1,"Index, 2021=100",82.0,18.13090909090909,19.469545454545454,-0.07161403937119563,0.0,77.03954545454545,75.40590909090909
2010-09-01,MIG - durable consumer goods,France,93.3,"Index, 2021=100",92.1,18.943181818181817,18.13090909090909,-0.1487126906627298,0.0,77.71272727272728,77.03954545454545
2010-10-01,MIG - durable consumer goods,France,91.2,"Index, 2021=100",93.3,18.497619047619047,18.943181818181817,0.7103428057964077,-0.4584134038079942,82.6647619047619,77.71272727272728
2010-11-01,MIG - durable consumer goods,France,88.7,"Index, 2021=100",91.2,19.477272727272727,18.497619047619047,0.09961570270309454,0.0,85.24090909090908,82.6647619047619
2010-12-01,MIG - durable consumer goods,France,90.9,"Index, 2021=100",88.7,24.09478260869565,19.477272727272727,-0.1169385540431611,1.0894693635716877,91.54173913043478,85.24090909090908
2011-01-01,MIG - durable consumer goods,France,89.2,"Index, 2021=100",90.9,22.343809523809526,24.09478260869565,-0.13316626923827257,0.0,96.58714285714285,91.54173913043478
2011-02-01,MIG - durable consumer goods,France,90.0,"Index, 2021=100",89.2,21.761,22.343809523809526,0.1062714600527813,0.0,103.6405,96.58714285714285
2011-03-01,MIG - durable consumer goods,France,94.5,"Index, 2021=100",90.0,23.722608695652173,21.761,1.0735774048683804,0.0,114.64347826086957,103.6405
2011-04-01,MIG - durable consumer goods,France,91.2,"Index, 2021=100",94.5,22.854761904761904,23.722608695652173,0.9191065185128502,0.0,123.45380952380954,114.64347826086957
2011-05-01,MIG - durable consumer goods,France,96.4,"Index, 2021=100",91.2,22.989545454545453,22.854761904761904,-0.754449697870264,0.0,114.98272727272727,123.45380952380954
2011-06-01,MIG - durable consumer goods,France,88.5,"Index, 2021=100",96.4,22.613636363636363,22.989545454545453,-0.5053044665651589,1.5367288900477356,113.83318181818181,114.98272727272727
2011-07-01,MIG - durable consumer goods,France,91.5,"Index, 2021=100",88.5,21.51142857142857,22.613636363636363,-0.18652846565540906,0.0,116.63285714285715,113.83318181818181
2011-08-01,MIG - durable consumer goods,France,97.8,"Index, 2021=100",91.5,21.93565217391304,21.51142857142857,-1.0228125161863917,0.0,110.3095652173913,116.63285714285715
2011-09-01,MIG - durable consumer goods,France,91.8,"Index, 2021=100",97.8,23.39363636363636,21.93565217391304,0.43959634290727284,0.0,112.9740909090909,110.3095652173913
2011-10-01,MIG - durable consumer goods,France,91.7,"Index, 2021=100",91.8,22.554761904761904,23.39363636363636,-0.15278013183668757,0.0,109.55000000000001,112.9740909090909
2011-11-01,MIG - durable consumer goods,France,93.6,"Index, 2021=100",91.7,23.736363636363638,22.554761904761904,0.8939539270283243,0.0,110.58909090909091,109.55000000000001
2011-12-01,MIG - durable consumer goods,France,87.5,"Index, 2021=100",93.6,22.296818181818182,23.736363636363638,-0.356458994127559,-4.916568331324604,107.99863636363635,110.58909090909091
2012-01-01,MIG - durable consumer goods,France,96.0,"Index, 2021=100",87.5,21.865454545454543,22.296818181818182,0.20632540358179952,0.0,110.53136363636364,107.99863636363635
2012-02-01,MIG - durable consumer goods,France,95.4,"Index, 2021=100",96.0,25.41142857142857,21.865454545454543,-0.029054799009691847,0.0,119.39190476190477,110.53136363636364
2012-03-01,MIG - durable consumer goods,France,87.5,"Index, 2021=100",95.4,23.80727272727273,25.41142857142857,0.784751689386223,0.0,125.44545454545455,119.39190476190477
2012-04-01,MIG - durable consumer goods,France,95.8,"Index, 2021=100",87.5,24.78952380952381,23.80727272727273,0.24063874434988755,0.0,120.05666666666667,125.44545454545455
2012-05-01,MIG - durable consumer goods,France,90.2,"Index, 2021=100",95.8,24.196521739130436,24.78952380952381,-0.3856336478636065,0.0,110.2891304347826,120.05666666666667
2012-06-01,MIG - durable consumer goods,France,92.8,"Index, 2021=100",90.2,23.673333333333332,24.196521739130436,-0.36812562156261563,1.490841835031829,95.15571428571428,110.2891304347826
2012-07-01,MIG - durable consumer goods,France,94.6,"Index, 2021=100",92.8,24.332727272727276,23.673333333333332,0.6703576310954897,0.0,102.49454545454546,95.15571428571428
2012-08-01,MIG - durable consumer goods,France,93.5,"Index, 2021=100",94.6,24.05652173913043,24.332727272727276,0.889111873743037,0.0,113.35608695652174,102.49454545454546
2012-09-01,MIG - durable consumer goods,France,90.5,"Index, 2021=100",93.5,25.825499999999998,24.05652173913043,0.366716761812549,0.0,112.917,113.35608695652174
2012-10-01,MIG - durable consumer goods,France,88.4,"Index, 2021=100",90.5,26.702173913043477,25.825499999999998,-0.2515652750980356,0.0,111.7108695652174,112.917
2012-11-01,MIG - durable consumer goods,France,86.6,"Index, 2021=100",88.4,27.24909090909091,26.702173913043477,-0.07773850880404555,0.0,109.13818181818182,111.7108695652174
2012-12-01,MIG - durable consumer goods,France,92.3,"Index, 2021=100",86.6,27.22333333333333,27.24909090909091,-0.28562219812972955,0.9944110031743462,109.44380952380953,109.13818181818182
2013-01-01,MIG - durable consumer goods,France,91.8,"Index, 2021=100",92.3,26.51782608695652,27.22333333333333,0.31250565033261724,0.0,112.81173913043479,109.44380952380953
2013-02-01,MIG - durable consumer goods,France,92.9,"Index, 2021=100",91.8,26.3165,26.51782608695652,0.16430715373994836,0.0,116.11800000000001,112.81173913043479
2013-03-01,MIG - durable consumer goods,France,95.8,"Index, 2021=100",92.9,32.31666666666666,26.3165,-0.383542027094866,0.0,108.47333333333333,116.11800000000001
2013-04-01,MIG - durable consumer goods,France,89.6,"Index, 2021=100",95.8,28.575,32.31666666666666,-0.25921885392347294,0.0,102.24818181818182,108.47333333333333
2013-05-01,MIG - durable consumer goods,France,88.8,"Index, 2021=100",89.6,26.73304347826087,28.575,0.16248527258302423,-1.3607161850187028,102.50130434782609,102.24818181818182
2013-06-01,MIG - durable consumer goods,France,92.3,"Index, 2021=100",88.8,26.23,26.73304347826087,0.1894274611148,0.0,102.9195,102.50130434782609
2013-07-01,MIG - durable consumer goods,France,88.9,"Index, 2021=100",92.3,26.070434782608697,26.23,0.6182980381651376,0.0,107.85434782608696,102.9195
2013-08-01,MIG - durable consumer goods,France,85.1,"Index, 2021=100",88.9,25.55181818181818,26.070434782608697,-0.07052223294410298,0.0,111.28045454545455,107.85434782608696
2013-09-01,MIG - durable consumer goods,France,95.7,"Index, 2021=100",85.1,26.478571428571428,25.55181818181818,0.06362224893820845,0.0,111.8047619047619,111.28045454545455
2013-10-01,MIG - durable consumer goods,France,89.0,"Index, 2021=100",95.7,25.868695652173916,26.478571428571428,0.13725652508100525,0.0,109.07652173913044,111.8047619047619
2013-11-01,MIG - durable consumer goods,France,92.0,"Index, 2021=100",89.0,27.18047619047619,25.868695652173916,-0.11144201084991862,0.0,107.96,109.07652173913044
2013-12-01,MIG - durable consumer goods,France,100.4,"Index, 2021=100",92.0,27.702727272727273,27.18047619047619,0.6426503974155726,1.006536826380158,110.79363636363637,107.96
2014-01-01,MIG - durable consumer goods,France,89.0,"Index, 2021=100",100.4,26.253913043478263,27.702727272727273,-0.19812368810882713,0.0,108.19739130434782,110.79363636363637
2014-02-01,MIG - durable consumer goods,France,85.6,"Index, 2021=100",89.0,23.849,26.253913043478263,-0.044531303873754494,0.0,108.88700000000001,108.19739130434782
2014-03-01,MIG - durable consumer goods,France,91.5,"Index, 2021=100",85.6,22.767142857142858,23.849,0.0514680128382354,0.0,107.48095238095237,108.88700000000001
2014-04-01,MIG - durable consumer goods,France,86.1,"Index, 2021=100",91.5,20.423181818181817,22.767142857142858,-0.018508882722691297,0.0,107.84772727272728,107.48095238095237
2014-05-01,MIG - durable consumer goods,France,85.8,"Index, 2021=100",86.1,19.08818181818182,20.423181818181817,0.10496074182617701,0.0,109.53909090909092,107.84772727272728
2014-06-01,MIG - durable consumer goods,France,88.3,"Index, 2021=100",85.8,17.39190476190476,19.08818181818182,0.3545000070992207,0.42851134062250246,111.79523809523809,109.53909090909092
2014-07-01,MIG - durable consumer goods,France,87.6,"Index, 2021=100",88.3,16.50565217391304,17.39190476190476,-0.4381447112306579,0.0,106.86434782608696,111.79523809523809
2014-08-01,MIG - durable consumer goods,France,80.6,"Index, 2021=100",87.6,17.497142857142858,16.50565217391304,0.08722188445673984,0.0,101.60809523809523,106.86434782608696
2014-09-01,MIG - durable consumer goods,France,87.4,"Index, 2021=100",80.6,20.74863636363636,17.497142857142858,-0.16107172026645272,0.0,97.27454545454545,101.60809523809523
2014-10-01,MIG - durable consumer goods,France,86.7,"Index, 2021=100",87.4,21.268260869565218,20.74863636363636,-0.2764119863445895,0.0,87.42521739130434,97.27454545454545
2014-11-01,MIG - durable consumer goods,France,79.7,"Index, 2021=100",86.7,22.978,21.268260869565218,-0.9869169148213338,-9.796069628596289,79.3355,87.42521739130434
2014-12-01,MIG - durable consumer goods,France,76.3,"Index, 2021=100",79.7,22.520869565217392,22.978,-1.2412203634377712,0.0,62.17565217391304,79.3355
2015-01-01,MIG - durable consumer goods,France,86.1,"Index, 2021=100",76.3,19.755,22.520869565217392,-1.689378075003543,0.0,48.08363636363636,62.17565217391304
2015-02-01,MIG - durable consumer goods,France,87.8,"Index, 2021=100",86.1,22.566,19.755,1.030226324080852,0.0,58.0955,48.08363636363636
2015-03-01,MIG - durable consumer goods,France,84.5,"Index, 2021=100",87.8,21.856818181818184,22.566,-0.2471285840319799,0.0,55.88545454545454,58.0955
2015-04-01,MIG - durable consumer goods,France,90.2,"Index, 2021=100",84.5,22.078181818181818,21.856818181818184,0.7630852782137214,0.0,59.35181818181818,55.88545454545454
2015-05-01,MIG - durable consumer goods,France,102.8,"Index, 2021=100",90.2,20.548571428571428,22.078181818181818,0.9306750388082086,0.0,64.1047619047619,59.35181818181818
2015-06-01,MIG - durable consumer goods,France,98.9,"Index, 2021=100",102.8,20.520454545454545,20.548571428571428,-0.3949488388902102,2.4056171564772404,61.47772727272727,64.1047619047619
2015-07-01,MIG - durable consumer goods,France,84.9,"Index, 2021=100",98.9,20.858260869565218,20.520454545454545,-0.8969936335129175,0.0,56.56130434782609,61.47772727272727
2015-08-01,MIG - durable consumer goods,France,91.3,"Index, 2021=100",84.9,19.576190476190476,20.858260869565218,-0.6689537169882939,0.0,46.58428571428571,56.56130434782609
2015-09-01,MIG - durable consumer goods,France,92.6,"Index, 2021=100",91.3,19.16,19.576190476190476,0.4134260838296521,0.0,47.62318181818182,46.58428571428571
2015-10-01,MIG - durable consumer goods,France,101.7,"Index, 2021=100",92.6,18.243636363636366,19.16,-0.17098247375992967,0.0,48.43,47.62318181818182
2015-11-01,MIG - durable consumer goods,France,97.8,"Index, 2021=100",101.7,17.202380952380953,18.243636363636366,-0.3748783969247207,0.0,44.26761904761905,48.43
2015-12-01,MIG - durable consumer goods,France,91.3,"Index, 2021=100",97.8,15.640869565217391,17.202380952380953,-0.7698627351357819,-1.9668139100704445,37.97130434782609,44.26761904761905
2016-01-01,MIG - durable consumer goods,France,90.5,"Index, 2021=100",91.3,13.904285714285715,15.640869565217391,-1.2929579520638326,0.0,30.98095238095238,37.97130434782609
2016-02-01,MIG - durable consumer goods,France,88.9,"Index, 2021=100",90.5,12.476666666666667,13.904285714285715,-0.22939651791615284,0.0,32.163333333333334,30.98095238095238
2016-03-01,MIG - durable consumer goods,France,91.9,"Index, 2021=100",88.9,12.267826086956523,12.476666666666667,0.9962287899781237,0.0,38.21565217391304,32.163333333333334
2016-04-01,MIG - durable consumer goods,France,90.4,"Index, 2021=100",91.9,11.979999999999999,12.267826086956523,-0.15187983491624749,0.0,41.583333333333336,38.21565217391304
2016-05-01,MIG - durable consumer goods,France,91.3,"Index, 2021=100",90.4,13.04090909090909,11.979999999999999,0.6792464128472383,0.0,46.84909090909091,41.583333333333336
2016-06-01,MIG - durable consumer goods,France,87.1,"Index, 2021=100",91.3,14.41590909090909,13.04090909090909,-0.1770446016289529,0.582575139176583,48.24727272727273,46.84909090909091
2016-07-01,MIG - durable consumer goods,France,88.2,"Index, 2021=100",87.1,14.241904761904761,14.41590909090909,-0.4528878840711025,0.0,44.951904761904764,48.24727272727273
2016-08-01,MIG - durable consumer goods,France,102.8,"Index, 2021=100",88.2,11.980869565217391,14.241904761904761,0.1189274105169856,0.0,45.843043478260874,44.951904761904764
2016-09-01,MIG - durable consumer goods,France,86.3,"Index, 2021=100",102.8,12.282272727272726,11.980869565217391,0.24870447283671346,1.4727297897900193,46.567727272727275,45.843043478260874
2016-10-01,MIG - durable consumer goods,France,89.7,"Index, 2021=100",86.3,16.093809523809526,12.282272727272726,0.41093056832079616,0.0,49.522380952380956,46.567727272727275
2016-11-01,MIG - durable consumer goods,France,89.9,"Index, 2021=100",89.7,17.90590909090909,16.093809523809526,-0.5793797051617606,7.91404059403762,44.73409090909091,49.522380952380956
2016-12-01,MIG - durable consumer goods,France,91.8,"Index, 2021=100",89.9,17.689545454545456,17.90590909090909,0.7086845393102761,2.0404579621780123,53.365,44.73409090909091
2017-01-01,MIG - durable consumer goods,France,89.6,"Index, 2021=100",91.8,20.12272727272727,17.689545454545456,0.08901653408704874,0.0,54.59409090909091,53.365
2017-02-01,MIG - durable consumer goods,France,90.7,"Index, 2021=100",89.6,19.553,20.12272727272727,-0.03179032404754296,0.0,54.8695,54.59409090909091
2017-03-01,MIG - durable consumer goods,France,94.1,"Index, 2021=100",90.7,15.799130434782608,19.553,-1.4425063041961181,0.0,51.589130434782604,54.8695
2017-04-01,MIG - durable consumer goods,France,96.2,"Index, 2021=100",94.1,16.058,15.799130434782608,0.21703780157455996,0.0,52.44500000000001,51.589130434782604
2017-05-01,MIG - durable consumer goods,France,92.5,"Index, 2021=100",96.2,15.669130434782607,16.058,-0.8328997339371286,-4.41644778310952,50.326521739130435,52.44500000000001
2017-06-01,MIG - durable consumer goods,France,89.3,"Index, 2021=100",92.5,15.134545454545453,15.669130434782607,-0.26420964099602673,0.0,46.36818181818182,50.326521739130435
2017-07-01,MIG - durable consumer goods,France,92.9,"Index, 2021=100",89.3,15.095714285714285,15.134545454545453,-0.1449934034705647,0.0,48.47857142857143,46.36818181818182
2017-08-01,MIG - durable consumer goods,France,93.3,"Index, 2021=100",92.9,15.99304347826087,15.095714285714285,-0.1520757414392232,0.0,51.70434782608696,48.47857142857143
2017-09-01,MIG - durable consumer goods,France,96.2,"Index, 2021=100",93.3,17.302857142857142,15.99304347826087,0.32443706724488564,0.0,56.152857142857144,51.70434782608696
2017-10-01,MIG - durable consumer goods,France,89.6,"Index, 2021=100",96.2,17.10363636363636,17.302857142857142,-0.3486109778555899,0.0,57.50772727272727,56.152857142857144
2017-11-01,MIG - durable consumer goods,France,96.4,"Index, 2021=100",89.6,19.57090909090909,17.10363636363636,0.12556813519738738,0.21630901693183507,62.71409090909091,57.50772727272727
2017-12-01,MIG - durable consumer goods,France,100.7,"Index, 2021=100",96.4,20.795238095238094,19.57090909090909,-0.1117328946322315,0.0,64.39619047619047,62.71409090909091
2018-01-01,MIG - durable consumer goods,France,93.3,"Index, 2021=100",100.7,18.6,20.795238095238094,0.7325011228803984,0.0,68.97521739130435,64.39619047619047
2018-02-01,MIG - durable consumer goods,France,88.0,"Index, 2021=100",93.3,21.679,18.6,-0.5046465050387093,0.0,65.3175,68.97521739130435
2018-03-01,MIG - durable consumer goods,France,90.6,"Index, 2021=100",88.0,23.622727272727275,21.679,-0.10225293145429594,0.0,66.1531818181818,65.3175
2018-04-01,MIG - durable consumer goods,France,92.0,"Index, 2021=100",90.6,19.645238095238096,23.622727272727275,0.47425564352743266,0.0,71.95904761904762,66.1531818181818
2018-05-01,MIG - durable consumer goods,France,89.1,"Index, 2021=100",92.0,21.566086956521737,19.645238095238096,0.5388658853656386,0.0,76.86217391304348,71.95904761904762
2018-06-01,MIG - durable consumer goods,France,91.4,"Index, 2021=100",89.1,21.92761904761905,21.566086956521737,-0.5831886971683538,-0.4130092757360921,74.4047619047619,76.86217391304348
2018-07-01,MIG - durable consumer goods,France,90.2,"Index, 2021=100",91.4,22.253636363636364,21.92761904761905,0.5294960350409211,0.0,74.2540909090909,74.4047619047619
2018-08-01,MIG - durable consumer goods,France,88.5,"Index, 2021=100",90.2,23.94347826086957,22.253636363636364,-0.20893271379353645,0.0,72.52826086956522,74.2540909090909
2018-09-01,MIG - durable consumer goods,France,86.5,"Index, 2021=100",88.5,27.837,23.94347826086957,0.6564596940208821,0.0,78.89099999999999,72.52826086956522
2018-10-01,MIG - durable consumer goods,France,92.6,"Index, 2021=100",86.5,25.539565217391303,27.837,0.12149689586130322,0.0,81.03217391304348,78.89099999999999
2018-11-01,MIG - durable consumer goods,France,89.1,"Index, 2021=100",92.6,24.633636363636366,25.539565217391303,-1.3685992177175907,0.0,64.74818181818182,81.03217391304348
2018-12-01,MIG - durable consumer goods,France,94.9,"Index, 2021=100",89.1,23.666190476190476,24.633636363636366,-0.2447966896801907,2.07348679679867,56.26285714285714,64.74818181818182
2019-01-01,MIG - durable consumer goods,France,90.0,"Index, 2021=100",94.9,21.39782608695652,23.666190476190476,0.35962477880472876,0.0,59.025217391304345,56.26285714285714
2019-02-01,MIG - durable consumer goods,France,89.3,"Index, 2021=100",90.0,18.0035,21.39782608695652,0.1517462342010795,0.0,63.9605,59.025217391304345
2019-03-01,MIG - durable consumer goods,France,93.1,"Index, 2021=100",89.3,15.697619047619046,18.0035,-0.17808513427363806,0.0,66.13857142857144,63.9605
2019-04-01,MIG - durable consumer goods,France,95.0,"Index, 2021=100",93.1,15.041818181818183,15.697619047619046,0.3628493694964929,0.0,71.20954545454545,66.13857142857144
2019-05-01,MIG - durable consumer goods,France,97.4,"Index, 2021=100",95.0,13.298695652173913,15.041818181818183,-0.7347359961140314,0.0,71.17260869565217,71.20954545454545
2019-06-01,MIG - durable consumer goods,France,94.9,"Index, 2021=100",97.4,10.5225,13.298695652173913,-0.33975076992957615,0.0,64.2205,71.17260869565217
2019-07-01,MIG - durable consumer goods,France,93.9,"Index, 2021=100",94.9,10.941304347826087,10.5225,0.3395291323618024,-4.251048097619388,63.9191304347826,64.2205
2019-08-01,MIG - durable consumer goods,France,90.2,"Index, 2021=100",93.9,10.029545454545454,10.941304347826087,-0.3748389650611249,0.0,59.041818181818186,63.9191304347826
2019-09-01,MIG - durable consumer goods,France,99.8,"Index, 2021=100",90.2,9.568095238095239,10.029545454545454,0.48197852185687173,0.0,62.826666666666675,59.041818181818186
2019-10-01,MIG - durable consumer goods,France,115.8,"Index, 2021=100",99.8,10.30913043478261,9.568095238095239,-0.3400181888327622,0.0,59.71304347826087,62.826666666666675
2019-11-01,MIG - durable consumer goods,France,100.3,"Index, 2021=100",115.8,14.763809523809524,10.30913043478261,0.4635132466348744,0.0,63.21190476190476,59.71304347826087
2019-12-01,MIG - durable consumer goods,France,101.4,"Index, 2021=100",100.3,13.031363636363636,14.763809523809524,0.4622502963974788,1.090508505035817,67.31,63.21190476190476
2020-01-01,MIG - durable consumer goods,France,101.0,"Index, 2021=100",101.4,11.144782608695651,13.031363636363636,1.4414572982744303,0.0,63.82478260869566,67.31
2020-02-01,MIG - durable consumer goods,France,105.4,"Index, 2021=100",101.0,9.3725,11.144782608695651,-0.8114535624060095,0.0,55.702,63.82478260869566
2020-03-01,MIG - durable consumer goods,France,55.1,"Index, 2021=100",105.4,8.622727272727273,9.3725,-1.9239758097171007,-8.007737426749562,31.993636363636366,55.702
2020-04-01,MIG - durable consumer goods,France,25.1,"Index, 2021=100",55.1,6.54,8.622727272727273,1.3138212739143362,3.0940649462160628,18.546818181818182,31.993636363636366
2020-05-01,MIG - durable consumer goods,France,64.7,"Index, 2021=100",25.1,4.575714285714286,6.54,0.7414620048035757,0.0,29.344285714285714,18.546818181818182
2020-06-01,MIG - durable consumer goods,France,87.5,"Index, 2021=100",64.7,4.991818181818181,4.575714285714286,-0.674179631293128,-3.149840310433884,40.26681818181818,29.344285714285714
2020-07-01,MIG - durable consumer goods,France,95.2,"Index, 2021=100",87.5,4.879565217391304,4.991818181818181,-0.07202838847948002,0.0,43.24217391304348,40.26681818181818
2020-08-01,MIG - durable consumer goods,France,98.4,"Index, 2021=100",95.2,7.533333333333333,4.879565217391304,-0.7379957308695794,0.0,44.75904761904762,43.24217391304348
2020-09-01,MIG - durable consumer goods,France,101.5,"Index, 2021=100",98.4,11.161818181818182,7.533333333333333,-0.5826109751692493,0.0,40.90954545454545,44.75904761904762
2020-10-01,MIG - durable consumer goods,France,98.1,"Index, 2021=100",101.5,13.955454545454545,11.161818181818182,-0.291036694449014,0.0,40.18954545454546,40.90954545454545
2020-11-01,MIG - durable consumer goods,France,94.9,"Index, 2021=100",98.1,13.794285714285715,13.955454545454545,-0.1676225177801478,0.0,42.69238095238095,40.18954545454546
2020-12-01,MIG - durable consumer goods,France,98.1,"Index, 2021=100",94.9,16.34565217391304,13.794285714285715,-0.06503074006202851,0.563137829641395,50.03217391304348,42.69238095238095
2021-01-01,MIG - durable consumer goods,France,106.5,"Index, 2021=100",98.1,20.476190476190474,16.34565217391304,-0.5778110950222807,3.899417998430563,54.60476190476191,50.03217391304348
2021-02-01,MIG - durable consumer goods,France,104.4,"Index, 2021=100",106.5,17.4085,20.476190476190474,0.26866362438390906,0.0,62.2765,54.60476190476191
2021-03-01,MIG - durable consumer goods,France,96.6,"Index, 2021=100",104.4,17.795217391304348,17.4085,0.3009824618650811,3.5419347237958796,65.41,62.2765
2021-04-01,MIG - durable consumer goods,France,96.4,"Index, 2021=100",96.6,20.775454545454547,17.795217391304348,0.5129892999970512,5.991632222929873,64.71954545454545,65.41
2021-05-01,MIG - durable consumer goods,France,93.7,"Index, 2021=100",96.4,25.285238095238096,20.775454545454547,0.8992703670969532,0.0,68.5352380952381,64.71954545454545
2021-06-01,MIG - durable consumer goods,France,99.8,"Index, 2021=100",93.7,29.238636363636363,25.285238095238096,0.36360474028399664,2.2925007532095663,73.1640909090909,68.5352380952381
2021-07-01,MIG - durable consumer goods,France,100.3,"Index, 2021=100",99.8,36.13954545454545,29.238636363636363,0.019142986170709916,-9.851298268875022,75.1659090909091,73.1640909090909
2021-08-01,MIG - durable consumer goods,France,101.2,"Index, 2021=100",100.3,44.30409090909091,36.13954545454545,-0.3147083142103972,0.0,70.81590909090909,75.1659090909091
2021-09-01,MIG - durable consumer goods,France,98.5,"Index, 2021=100",101.2,64.45363636363636,44.30409090909091,1.015760795186652,0.4390282348823775,74.48863636363636,70.81590909090909
2021-10-01,MIG - durable consumer goods,France,101.0,"Index, 2021=100",98.5,87.69238095238094,64.45363636363636,0.7705932795655408,2.361261487325598,83.53809523809524,74.48863636363636
2021-11-01,MIG - durable consumer goods,France,101.0,"Index, 2021=100",101.0,81.92136363636364,87.69238095238094,-0.5218341421272874,-1.0130750354233125,81.05,83.53809523809524
2021-12-01,MIG - durable consumer goods,France,100.6,"Index, 2021=100",101.0,112.80739130434783,81.92136363636364,-0.49656758152090014,1.7069751201240932,74.26347826086956,81.05
2022-01-01,MIG - durable consumer goods,France,100.1,"Index, 2021=100",100.6,84.06952380952382,112.80739130434783,0.8522287791057341,1.4985078326623733,86.50523809523808,74.26347826086956
2022-02-01,MIG - durable consumer goods,France,99.9,"Index, 2021=100",100.1,81.164,84.06952380952382,0.20967705216092372,0.6492342056890332,97.12899999999999,86.50523809523808
2022-03-01,MIG - durable consumer goods,France,105.4,"Index, 2021=100",99.9,129.18304347826088,81.164,1.1589724435645128,1.020230642989599,117.24521739130434,97.12899999999999
2022-04-01,MIG - durable consumer goods,France,96.8,"Index, 2021=100",105.4,101.06238095238095,129.18304347826088,-0.41804567878166843,0.0,105.17095238095239,117.24521739130434
2022-05-01,MIG - durable consumer goods,France,103.1,"Index, 2021=100",96.8,88.58863636363637,101.06238095238095,0.8079062673307621,0.4644825107300398,113.11136363636363,105.17095238095239
2022-06-01,MIG - durable consumer goods,France,105.6,"Index, 2021=100",103.1,106.29454545454546,88.58863636363637,0.2666071424046354,-2.121493222584776,122.68772727272727,113.11136363636363
2022-07-01,MIG - durable consumer goods,France,105.6,"Index, 2021=100",105.6,171.41666666666666,106.29454545454546,-1.5284523643533043,0.0,111.92571428571429,122.68772727272727
2022-08-01,MIG - durable consumer goods,France,105.7,"Index, 2021=100",105.6,235.68391304347824,171.41666666666666,-0.8625649365210946,-2.904996658248558,100.47608695652173,111.92571428571429
2022-09-01,MIG - durable consumer goods,France,107.1,"Index, 2021=100",105.7,190.24181818181816,235.68391304347824,-0.6092331240191604,0.5554531127177963,89.74954545454545,100.47608695652173
2022-10-01,MIG - durable consumer goods,France,106.0,"Index, 2021=100",107.1,72.15047619047618,190.24181818181816,0.8249900068007756,2.4641871317219377,93.33190476190477,89.74954545454545
2022-11-01,MIG - durable consumer goods,France,113.1,"Index, 2021=100",106.0,96.28181818181817,72.15047619047618,-0.31727729228827767,0.0,91.41545454545455,93.33190476190477
2022-12-01,MIG - durable consumer goods,France,105.3,"Index, 2021=100",113.1,113.99181818181819,96.28181818181817,-0.5175798710392452,-2.8790551863806995,81.06272727272727,91.41545454545455
2023-01-01,MIG - durable consumer goods,France,105.5,"Index, 2021=100",105.3,63.004090909090905,113.99181818181819,0.16272770514393026,0.0,82.51590909090909,81.06272727272727
2023-02-01,MIG - durable consumer goods,France,104.0,"Index, 2021=100",105.5,53.352999999999994,63.004090909090905,-0.3578309492217428,0.0,82.58500000000001,82.51590909090909
2023-03-01,MIG - durable consumer goods,France,103.8,"Index, 2021=100",104.0,44.18782608695652,53.352999999999994,-0.5444578687975978,0.0,78.43434782608696,82.58500000000001
2023-04-01,MIG - durable consumer goods,France,103.6,"Index, 2021=100",103.8,42.585,44.18782608695652,0.7779760977112515,0.0,84.8305,78.43434782608696
2023-05-01,MIG - durable consumer goods,France,106.9,"Index, 2021=100",103.6,31.335652173913044,42.585,-0.9911199872566404,0.0,75.77478260869565,84.8305
2023-06-01,MIG - durable consumer goods,France,103.4,"Index, 2021=100",106.9,32.39909090909091,31.335652173913044,0.10438583996063543,0.4626838105740375,74.83909090909091,75.77478260869565
2023-07-01,MIG - durable consumer goods,France,99.6,"Index, 2021=100",103.4,29.665714285714287,32.39909090909091,0.3105036346079896,0.0,80.10809523809523,74.83909090909091
2023-08-01,MIG - durable consumer goods,France,112.2,"Index, 2021=100",99.6,33.52304347826087,29.665714285714287,0.2634335721723802,0.0,86.11608695652174,80.10809523809523
2023-09-01,MIG - durable consumer goods,France,106.6,"Index, 2021=100",112.2,36.52761904761905,33.52304347826087,0.4709271233739839,0.0,93.72238095238096,86.11608695652174
2023-10-01,MIG - durable consumer goods,France,111.7,"Index, 2021=100",106.6,43.264545454545456,36.52761904761905,-0.16534366151930893,0.0,90.59590909090909,93.72238095238096
2023-11-01,MIG - durable consumer goods,France,100.9,"Index, 2021=100",111.7,43.269090909090906,43.264545454545456,-0.571544726123262,-2.4651491943871404,82.94,90.59590909090909
2023-12-01,MIG - durable consumer goods,France,108.7,"Index, 2021=100",100.9,35.318571428571424,43.269090909090906,0.011208893183722398,0.0,77.87857142857143,82.94
2004-01-01,MIG - intermediate goods,France,122.3,"Index, 2021=100",122.3,11.36,11.36,0.44154017195044576,0.0,31.236363636363638,29.77608695652174
2004-02-01,MIG - intermediate goods,France,123.3,"Index, 2021=100",122.3,10.7975,11.36,-0.08581088034809001,2.694076911628696,30.8585,31.236363636363638
2004-03-01,MIG - intermediate goods,France,122.9,"Index, 2021=100",123.3,10.900434782608697,10.7975,0.2813203494904621,-0.667869132781252,33.63434782608696,30.8585
2004-04-01,MIG - intermediate goods,France,122.6,"Index, 2021=100",122.9,10.974545454545455,10.900434782608697,-0.6033863591783445,0.0,33.59090909090909,33.63434782608696
2004-05-01,MIG - intermediate goods,France,122.6,"Index, 2021=100",122.6,11.221904761904762,10.974545454545455,0.5969780334499486,0.0,37.56761904761905,33.59090909090909
2004-06-01,MIG - intermediate goods,France,124.2,"Index, 2021=100",122.6,10.607727272727272,11.221904761904762,-0.0108376887124877,-0.8697021883599181,35.18363636363636,37.56761904761905
2004-07-01,MIG - intermediate goods,France,123.9,"Index, 2021=100",124.2,10.656818181818181,10.607727272727272,-0.18225670383212336,0.0,38.221363636363634,35.18363636363636
2004-08-01,MIG - intermediate goods,France,121.6,"Index, 2021=100",123.9,12.030909090909091,10.656818181818181,0.41307128781677527,0.0,42.74409090909091,38.221363636363634
2004-09-01,MIG - intermediate goods,France,123.7,"Index, 2021=100",121.6,12.784999999999998,12.030909090909091,0.020228290770040784,-1.6071356282661176,43.19681818181818,42.74409090909091
2004-10-01,MIG - intermediate goods,France,124.1,"Index, 2021=100",123.7,12.065238095238096,12.784999999999998,0.8379242805985881,0.0,49.776666666666664,43.19681818181818
2004-11-01,MIG - intermediate goods,France,121.7,"Index, 2021=100",124.1,12.959545454545456,12.065238095238096,-0.22862171681724705,0.0,43.110454545454544,49.776666666666664
2004-12-01,MIG - intermediate goods,France,123.0,"Index, 2021=100",121.7,14.537391304347826,12.959545454545456,-0.8713033012256369,-3.1596202022297115,39.60217391304348,43.110454545454544
2005-01-01,MIG - intermediate goods,France,126.0,"Index, 2021=100",123.0,14.123333333333331,14.537391304347826,0.2661415106984759,2.159954265104334,44.31238095238095,39.60217391304348
2005-02-01,MIG - intermediate goods,France,121.9,"Index, 2021=100",126.0,16.8315,14.123333333333331,0.33553585232891664,0.0,45.475,44.31238095238095
2005-03-01,MIG - intermediate goods,France,120.1,"Index, 2021=100",121.9,18.585217391304347,16.8315,0.5751930208570617,3.0421593263989704,53.071739130434786,45.475
2005-04-01,MIG - intermediate goods,France,123.2,"Index, 2021=100",120.1,14.80857142857143,18.585217391304347,-0.5666684540474421,0.0,51.88380952380952,53.071739130434786
2005-05-01,MIG - intermediate goods,France,121.2,"Index, 2021=100",123.2,14.289090909090909,14.80857142857143,-0.10846214234396483,0.0,48.64545454545455,51.88380952380952
2005-06-01,MIG - intermediate goods,France,121.5,"Index, 2021=100",121.2,14.356363636363636,14.289090909090909,0.503989891285571,0.3374585671050337,54.35454545454545,48.64545454545455
2005-07-01,MIG - intermediate goods,France,121.6,"Index, 2021=100",121.5,15.540952380952382,14.356363636363636,0.563468443674944,0.0,57.52,54.35454545454545
2005-08-01,MIG - intermediate goods,France,121.5,"Index, 2021=100",121.6,15.107826086956523,15.540952380952382,0.718752317958703,0.0,63.98347826086956,57.52
2005-09-01,MIG - intermediate goods,France,123.8,"Index, 2021=100",121.5,14.746363636363638,15.107826086956523,1.1148474280757803,-1.6643240899907965,62.908181818181816,63.98347826086956
2005-10-01,MIG - intermediate goods,France,122.2,"Index, 2021=100",123.8,15.534761904761906,14.746363636363638,-1.0533079897254418,0.0,58.53857142857142,62.908181818181816
2005-11-01,MIG - intermediate goods,France,125.2,"Index, 2021=100",122.2,19.15909090909091,15.534761904761906,-1.2341397270208476,0.0,55.24181818181818,58.53857142857142
2005-12-01,MIG - intermediate goods,France,124.1,"Index, 2021=100",125.2,22.903636363636362,19.15909090909091,-0.03924653272715153,2.9526028347999587,56.84136363636364,55.24181818181818
2006-01-01,MIG - intermediate goods,France,123.7,"Index, 2021=100",124.1,25.694999999999997,22.903636363636362,0.19348656521120655,-0.15180339953147387,62.77409090909091,56.84136363636364
2006-02-01,MIG - intermediate goods,France,122.1,"Index, 2021=100",123.7,22.324,25.694999999999997,-0.6518974343740799,0.0,60.21,62.77409090909091
2006-03-01,MIG - intermediate goods,France,124.1,"Index, 2021=100",122.1,26.028260869565216,22.324,-0.07863751143875931,-1.827456416166897,62.06478260869565,60.21
2006-04-01,MIG - intermediate goods,France,123.6,"Index, 2021=100",124.1,21.387999999999998,26.028260869565216,0.6237237514902355,0.0,70.173,62.06478260869565
2006-05-01,MIG - intermediate goods,France,126.2,"Index, 2021=100",123.6,19.692608695652176,21.387999999999998,-0.3540726086115883,0.0,69.77695652173912,70.173
2006-06-01,MIG - intermediate goods,France,127.0,"Index, 2021=100",126.2,19.58409090909091,19.692608695652176,-0.31545669169778073,-1.1833322763183536,68.5559090909091,69.77695652173912
2006-07-01,MIG - intermediate goods,France,123.4,"Index, 2021=100",127.0,19.847619047619048,19.58409090909091,0.28310573574819875,0.0,73.67428571428572,68.5559090909091
2006-08-01,MIG - intermediate goods,France,124.7,"Index, 2021=100",123.4,17.97826086956522,19.847619047619048,-0.1782674258490434,0.0,73.2304347826087,73.67428571428572
2006-09-01,MIG - intermediate goods,France,124.3,"Index, 2021=100",124.7,15.951428571428572,17.97826086956522,-1.0773599355773278,-1.1265879387430244,61.95857142857143,73.2304347826087
2006-10-01,MIG - intermediate goods,France,124.3,"Index, 2021=100",124.3,14.200454545454546,15.951428571428572,-0.713482353040865,-1.0147867419479089,57.808181818181815,61.95857142857143
2006-11-01,MIG - intermediate goods,France,124.5,"Index, 2021=100",124.3,19.87272727272727,14.200454545454546,-0.6336040683167151,0.0,58.76136363636363,57.808181818181815
2006-12-01,MIG - intermediate goods,France,127.9,"Index, 2021=100",124.5,16.45809523809524,19.87272727272727,0.06279864252157119,1.7594994847040366,62.41952380952381,58.76136363636363
2007-01-01,MIG - intermediate goods,France,125.2,"Index, 2021=100",127.9,13.603478260869565,16.45809523809524,-0.8815456486489374,0.0,53.748695652173915,62.41952380952381
2007-02-01,MIG - intermediate goods,France,127.6,"Index, 2021=100",125.2,9.310500000000001,13.603478260869565,0.5012149220613668,0.0,57.516999999999996,53.748695652173915
2007-03-01,MIG - intermediate goods,France,128.9,"Index, 2021=100",127.6,10.338636363636363,9.310500000000001,0.001407425353364094,-0.689195928658093,62.05045454545455,57.516999999999996
2007-04-01,MIG - intermediate goods,France,126.4,"Index, 2021=100",128.9,8.91904761904762,10.338636363636363,0.23160567911181562,0.0,67.64428571428572,62.05045454545455
2007-05-01,MIG - intermediate goods,France,128.2,"Index, 2021=100",126.4,11.71391304347826,8.91904761904762,-0.29762578435044224,0.0,67.36478260869566,67.64428571428572
2007-06-01,MIG - intermediate goods,France,126.6,"Index, 2021=100",128.2,10.586190476190476,11.71391304347826,0.16535936703141824,0.0,71.04571428571428,67.36478260869566
2007-07-01,MIG - intermediate goods,France,126.8,"Index, 2021=100",126.6,14.946363636363635,10.586190476190476,0.18880782596297765,0.0,76.80863636363637,71.04571428571428
2007-08-01,MIG - intermediate goods,France,126.1,"Index, 2021=100",126.8,14.281304347826088,14.946363636363635,-0.5681005018139146,0.0,70.76086956521739,76.80863636363637
2007-09-01,MIG - intermediate goods,France,125.7,"Index, 2021=100",126.1,17.057,14.281304347826088,1.0001793364551819,1.1859376565060231,76.929,70.76086956521739
2007-10-01,MIG - intermediate goods,France,128.4,"Index, 2021=100",125.7,20.13478260869565,17.057,0.10198579635873983,0.0,82.34,76.929
2007-11-01,MIG - intermediate goods,France,125.5,"Index, 2021=100",128.4,22.223636363636363,20.13478260869565,0.6128810878526092,0.0,92.53045454545455,82.34
2007-12-01,MIG - intermediate goods,France,125.9,"Index, 2021=100",125.5,23.133333333333333,22.223636363636363,-0.28925766272037334,-0.831933850195447,90.99,92.53045454545455
2008-01-01,MIG - intermediate goods,France,128.8,"Index, 2021=100",125.9,24.26347826086956,23.133333333333333,-0.13761859893639725,0.0,92.13391304347826,90.99
2008-02-01,MIG - intermediate goods,France,129.9,"Index, 2021=100",128.8,22.760952380952382,24.26347826086956,0.2608943406309443,-2.502179452682496,95.08047619047619,92.13391304347826
2008-03-01,MIG - intermediate goods,France,126.4,"Index, 2021=100",129.9,23.693333333333335,22.760952380952382,1.0041522754151373,4.248635030337986,103.45190476190476,95.08047619047619
2008-04-01,MIG - intermediate goods,France,127.2,"Index, 2021=100",126.4,25.75318181818182,23.693333333333335,0.06105421820469373,0.0,109.07136363636364,103.45190476190476
2008-05-01,MIG - intermediate goods,France,122.0,"Index, 2021=100",127.2,25.01409090909091,25.75318181818182,1.3761117623094206,0.0,123.11181818181818,109.07136363636364
2008-06-01,MIG - intermediate goods,France,122.7,"Index, 2021=100",122.0,26.552380952380954,25.01409090909091,1.1146900143738558,0.0,132.32238095238094,123.11181818181818
2008-07-01,MIG - intermediate goods,France,122.2,"Index, 2021=100",122.7,25.088260869565215,26.552380952380954,0.5718559213874487,0.0,133.20652173913044,132.32238095238094
2008-08-01,MIG - intermediate goods,France,120.1,"Index, 2021=100",122.2,24.035238095238096,25.088260869565215,-0.46951606860925593,0.0,113.24333333333334,133.20652173913044
2008-09-01,MIG - intermediate goods,France,119.4,"Index, 2021=100",120.1,30.28409090909091,24.035238095238096,0.2624296377427312,-0.7550683370320911,97.97363636363637,113.24333333333334
2008-10-01,MIG - intermediate goods,France,116.7,"Index, 2021=100",119.4,26.14260869565217,30.28409090909091,-2.8871890830034372,-5.276020721573241,71.58217391304348,97.97363636363637
2008-11-01,MIG - intermediate goods,France,107.6,"Index, 2021=100",116.7,23.5355,26.14260869565217,-1.0616536689944311,0.0,52.2995,71.58217391304348
2008-12-01,MIG - intermediate goods,France,100.1,"Index, 2021=100",107.6,21.674347826086954,23.5355,-0.2694383119813248,-2.158283290921576,39.70782608695652,52.2995
2009-01-01,MIG - intermediate goods,France,97.2,"Index, 2021=100",100.1,23.224999999999998,21.674347826086954,1.9606284214617051,0.0,43.09227272727273,39.70782608695652
2009-02-01,MIG - intermediate goods,France,96.9,"Index, 2021=100",97.2,17.725,23.224999999999998,0.07516411002784573,0.0,43.326499999999996,43.09227272727273
2009-03-01,MIG - intermediate goods,France,92.9,"Index, 2021=100",96.9,12.2,17.725,1.147539934894266,1.9198599485884802,46.540454545454544,43.326499999999996
2009-04-01,MIG - intermediate goods,France,93.3,"Index, 2021=100",92.9,11.327272727272726,12.2,-0.6897706760210826,0.0,50.279545454545456,46.540454545454544
2009-05-01,MIG - intermediate goods,France,95.5,"Index, 2021=100",93.3,11.00952380952381,11.327272727272726,0.9371855413099275,2.9437593321208158,57.36904761904762,50.279545454545456
2009-06-01,MIG - intermediate goods,France,97.9,"Index, 2021=100",95.5,10.796818181818182,11.00952380952381,1.0697891624848404,0.0,68.60954545454545,57.36904761904762
2009-07-01,MIG - intermediate goods,France,99.7,"Index, 2021=100",97.9,9.393478260869566,10.796818181818182,-0.8584497443655938,0.0,64.49217391304347,68.60954545454545
2009-08-01,MIG - intermediate goods,France,101.5,"Index, 2021=100",99.7,8.778571428571428,9.393478260869566,1.168814769853965,0.0,72.50857142857143,64.49217391304347
2009-09-01,MIG - intermediate goods,France,101.2,"Index, 2021=100",101.5,9.418181818181818,8.778571428571428,0.12040182675501683,0.7555170574307397,67.56409090909091,72.50857142857143
2009-10-01,MIG - intermediate goods,France,102.9,"Index, 2021=100",101.2,10.340909090909092,9.418181818181818,0.8389514187941388,0.0,72.76954545454545,67.56409090909091
2009-11-01,MIG - intermediate goods,France,102.9,"Index, 2021=100",102.9,9.738095238095237,10.340909090909092,-0.14885123884919385,0.0,76.65761904761905,72.76954545454545
2009-12-01,MIG - intermediate goods,France,102.1,"Index, 2021=100",102.9,11.4,9.738095238095237,-0.8450010635890879,1.281714088367376,74.48652173913044,76.65761904761905
2010-01-01,MIG - intermediate goods,France,100.1,"Index, 2021=100",102.1,14.44047619047619,11.4,-0.48138524271346517,0.0,76.28285714285714,74.48652173913044
2010-02-01,MIG - intermediate goods,France,101.2,"Index, 2021=100",100.1,13.715,14.44047619047619,-0.21414063782099357,0.0,73.639,76.28285714285714
2010-03-01,MIG - intermediate goods,France,102.9,"Index, 2021=100",101.2,11.954782608695652,13.715,-0.5233596426999279,1.5544096531485574,78.82739130434783,73.639
2010-04-01,MIG - intermediate goods,France,104.4,"Index, 2021=100",102.9,13.493181818181819,11.954782608695652,-0.18357082280701043,0.0,84.71818181818182,78.82739130434783
2010-05-01,MIG - intermediate goods,France,105.6,"Index, 2021=100",104.4,16.781904761904762,13.493181818181819,-1.323271263136311,0.0,75.8052380952381,84.71818181818182
2010-06-01,MIG - intermediate goods,France,105.0,"Index, 2021=100",105.6,19.222727272727273,16.781904761904762,0.525869862586917,0.0,74.7609090909091,75.8052380952381
2010-07-01,MIG - intermediate goods,France,105.9,"Index, 2021=100",105.0,19.469545454545454,19.222727272727273,0.04754485195679738,0.0,75.40590909090909,74.7609090909091
2010-08-01,MIG - intermediate goods,France,104.3,"Index, 2021=100",105.9,18.13090909090909,19.469545454545454,-0.07161403937119563,0.0,77.03954545454545,75.40590909090909
2010-09-01,MIG - intermediate goods,France,105.7,"Index, 2021=100",104.3,18.943181818181817,18.13090909090909,-0.1487126906627298,0.0,77.71272727272728,77.03954545454545
2010-10-01,MIG - intermediate goods,France,105.9,"Index, 2021=100",105.7,18.497619047619047,18.943181818181817,0.7103428057964077,-0.4584134038079942,82.6647619047619,77.71272727272728
2010-11-01,MIG - intermediate goods,France,107.8,"Index, 2021=100",105.9,19.477272727272727,18.497619047619047,0.09961570270309454,0.0,85.24090909090908,82.6647619047619
2010-12-01,MIG - intermediate goods,France,106.2,"Index, 2021=100",107.8,24.09478260869565,19.477272727272727,-0.1169385540431611,1.0894693635716877,91.54173913043478,85.24090909090908
2011-01-01,MIG - intermediate goods,France,112.5,"Index, 2021=100",106.2,22.343809523809526,24.09478260869565,-0.13316626923827257,0.0,96.58714285714285,91.54173913043478
2011-02-01,MIG - intermediate goods,France,112.9,"Index, 2021=100",112.5,21.761,22.343809523809526,0.1062714600527813,0.0,103.6405,96.58714285714285
2011-03-01,MIG - intermediate goods,France,111.7,"Index, 2021=100",112.9,23.722608695652173,21.761,1.0735774048683804,0.0,114.64347826086957,103.6405
2011-04-01,MIG - intermediate goods,France,110.3,"Index, 2021=100",111.7,22.854761904761904,23.722608695652173,0.9191065185128502,0.0,123.45380952380954,114.64347826086957
2011-05-01,MIG - intermediate goods,France,112.4,"Index, 2021=100",110.3,22.989545454545453,22.854761904761904,-0.754449697870264,0.0,114.98272727272727,123.45380952380954
2011-06-01,MIG - intermediate goods,France,108.9,"Index, 2021=100",112.4,22.613636363636363,22.989545454545453,-0.5053044665651589,1.5367288900477356,113.83318181818181,114.98272727272727
2011-07-01,MIG - intermediate goods,France,109.4,"Index, 2021=100",108.9,21.51142857142857,22.613636363636363,-0.18652846565540906,0.0,116.63285714285715,113.83318181818181
2011-08-01,MIG - intermediate goods,France,109.0,"Index, 2021=100",109.4,21.93565217391304,21.51142857142857,-1.0228125161863917,0.0,110.3095652173913,116.63285714285715
2011-09-01,MIG - intermediate goods,France,107.2,"Index, 2021=100",109.0,23.39363636363636,21.93565217391304,0.43959634290727284,0.0,112.9740909090909,110.3095652173913
2011-10-01,MIG - intermediate goods,France,105.7,"Index, 2021=100",107.2,22.554761904761904,23.39363636363636,-0.15278013183668757,0.0,109.55000000000001,112.9740909090909
2011-11-01,MIG - intermediate goods,France,108.4,"Index, 2021=100",105.7,23.736363636363638,22.554761904761904,0.8939539270283243,0.0,110.58909090909091,109.55000000000001
2011-12-01,MIG - intermediate goods,France,106.3,"Index, 2021=100",108.4,22.296818181818182,23.736363636363638,-0.356458994127559,-4.916568331324604,107.99863636363635,110.58909090909091
2012-01-01,MIG - intermediate goods,France,107.5,"Index, 2021=100",106.3,21.865454545454543,22.296818181818182,0.20632540358179952,0.0,110.53136363636364,107.99863636363635
2012-02-01,MIG - intermediate goods,France,101.3,"Index, 2021=100",107.5,25.41142857142857,21.865454545454543,-0.029054799009691847,0.0,119.39190476190477,110.53136363636364
2012-03-01,MIG - intermediate goods,France,105.4,"Index, 2021=100",101.3,23.80727272727273,25.41142857142857,0.784751689386223,0.0,125.44545454545455,119.39190476190477
2012-04-01,MIG - intermediate goods,France,102.9,"Index, 2021=100",105.4,24.78952380952381,23.80727272727273,0.24063874434988755,0.0,120.05666666666667,125.44545454545455
2012-05-01,MIG - intermediate goods,France,103.5,"Index, 2021=100",102.9,24.196521739130436,24.78952380952381,-0.3856336478636065,0.0,110.2891304347826,120.05666666666667
2012-06-01,MIG - intermediate goods,France,103.1,"Index, 2021=100",103.5,23.673333333333332,24.196521739130436,-0.36812562156261563,1.490841835031829,95.15571428571428,110.2891304347826
2012-07-01,MIG - intermediate goods,France,102.4,"Index, 2021=100",103.1,24.332727272727276,23.673333333333332,0.6703576310954897,0.0,102.49454545454546,95.15571428571428
2012-08-01,MIG - intermediate goods,France,103.4,"Index, 2021=100",102.4,24.05652173913043,24.332727272727276,0.889111873743037,0.0,113.35608695652174,102.49454545454546
2012-09-01,MIG - intermediate goods,France,103.2,"Index, 2021=100",103.4,25.825499999999998,24.05652173913043,0.366716761812549,0.0,112.917,113.35608695652174
2012-10-01,MIG - intermediate goods,France,101.7,"Index, 2021=100",103.2,26.702173913043477,25.825499999999998,-0.2515652750980356,0.0,111.7108695652174,112.917
2012-11-01,MIG - intermediate goods,France,99.6,"Index, 2021=100",101.7,27.24909090909091,26.702173913043477,-0.07773850880404555,0.0,109.13818181818182,111.7108695652174
2012-12-01,MIG - intermediate goods,France,101.3,"Index, 2021=100",99.6,27.22333333333333,27.24909090909091,-0.28562219812972955,0.9944110031743462,109.44380952380953,109.13818181818182
2013-01-01,MIG - intermediate goods,France,100.4,"Index, 2021=100",101.3,26.51782608695652,27.22333333333333,0.31250565033261724,0.0,112.81173913043479,109.44380952380953
2013-02-01,MIG - intermediate goods,France,102.0,"Index, 2021=100",100.4,26.3165,26.51782608695652,0.16430715373994836,0.0,116.11800000000001,112.81173913043479
2013-03-01,MIG - intermediate goods,France,101.7,"Index, 2021=100",102.0,32.31666666666666,26.3165,-0.383542027094866,0.0,108.47333333333333,116.11800000000001
2013-04-01,MIG - intermediate goods,France,103.9,"Index, 2021=100",101.7,28.575,32.31666666666666,-0.25921885392347294,0.0,102.24818181818182,108.47333333333333
2013-05-01,MIG - intermediate goods,France,102.6,"Index, 2021=100",103.9,26.73304347826087,28.575,0.16248527258302423,-1.3607161850187028,102.50130434782609,102.24818181818182
2013-06-01,MIG - intermediate goods,France,102.7,"Index, 2021=100",102.6,26.23,26.73304347826087,0.1894274611148,0.0,102.9195,102.50130434782609
2013-07-01,MIG - intermediate goods,France,102.9,"Index, 2021=100",102.7,26.070434782608697,26.23,0.6182980381651376,0.0,107.85434782608696,102.9195
2013-08-01,MIG - intermediate goods,France,102.3,"Index, 2021=100",102.9,25.55181818181818,26.070434782608697,-0.07052223294410298,0.0,111.28045454545455,107.85434782608696
2013-09-01,MIG - intermediate goods,France,102.8,"Index, 2021=100",102.3,26.478571428571428,25.55181818181818,0.06362224893820845,0.0,111.8047619047619,111.28045454545455
2013-10-01,MIG - intermediate goods,France,104.0,"Index, 2021=100",102.8,25.868695652173916,26.478571428571428,0.13725652508100525,0.0,109.07652173913044,111.8047619047619
2013-11-01,MIG - intermediate goods,France,103.7,"Index, 2021=100",104.0,27.18047619047619,25.868695652173916,-0.11144201084991862,0.0,107.96,109.07652173913044
2013-12-01,MIG - intermediate goods,France,104.1,"Index, 2021=100",103.7,27.702727272727273,27.18047619047619,0.6426503974155726,1.006536826380158,110.79363636363637,107.96
2014-01-01,MIG - intermediate goods,France,102.8,"Index, 2021=100",104.1,26.253913043478263,27.702727272727273,-0.19812368810882713,0.0,108.19739130434782,110.79363636363637
2014-02-01,MIG - intermediate goods,France,103.7,"Index, 2021=100",102.8,23.849,26.253913043478263,-0.044531303873754494,0.0,108.88700000000001,108.19739130434782
2014-03-01,MIG - intermediate goods,France,104.3,"Index, 2021=100",103.7,22.767142857142858,23.849,0.0514680128382354,0.0,107.48095238095237,108.88700000000001
2014-04-01,MIG - intermediate goods,France,103.4,"Index, 2021=100",104.3,20.423181818181817,22.767142857142858,-0.018508882722691297,0.0,107.84772727272728,107.48095238095237
2014-05-01,MIG - intermediate goods,France,100.5,"Index, 2021=100",103.4,19.08818181818182,20.423181818181817,0.10496074182617701,0.0,109.53909090909092,107.84772727272728
2014-06-01,MIG - intermediate goods,France,102.3,"Index, 2021=100",100.5,17.39190476190476,19.08818181818182,0.3545000070992207,0.42851134062250246,111.79523809523809,109.53909090909092
2014-07-01,MIG - intermediate goods,France,102.7,"Index, 2021=100",102.3,16.50565217391304,17.39190476190476,-0.4381447112306579,0.0,106.86434782608696,111.79523809523809
2014-08-01,MIG - intermediate goods,France,101.3,"Index, 2021=100",102.7,17.497142857142858,16.50565217391304,0.08722188445673984,0.0,101.60809523809523,106.86434782608696
2014-09-01,MIG - intermediate goods,France,101.1,"Index, 2021=100",101.3,20.74863636363636,17.497142857142858,-0.16107172026645272,0.0,97.27454545454545,101.60809523809523
2014-10-01,MIG - intermediate goods,France,100.6,"Index, 2021=100",101.1,21.268260869565218,20.74863636363636,-0.2764119863445895,0.0,87.42521739130434,97.27454545454545
2014-11-01,MIG - intermediate goods,France,100.5,"Index, 2021=100",100.6,22.978,21.268260869565218,-0.9869169148213338,-9.796069628596289,79.3355,87.42521739130434
2014-12-01,MIG - intermediate goods,France,101.7,"Index, 2021=100",100.5,22.520869565217392,22.978,-1.2412203634377712,0.0,62.17565217391304,79.3355
2015-01-01,MIG - intermediate goods,France,101.4,"Index, 2021=100",101.7,19.755,22.520869565217392,-1.689378075003543,0.0,48.08363636363636,62.17565217391304
2015-02-01,MIG - intermediate goods,France,101.8,"Index, 2021=100",101.4,22.566,19.755,1.030226324080852,0.0,58.0955,48.08363636363636
2015-03-01,MIG - intermediate goods,France,102.4,"Index, 2021=100",101.8,21.856818181818184,22.566,-0.2471285840319799,0.0,55.88545454545454,58.0955
2015-04-01,MIG - intermediate goods,France,102.2,"Index, 2021=100",102.4,22.078181818181818,21.856818181818184,0.7630852782137214,0.0,59.35181818181818,55.88545454545454
2015-05-01,MIG - intermediate goods,France,103.2,"Index, 2021=100",102.2,20.548571428571428,22.078181818181818,0.9306750388082086,0.0,64.1047619047619,59.35181818181818
2015-06-01,MIG - intermediate goods,France,102.6,"Index, 2021=100",103.2,20.520454545454545,20.548571428571428,-0.3949488388902102,2.4056171564772404,61.47772727272727,64.1047619047619
2015-07-01,MIG - intermediate goods,France,102.7,"Index, 2021=100",102.6,20.858260869565218,20.520454545454545,-0.8969936335129175,0.0,56.56130434782609,61.47772727272727
2015-08-01,MIG - intermediate goods,France,100.9,"Index, 2021=100",102.7,19.576190476190476,20.858260869565218,-0.6689537169882939,0.0,46.58428571428571,56.56130434782609
2015-09-01,MIG - intermediate goods,France,102.6,"Index, 2021=100",100.9,19.16,19.576190476190476,0.4134260838296521,0.0,47.62318181818182,46.58428571428571
2015-10-01,MIG - intermediate goods,France,103.3,"Index, 2021=100",102.6,18.243636363636366,19.16,-0.17098247375992967,0.0,48.43,47.62318181818182
2015-11-01,MIG - intermediate goods,France,103.5,"Index, 2021=100",103.3,17.202380952380953,18.243636363636366,-0.3748783969247207,0.0,44.26761904761905,48.43
2015-12-01,MIG - intermediate goods,France,102.7,"Index, 2021=100",103.5,15.640869565217391,17.202380952380953,-0.7698627351357819,-1.9668139100704445,37.97130434782609,44.26761904761905
2016-01-01,MIG - intermediate goods,France,104.2,"Index, 2021=100",102.7,13.904285714285715,15.640869565217391,-1.2929579520638326,0.0,30.98095238095238,37.97130434782609
2016-02-01,MIG - intermediate goods,France,103.1,"Index, 2021=100",104.2,12.476666666666667,13.904285714285715,-0.22939651791615284,0.0,32.163333333333334,30.98095238095238
2016-03-01,MIG - intermediate goods,France,101.2,"Index, 2021=100",103.1,12.267826086956523,12.476666666666667,0.9962287899781237,0.0,38.21565217391304,32.163333333333334
2016-04-01,MIG - intermediate goods,France,102.2,"Index, 2021=100",101.2,11.979999999999999,12.267826086956523,-0.15187983491624749,0.0,41.583333333333336,38.21565217391304
2016-05-01,MIG - intermediate goods,France,101.2,"Index, 2021=100",102.2,13.04090909090909,11.979999999999999,0.6792464128472383,0.0,46.84909090909091,41.583333333333336
2016-06-01,MIG - intermediate goods,France,100.7,"Index, 2021=100",101.2,14.41590909090909,13.04090909090909,-0.1770446016289529,0.582575139176583,48.24727272727273,46.84909090909091
2016-07-01,MIG - intermediate goods,France,101.6,"Index, 2021=100",100.7,14.241904761904761,14.41590909090909,-0.4528878840711025,0.0,44.951904761904764,48.24727272727273
2016-08-01,MIG - intermediate goods,France,104.0,"Index, 2021=100",101.6,11.980869565217391,14.241904761904761,0.1189274105169856,0.0,45.843043478260874,44.951904761904764
2016-09-01,MIG - intermediate goods,France,103.9,"Index, 2021=100",104.0,12.282272727272726,11.980869565217391,0.24870447283671346,1.4727297897900193,46.567727272727275,45.843043478260874
2016-10-01,MIG - intermediate goods,France,101.7,"Index, 2021=100",103.9,16.093809523809526,12.282272727272726,0.41093056832079616,0.0,49.522380952380956,46.567727272727275
2016-11-01,MIG - intermediate goods,France,105.5,"Index, 2021=100",101.7,17.90590909090909,16.093809523809526,-0.5793797051617606,7.91404059403762,44.73409090909091,49.522380952380956
2016-12-01,MIG - intermediate goods,France,105.0,"Index, 2021=100",105.5,17.689545454545456,17.90590909090909,0.7086845393102761,2.0404579621780123,53.365,44.73409090909091
2017-01-01,MIG - intermediate goods,France,102.4,"Index, 2021=100",105.0,20.12272727272727,17.689545454545456,0.08901653408704874,0.0,54.59409090909091,53.365
2017-02-01,MIG - intermediate goods,France,104.0,"Index, 2021=100",102.4,19.553,20.12272727272727,-0.03179032404754296,0.0,54.8695,54.59409090909091
2017-03-01,MIG - intermediate goods,France,106.4,"Index, 2021=100",104.0,15.799130434782608,19.553,-1.4425063041961181,0.0,51.589130434782604,54.8695
2017-04-01,MIG - intermediate goods,France,104.8,"Index, 2021=100",106.4,16.058,15.799130434782608,0.21703780157455996,0.0,52.44500000000001,51.589130434782604
2017-05-01,MIG - intermediate goods,France,106.6,"Index, 2021=100",104.8,15.669130434782607,16.058,-0.8328997339371286,-4.41644778310952,50.326521739130435,52.44500000000001
2017-06-01,MIG - intermediate goods,France,106.2,"Index, 2021=100",106.6,15.134545454545453,15.669130434782607,-0.26420964099602673,0.0,46.36818181818182,50.326521739130435
2017-07-01,MIG - intermediate goods,France,106.5,"Index, 2021=100",106.2,15.095714285714285,15.134545454545453,-0.1449934034705647,0.0,48.47857142857143,46.36818181818182
2017-08-01,MIG - intermediate goods,France,106.5,"Index, 2021=100",106.5,15.99304347826087,15.095714285714285,-0.1520757414392232,0.0,51.70434782608696,48.47857142857143
2017-09-01,MIG - intermediate goods,France,107.2,"Index, 2021=100",106.5,17.302857142857142,15.99304347826087,0.32443706724488564,0.0,56.152857142857144,51.70434782608696
2017-10-01,MIG - intermediate goods,France,108.0,"Index, 2021=100",107.2,17.10363636363636,17.302857142857142,-0.3486109778555899,0.0,57.50772727272727,56.152857142857144
2017-11-01,MIG - intermediate goods,France,107.6,"Index, 2021=100",108.0,19.57090909090909,17.10363636363636,0.12556813519738738,0.21630901693183507,62.71409090909091,57.50772727272727
2017-12-01,MIG - intermediate goods,France,109.0,"Index, 2021=100",107.6,20.795238095238094,19.57090909090909,-0.1117328946322315,0.0,64.39619047619047,62.71409090909091
2018-01-01,MIG - intermediate goods,France,105.5,"Index, 2021=100",109.0,18.6,20.795238095238094,0.7325011228803984,0.0,68.97521739130435,64.39619047619047
2018-02-01,MIG - intermediate goods,France,104.2,"Index, 2021=100",105.5,21.679,18.6,-0.5046465050387093,0.0,65.3175,68.97521739130435
2018-03-01,MIG - intermediate goods,France,104.9,"Index, 2021=100",104.2,23.622727272727275,21.679,-0.10225293145429594,0.0,66.1531818181818,65.3175
2018-04-01,MIG - intermediate goods,France,105.8,"Index, 2021=100",104.9,19.645238095238096,23.622727272727275,0.47425564352743266,0.0,71.95904761904762,66.1531818181818
2018-05-01,MIG - intermediate goods,France,105.6,"Index, 2021=100",105.8,21.566086956521737,19.645238095238096,0.5388658853656386,0.0,76.86217391304348,71.95904761904762
2018-06-01,MIG - intermediate goods,France,106.3,"Index, 2021=100",105.6,21.92761904761905,21.566086956521737,-0.5831886971683538,-0.4130092757360921,74.4047619047619,76.86217391304348
2018-07-01,MIG - intermediate goods,France,104.0,"Index, 2021=100",106.3,22.253636363636364,21.92761904761905,0.5294960350409211,0.0,74.2540909090909,74.4047619047619
2018-08-01,MIG - intermediate goods,France,105.9,"Index, 2021=100",104.0,23.94347826086957,22.253636363636364,-0.20893271379353645,0.0,72.52826086956522,74.2540909090909
2018-09-01,MIG - intermediate goods,France,104.4,"Index, 2021=100",105.9,27.837,23.94347826086957,0.6564596940208821,0.0,78.89099999999999,72.52826086956522
2018-10-01,MIG - intermediate goods,France,106.3,"Index, 2021=100",104.4,25.539565217391303,27.837,0.12149689586130322,0.0,81.03217391304348,78.89099999999999
2018-11-01,MIG - intermediate goods,France,104.0,"Index, 2021=100",106.3,24.633636363636366,25.539565217391303,-1.3685992177175907,0.0,64.74818181818182,81.03217391304348
2018-12-01,MIG - intermediate goods,France,106.5,"Index, 2021=100",104.0,23.666190476190476,24.633636363636366,-0.2447966896801907,2.07348679679867,56.26285714285714,64.74818181818182
2019-01-01,MIG - intermediate goods,France,106.2,"Index, 2021=100",106.5,21.39782608695652,23.666190476190476,0.35962477880472876,0.0,59.025217391304345,56.26285714285714
2019-02-01,MIG - intermediate goods,France,105.3,"Index, 2021=100",106.2,18.0035,21.39782608695652,0.1517462342010795,0.0,63.9605,59.025217391304345
2019-03-01,MIG - intermediate goods,France,106.1,"Index, 2021=100",105.3,15.697619047619046,18.0035,-0.17808513427363806,0.0,66.13857142857144,63.9605
2019-04-01,MIG - intermediate goods,France,104.8,"Index, 2021=100",106.1,15.041818181818183,15.697619047619046,0.3628493694964929,0.0,71.20954545454545,66.13857142857144
2019-05-01,MIG - intermediate goods,France,105.9,"Index, 2021=100",104.8,13.298695652173913,15.041818181818183,-0.7347359961140314,0.0,71.17260869565217,71.20954545454545
2019-06-01,MIG - intermediate goods,France,104.2,"Index, 2021=100",105.9,10.5225,13.298695652173913,-0.33975076992957615,0.0,64.2205,71.17260869565217
2019-07-01,MIG - intermediate goods,France,104.3,"Index, 2021=100",104.2,10.941304347826087,10.5225,0.3395291323618024,-4.251048097619388,63.9191304347826,64.2205
2019-08-01,MIG - intermediate goods,France,103.5,"Index, 2021=100",104.3,10.029545454545454,10.941304347826087,-0.3748389650611249,0.0,59.041818181818186,63.9191304347826
2019-09-01,MIG - intermediate goods,France,104.0,"Index, 2021=100",103.5,9.568095238095239,10.029545454545454,0.48197852185687173,0.0,62.826666666666675,59.041818181818186
2019-10-01,MIG - intermediate goods,France,103.4,"Index, 2021=100",104.0,10.30913043478261,9.568095238095239,-0.3400181888327622,0.0,59.71304347826087,62.826666666666675
2019-11-01,MIG - intermediate goods,France,101.0,"Index, 2021=100",103.4,14.763809523809524,10.30913043478261,0.4635132466348744,0.0,63.21190476190476,59.71304347826087
2019-12-01,MIG - intermediate goods,France,99.5,"Index, 2021=100",101.0,13.031363636363636,14.763809523809524,0.4622502963974788,1.090508505035817,67.31,63.21190476190476
2020-01-01,MIG - intermediate goods,France,102.1,"Index, 2021=100",99.5,11.144782608695651,13.031363636363636,1.4414572982744303,0.0,63.82478260869566,67.31
2020-02-01,MIG - intermediate goods,France,104.6,"Index, 2021=100",102.1,9.3725,11.144782608695651,-0.8114535624060095,0.0,55.702,63.82478260869566
2020-03-01,MIG - intermediate goods,France,80.3,"Index, 2021=100",104.6,8.622727272727273,9.3725,-1.9239758097171007,-8.007737426749562,31.993636363636366,55.702
2020-04-01,MIG - intermediate goods,France,63.2,"Index, 2021=100",80.3,6.54,8.622727272727273,1.3138212739143362,3.0940649462160628,18.546818181818182,31.993636363636366
2020-05-01,MIG - intermediate goods,France,80.9,"Index, 2021=100",63.2,4.575714285714286,6.54,0.7414620048035757,0.0,29.344285714285714,18.546818181818182
2020-06-01,MIG - intermediate goods,France,90.4,"Index, 2021=100",80.9,4.991818181818181,4.575714285714286,-0.674179631293128,-3.149840310433884,40.26681818181818,29.344285714285714
2020-07-01,MIG - intermediate goods,France,95.2,"Index, 2021=100",90.4,4.879565217391304,4.991818181818181,-0.07202838847948002,0.0,43.24217391304348,40.26681818181818
2020-08-01,MIG - intermediate goods,France,97.2,"Index, 2021=100",95.2,7.533333333333333,4.879565217391304,-0.7379957308695794,0.0,44.75904761904762,43.24217391304348
2020-09-01,MIG - intermediate goods,France,97.6,"Index, 2021=100",97.2,11.161818181818182,7.533333333333333,-0.5826109751692493,0.0,40.90954545454545,44.75904761904762
2020-10-01,MIG - intermediate goods,France,98.9,"Index, 2021=100",97.6,13.955454545454545,11.161818181818182,-0.291036694449014,0.0,40.18954545454546,40.90954545454545
2020-11-01,MIG - intermediate goods,France,101.4,"Index, 2021=100",98.9,13.794285714285715,13.955454545454545,-0.1676225177801478,0.0,42.69238095238095,40.18954545454546
2020-12-01,MIG - intermediate goods,France,100.7,"Index, 2021=100",101.4,16.34565217391304,13.794285714285715,-0.06503074006202851,0.563137829641395,50.03217391304348,42.69238095238095
2021-01-01,MIG - intermediate goods,France,101.7,"Index, 2021=100",100.7,20.476190476190474,16.34565217391304,-0.5778110950222807,3.899417998430563,54.60476190476191,50.03217391304348
2021-02-01,MIG - intermediate goods,France,99.4,"Index, 2021=100",101.7,17.4085,20.476190476190474,0.26866362438390906,0.0,62.2765,54.60476190476191
2021-03-01,MIG - intermediate goods,France,99.7,"Index, 2021=100",99.4,17.795217391304348,17.4085,0.3009824618650811,3.5419347237958796,65.41,62.2765
2021-04-01,MIG - intermediate goods,France,100.5,"Index, 2021=100",99.7,20.775454545454547,17.795217391304348,0.5129892999970512,5.991632222929873,64.71954545454545,65.41
2021-05-01,MIG - intermediate goods,France,99.3,"Index, 2021=100",100.5,25.285238095238096,20.775454545454547,0.8992703670969532,0.0,68.5352380952381,64.71954545454545
2021-06-01,MIG - intermediate goods,France,99.8,"Index, 2021=100",99.3,29.238636363636363,25.285238095238096,0.36360474028399664,2.2925007532095663,73.1640909090909,68.5352380952381
2021-07-01,MIG - intermediate goods,France,100.4,"Index, 2021=100",99.8,36.13954545454545,29.238636363636363,0.019142986170709916,-9.851298268875022,75.1659090909091,73.1640909090909
2021-08-01,MIG - intermediate goods,France,98.9,"Index, 2021=100",100.4,44.30409090909091,36.13954545454545,-0.3147083142103972,0.0,70.81590909090909,75.1659090909091
2021-09-01,MIG - intermediate goods,France,99.1,"Index, 2021=100",98.9,64.45363636363636,44.30409090909091,1.015760795186652,0.4390282348823775,74.48863636363636,70.81590909090909
2021-10-01,MIG - intermediate goods,France,100.1,"Index, 2021=100",99.1,87.69238095238094,64.45363636363636,0.7705932795655408,2.361261487325598,83.53809523809524,74.48863636363636
2021-11-01,MIG - intermediate goods,France,100.8,"Index, 2021=100",100.1,81.92136363636364,87.69238095238094,-0.5218341421272874,-1.0130750354233125,81.05,83.53809523809524
2021-12-01,MIG - intermediate goods,France,100.5,"Index, 2021=100",100.8,112.80739130434783,81.92136363636364,-0.49656758152090014,1.7069751201240932,74.26347826086956,81.05
2022-01-01,MIG - intermediate goods,France,102.9,"Index, 2021=100",100.5,84.06952380952382,112.80739130434783,0.8522287791057341,1.4985078326623733,86.50523809523808,74.26347826086956
2022-02-01,MIG - intermediate goods,France,101.1,"Index, 2021=100",102.9,81.164,84.06952380952382,0.20967705216092372,0.6492342056890332,97.12899999999999,86.50523809523808
2022-03-01,MIG - intermediate goods,France,100.6,"Index, 2021=100",101.1,129.18304347826088,81.164,1.1589724435645128,1.020230642989599,117.24521739130434,97.12899999999999
2022-04-01,MIG - intermediate goods,France,98.1,"Index, 2021=100",100.6,101.06238095238095,129.18304347826088,-0.41804567878166843,0.0,105.17095238095239,117.24521739130434
2022-05-01,MIG - intermediate goods,France,99.7,"Index, 2021=100",98.1,88.58863636363637,101.06238095238095,0.8079062673307621,0.4644825107300398,113.11136363636363,105.17095238095239
2022-06-01,MIG - intermediate goods,France,100.0,"Index, 2021=100",99.7,106.29454545454546,88.58863636363637,0.2666071424046354,-2.121493222584776,122.68772727272727,113.11136363636363
2022-07-01,MIG - intermediate goods,France,97.8,"Index, 2021=100",100.0,171.41666666666666,106.29454545454546,-1.5284523643533043,0.0,111.92571428571429,122.68772727272727
2022-08-01,MIG - intermediate goods,France,100.7,"Index, 2021=100",97.8,235.68391304347824,171.41666666666666,-0.8625649365210946,-2.904996658248558,100.47608695652173,111.92571428571429
2022-09-01,MIG - intermediate goods,France,99.0,"Index, 2021=100",100.7,190.24181818181816,235.68391304347824,-0.6092331240191604,0.5554531127177963,89.74954545454545,100.47608695652173
2022-10-01,MIG - intermediate goods,France,98.0,"Index, 2021=100",99.0,72.15047619047618,190.24181818181816,0.8249900068007756,2.4641871317219377,93.33190476190477,89.74954545454545
2022-11-01,MIG - intermediate goods,France,98.9,"Index, 2021=100",98.0,96.28181818181817,72.15047619047618,-0.31727729228827767,0.0,91.41545454545455,93.33190476190477
2022-12-01,MIG - intermediate goods,France,97.3,"Index, 2021=100",98.9,113.99181818181819,96.28181818181817,-0.5175798710392452,-2.8790551863806995,81.06272727272727,91.41545454545455
2023-01-01,MIG - intermediate goods,France,95.3,"Index, 2021=100",97.3,63.004090909090905,113.99181818181819,0.16272770514393026,0.0,82.51590909090909,81.06272727272727
2023-02-01,MIG - intermediate goods,France,94.6,"Index, 2021=100",95.3,53.352999999999994,63.004090909090905,-0.3578309492217428,0.0,82.58500000000001,82.51590909090909
2023-03-01,MIG - intermediate goods,France,94.6,"Index, 2021=100",94.6,44.18782608695652,53.352999999999994,-0.5444578687975978,0.0,78.43434782608696,82.58500000000001
2023-04-01,MIG - intermediate goods,France,94.5,"Index, 2021=100",94.6,42.585,44.18782608695652,0.7779760977112515,0.0,84.8305,78.43434782608696
2023-05-01,MIG - intermediate goods,France,97.2,"Index, 2021=100",94.5,31.335652173913044,42.585,-0.9911199872566404,0.0,75.77478260869565,84.8305
2023-06-01,MIG - intermediate goods,France,93.7,"Index, 2021=100",97.2,32.39909090909091,31.335652173913044,0.10438583996063543,0.4626838105740375,74.83909090909091,75.77478260869565
2023-07-01,MIG - intermediate goods,France,94.2,"Index, 2021=100",93.7,29.665714285714287,32.39909090909091,0.3105036346079896,0.0,80.10809523809523,74.83909090909091
2023-08-01,MIG - intermediate goods,France,95.4,"Index, 2021=100",94.2,33.52304347826087,29.665714285714287,0.2634335721723802,0.0,86.11608695652174,80.10809523809523
2023-09-01,MIG - intermediate goods,France,96.0,"Index, 2021=100",95.4,36.52761904761905,33.52304347826087,0.4709271233739839,0.0,93.72238095238096,86.11608695652174
2023-10-01,MIG - intermediate goods,France,94.7,"Index, 2021=100",96.0,43.264545454545456,36.52761904761905,-0.16534366151930893,0.0,90.59590909090909,93.72238095238096
2023-11-01,MIG - intermediate goods,France,94.3,"Index, 2021=100",94.7,43.269090909090906,43.264545454545456,-0.571544726123262,-2.4651491943871404,82.94,90.59590909090909
2023-12-01,MIG - intermediate goods,France,95.6,"Index, 2021=100",94.3,35.318571428571424,43.269090909090906,0.011208893183722398,0.0,77.87857142857143,82.94
2004-01-01,MIG - non-durable consumer goods,France,97.9,"Index, 2021=100",97.9,11.36,11.36,0.44154017195044576,0.0,31.236363636363638,29.77608695652174
2004-02-01,MIG - non-durable consumer goods,France,97.7,"Index, 2021=100",97.9,10.7975,11.36,-0.08581088034809001,2.694076911628696,30.8585,31.236363636363638
2004-03-01,MIG - non-durable consumer goods,France,98.0,"Index, 2021=100",97.7,10.900434782608697,10.7975,0.2813203494904621,-0.667869132781252,33.63434782608696,30.8585
2004-04-01,MIG - non-durable consumer goods,France,96.6,"Index, 2021=100",98.0,10.974545454545455,10.900434782608697,-0.6033863591783445,0.0,33.59090909090909,33.63434782608696
2004-05-01,MIG - non-durable consumer goods,France,97.1,"Index, 2021=100",96.6,11.221904761904762,10.974545454545455,0.5969780334499486,0.0,37.56761904761905,33.59090909090909
2004-06-01,MIG - non-durable consumer goods,France,97.8,"Index, 2021=100",97.1,10.607727272727272,11.221904761904762,-0.0108376887124877,-0.8697021883599181,35.18363636363636,37.56761904761905
2004-07-01,MIG - non-durable consumer goods,France,96.6,"Index, 2021=100",97.8,10.656818181818181,10.607727272727272,-0.18225670383212336,0.0,38.221363636363634,35.18363636363636
2004-08-01,MIG - non-durable consumer goods,France,94.7,"Index, 2021=100",96.6,12.030909090909091,10.656818181818181,0.41307128781677527,0.0,42.74409090909091,38.221363636363634
2004-09-01,MIG - non-durable consumer goods,France,96.0,"Index, 2021=100",94.7,12.784999999999998,12.030909090909091,0.020228290770040784,-1.6071356282661176,43.19681818181818,42.74409090909091
2004-10-01,MIG - non-durable consumer goods,France,96.3,"Index, 2021=100",96.0,12.065238095238096,12.784999999999998,0.8379242805985881,0.0,49.776666666666664,43.19681818181818
2004-11-01,MIG - non-durable consumer goods,France,96.4,"Index, 2021=100",96.3,12.959545454545456,12.065238095238096,-0.22862171681724705,0.0,43.110454545454544,49.776666666666664
2004-12-01,MIG - non-durable consumer goods,France,95.5,"Index, 2021=100",96.4,14.537391304347826,12.959545454545456,-0.8713033012256369,-3.1596202022297115,39.60217391304348,43.110454545454544
2005-01-01,MIG - non-durable consumer goods,France,96.3,"Index, 2021=100",95.5,14.123333333333331,14.537391304347826,0.2661415106984759,2.159954265104334,44.31238095238095,39.60217391304348
2005-02-01,MIG - non-durable consumer goods,France,95.8,"Index, 2021=100",96.3,16.8315,14.123333333333331,0.33553585232891664,0.0,45.475,44.31238095238095
2005-03-01,MIG - non-durable consumer goods,France,93.6,"Index, 2021=100",95.8,18.585217391304347,16.8315,0.5751930208570617,3.0421593263989704,53.071739130434786,45.475
2005-04-01,MIG - non-durable consumer goods,France,96.1,"Index, 2021=100",93.6,14.80857142857143,18.585217391304347,-0.5666684540474421,0.0,51.88380952380952,53.071739130434786
2005-05-01,MIG - non-durable consumer goods,France,94.9,"Index, 2021=100",96.1,14.289090909090909,14.80857142857143,-0.10846214234396483,0.0,48.64545454545455,51.88380952380952
2005-06-01,MIG - non-durable consumer goods,France,94.5,"Index, 2021=100",94.9,14.356363636363636,14.289090909090909,0.503989891285571,0.3374585671050337,54.35454545454545,48.64545454545455
2005-07-01,MIG - non-durable consumer goods,France,94.5,"Index, 2021=100",94.5,15.540952380952382,14.356363636363636,0.563468443674944,0.0,57.52,54.35454545454545
2005-08-01,MIG - non-durable consumer goods,France,96.3,"Index, 2021=100",94.5,15.107826086956523,15.540952380952382,0.718752317958703,0.0,63.98347826086956,57.52
2005-09-01,MIG - non-durable consumer goods,France,96.6,"Index, 2021=100",96.3,14.746363636363638,15.107826086956523,1.1148474280757803,-1.6643240899907965,62.908181818181816,63.98347826086956
2005-10-01,MIG - non-durable consumer goods,France,94.8,"Index, 2021=100",96.6,15.534761904761906,14.746363636363638,-1.0533079897254418,0.0,58.53857142857142,62.908181818181816
2005-11-01,MIG - non-durable consumer goods,France,96.8,"Index, 2021=100",94.8,19.15909090909091,15.534761904761906,-1.2341397270208476,0.0,55.24181818181818,58.53857142857142
2005-12-01,MIG - non-durable consumer goods,France,96.7,"Index, 2021=100",96.8,22.903636363636362,19.15909090909091,-0.03924653272715153,2.9526028347999587,56.84136363636364,55.24181818181818
2006-01-01,MIG - non-durable consumer goods,France,93.1,"Index, 2021=100",96.7,25.694999999999997,22.903636363636362,0.19348656521120655,-0.15180339953147387,62.77409090909091,56.84136363636364
2006-02-01,MIG - non-durable consumer goods,France,94.0,"Index, 2021=100",93.1,22.324,25.694999999999997,-0.6518974343740799,0.0,60.21,62.77409090909091
2006-03-01,MIG - non-durable consumer goods,France,96.8,"Index, 2021=100",94.0,26.028260869565216,22.324,-0.07863751143875931,-1.827456416166897,62.06478260869565,60.21
2006-04-01,MIG - non-durable consumer goods,France,95.3,"Index, 2021=100",96.8,21.387999999999998,26.028260869565216,0.6237237514902355,0.0,70.173,62.06478260869565
2006-05-01,MIG - non-durable consumer goods,France,96.1,"Index, 2021=100",95.3,19.692608695652176,21.387999999999998,-0.3540726086115883,0.0,69.77695652173912,70.173
2006-06-01,MIG - non-durable consumer goods,France,95.0,"Index, 2021=100",96.1,19.58409090909091,19.692608695652176,-0.31545669169778073,-1.1833322763183536,68.5559090909091,69.77695652173912
2006-07-01,MIG - non-durable consumer goods,France,96.4,"Index, 2021=100",95.0,19.847619047619048,19.58409090909091,0.28310573574819875,0.0,73.67428571428572,68.5559090909091
2006-08-01,MIG - non-durable consumer goods,France,95.3,"Index, 2021=100",96.4,17.97826086956522,19.847619047619048,-0.1782674258490434,0.0,73.2304347826087,73.67428571428572
2006-09-01,MIG - non-durable consumer goods,France,95.7,"Index, 2021=100",95.3,15.951428571428572,17.97826086956522,-1.0773599355773278,-1.1265879387430244,61.95857142857143,73.2304347826087
2006-10-01,MIG - non-durable consumer goods,France,95.6,"Index, 2021=100",95.7,14.200454545454546,15.951428571428572,-0.713482353040865,-1.0147867419479089,57.808181818181815,61.95857142857143
2006-11-01,MIG - non-durable consumer goods,France,95.4,"Index, 2021=100",95.6,19.87272727272727,14.200454545454546,-0.6336040683167151,0.0,58.76136363636363,57.808181818181815
2006-12-01,MIG - non-durable consumer goods,France,95.9,"Index, 2021=100",95.4,16.45809523809524,19.87272727272727,0.06279864252157119,1.7594994847040366,62.41952380952381,58.76136363636363
2007-01-01,MIG - non-durable consumer goods,France,96.9,"Index, 2021=100",95.9,13.603478260869565,16.45809523809524,-0.8815456486489374,0.0,53.748695652173915,62.41952380952381
2007-02-01,MIG - non-durable consumer goods,France,96.7,"Index, 2021=100",96.9,9.310500000000001,13.603478260869565,0.5012149220613668,0.0,57.516999999999996,53.748695652173915
2007-03-01,MIG - non-durable consumer goods,France,96.0,"Index, 2021=100",96.7,10.338636363636363,9.310500000000001,0.001407425353364094,-0.689195928658093,62.05045454545455,57.516999999999996
2007-04-01,MIG - non-durable consumer goods,France,96.8,"Index, 2021=100",96.0,8.91904761904762,10.338636363636363,0.23160567911181562,0.0,67.64428571428572,62.05045454545455
2007-05-01,MIG - non-durable consumer goods,France,97.7,"Index, 2021=100",96.8,11.71391304347826,8.91904761904762,-0.29762578435044224,0.0,67.36478260869566,67.64428571428572
2007-06-01,MIG - non-durable consumer goods,France,96.4,"Index, 2021=100",97.7,10.586190476190476,11.71391304347826,0.16535936703141824,0.0,71.04571428571428,67.36478260869566
2007-07-01,MIG - non-durable consumer goods,France,95.4,"Index, 2021=100",96.4,14.946363636363635,10.586190476190476,0.18880782596297765,0.0,76.80863636363637,71.04571428571428
2007-08-01,MIG - non-durable consumer goods,France,97.4,"Index, 2021=100",95.4,14.281304347826088,14.946363636363635,-0.5681005018139146,0.0,70.76086956521739,76.80863636363637
2007-09-01,MIG - non-durable consumer goods,France,95.4,"Index, 2021=100",97.4,17.057,14.281304347826088,1.0001793364551819,1.1859376565060231,76.929,70.76086956521739
2007-10-01,MIG - non-durable consumer goods,France,96.8,"Index, 2021=100",95.4,20.13478260869565,17.057,0.10198579635873983,0.0,82.34,76.929
2007-11-01,MIG - non-durable consumer goods,France,95.0,"Index, 2021=100",96.8,22.223636363636363,20.13478260869565,0.6128810878526092,0.0,92.53045454545455,82.34
2007-12-01,MIG - non-durable consumer goods,France,95.8,"Index, 2021=100",95.0,23.133333333333333,22.223636363636363,-0.28925766272037334,-0.831933850195447,90.99,92.53045454545455
2008-01-01,MIG - non-durable consumer goods,France,95.7,"Index, 2021=100",95.8,24.26347826086956,23.133333333333333,-0.13761859893639725,0.0,92.13391304347826,90.99
2008-02-01,MIG - non-durable consumer goods,France,96.2,"Index, 2021=100",95.7,22.760952380952382,24.26347826086956,0.2608943406309443,-2.502179452682496,95.08047619047619,92.13391304347826
2008-03-01,MIG - non-durable consumer goods,France,94.7,"Index, 2021=100",96.2,23.693333333333335,22.760952380952382,1.0041522754151373,4.248635030337986,103.45190476190476,95.08047619047619
2008-04-01,MIG - non-durable consumer goods,France,94.9,"Index, 2021=100",94.7,25.75318181818182,23.693333333333335,0.06105421820469373,0.0,109.07136363636364,103.45190476190476
2008-05-01,MIG - non-durable consumer goods,France,92.3,"Index, 2021=100",94.9,25.01409090909091,25.75318181818182,1.3761117623094206,0.0,123.11181818181818,109.07136363636364
2008-06-01,MIG - non-durable consumer goods,France,92.0,"Index, 2021=100",92.3,26.552380952380954,25.01409090909091,1.1146900143738558,0.0,132.32238095238094,123.11181818181818
2008-07-01,MIG - non-durable consumer goods,France,92.2,"Index, 2021=100",92.0,25.088260869565215,26.552380952380954,0.5718559213874487,0.0,133.20652173913044,132.32238095238094
2008-08-01,MIG - non-durable consumer goods,France,92.4,"Index, 2021=100",92.2,24.035238095238096,25.088260869565215,-0.46951606860925593,0.0,113.24333333333334,133.20652173913044
2008-09-01,MIG - non-durable consumer goods,France,92.9,"Index, 2021=100",92.4,30.28409090909091,24.035238095238096,0.2624296377427312,-0.7550683370320911,97.97363636363637,113.24333333333334
2008-10-01,MIG - non-durable consumer goods,France,95.0,"Index, 2021=100",92.9,26.14260869565217,30.28409090909091,-2.8871890830034372,-5.276020721573241,71.58217391304348,97.97363636363637
2008-11-01,MIG - non-durable consumer goods,France,92.1,"Index, 2021=100",95.0,23.5355,26.14260869565217,-1.0616536689944311,0.0,52.2995,71.58217391304348
2008-12-01,MIG - non-durable consumer goods,France,94.0,"Index, 2021=100",92.1,21.674347826086954,23.5355,-0.2694383119813248,-2.158283290921576,39.70782608695652,52.2995
2009-01-01,MIG - non-durable consumer goods,France,91.0,"Index, 2021=100",94.0,23.224999999999998,21.674347826086954,1.9606284214617051,0.0,43.09227272727273,39.70782608695652
2009-02-01,MIG - non-durable consumer goods,France,88.2,"Index, 2021=100",91.0,17.725,23.224999999999998,0.07516411002784573,0.0,43.326499999999996,43.09227272727273
2009-03-01,MIG - non-durable consumer goods,France,88.9,"Index, 2021=100",88.2,12.2,17.725,1.147539934894266,1.9198599485884802,46.540454545454544,43.326499999999996
2009-04-01,MIG - non-durable consumer goods,France,88.6,"Index, 2021=100",88.9,11.327272727272726,12.2,-0.6897706760210826,0.0,50.279545454545456,46.540454545454544
2009-05-01,MIG - non-durable consumer goods,France,91.2,"Index, 2021=100",88.6,11.00952380952381,11.327272727272726,0.9371855413099275,2.9437593321208158,57.36904761904762,50.279545454545456
2009-06-01,MIG - non-durable consumer goods,France,91.8,"Index, 2021=100",91.2,10.796818181818182,11.00952380952381,1.0697891624848404,0.0,68.60954545454545,57.36904761904762
2009-07-01,MIG - non-durable consumer goods,France,91.7,"Index, 2021=100",91.8,9.393478260869566,10.796818181818182,-0.8584497443655938,0.0,64.49217391304347,68.60954545454545
2009-08-01,MIG - non-durable consumer goods,France,90.3,"Index, 2021=100",91.7,8.778571428571428,9.393478260869566,1.168814769853965,0.0,72.50857142857143,64.49217391304347
2009-09-01,MIG - non-durable consumer goods,France,94.8,"Index, 2021=100",90.3,9.418181818181818,8.778571428571428,0.12040182675501683,0.7555170574307397,67.56409090909091,72.50857142857143
2009-10-01,MIG - non-durable consumer goods,France,89.5,"Index, 2021=100",94.8,10.340909090909092,9.418181818181818,0.8389514187941388,0.0,72.76954545454545,67.56409090909091
2009-11-01,MIG - non-durable consumer goods,France,92.9,"Index, 2021=100",89.5,9.738095238095237,10.340909090909092,-0.14885123884919385,0.0,76.65761904761905,72.76954545454545
2009-12-01,MIG - non-durable consumer goods,France,92.8,"Index, 2021=100",92.9,11.4,9.738095238095237,-0.8450010635890879,1.281714088367376,74.48652173913044,76.65761904761905
2010-01-01,MIG - non-durable consumer goods,France,91.3,"Index, 2021=100",92.8,14.44047619047619,11.4,-0.48138524271346517,0.0,76.28285714285714,74.48652173913044
2010-02-01,MIG - non-durable consumer goods,France,91.1,"Index, 2021=100",91.3,13.715,14.44047619047619,-0.21414063782099357,0.0,73.639,76.28285714285714
2010-03-01,MIG - non-durable consumer goods,France,92.5,"Index, 2021=100",91.1,11.954782608695652,13.715,-0.5233596426999279,1.5544096531485574,78.82739130434783,73.639
2010-04-01,MIG - non-durable consumer goods,France,90.4,"Index, 2021=100",92.5,13.493181818181819,11.954782608695652,-0.18357082280701043,0.0,84.71818181818182,78.82739130434783
2010-05-01,MIG - non-durable consumer goods,France,92.1,"Index, 2021=100",90.4,16.781904761904762,13.493181818181819,-1.323271263136311,0.0,75.8052380952381,84.71818181818182
2010-06-01,MIG - non-durable consumer goods,France,91.8,"Index, 2021=100",92.1,19.222727272727273,16.781904761904762,0.525869862586917,0.0,74.7609090909091,75.8052380952381
2010-07-01,MIG - non-durable consumer goods,France,94.1,"Index, 2021=100",91.8,19.469545454545454,19.222727272727273,0.04754485195679738,0.0,75.40590909090909,74.7609090909091
2010-08-01,MIG - non-durable consumer goods,France,91.1,"Index, 2021=100",94.1,18.13090909090909,19.469545454545454,-0.07161403937119563,0.0,77.03954545454545,75.40590909090909
2010-09-01,MIG - non-durable consumer goods,France,90.7,"Index, 2021=100",91.1,18.943181818181817,18.13090909090909,-0.1487126906627298,0.0,77.71272727272728,77.03954545454545
2010-10-01,MIG - non-durable consumer goods,France,91.3,"Index, 2021=100",90.7,18.497619047619047,18.943181818181817,0.7103428057964077,-0.4584134038079942,82.6647619047619,77.71272727272728
2010-11-01,MIG - non-durable consumer goods,France,91.5,"Index, 2021=100",91.3,19.477272727272727,18.497619047619047,0.09961570270309454,0.0,85.24090909090908,82.6647619047619
2010-12-01,MIG - non-durable consumer goods,France,91.4,"Index, 2021=100",91.5,24.09478260869565,19.477272727272727,-0.1169385540431611,1.0894693635716877,91.54173913043478,85.24090909090908
2011-01-01,MIG - non-durable consumer goods,France,93.0,"Index, 2021=100",91.4,22.343809523809526,24.09478260869565,-0.13316626923827257,0.0,96.58714285714285,91.54173913043478
2011-02-01,MIG - non-durable consumer goods,France,94.6,"Index, 2021=100",93.0,21.761,22.343809523809526,0.1062714600527813,0.0,103.6405,96.58714285714285
2011-03-01,MIG - non-durable consumer goods,France,94.1,"Index, 2021=100",94.6,23.722608695652173,21.761,1.0735774048683804,0.0,114.64347826086957,103.6405
2011-04-01,MIG - non-durable consumer goods,France,92.3,"Index, 2021=100",94.1,22.854761904761904,23.722608695652173,0.9191065185128502,0.0,123.45380952380954,114.64347826086957
2011-05-01,MIG - non-durable consumer goods,France,93.3,"Index, 2021=100",92.3,22.989545454545453,22.854761904761904,-0.754449697870264,0.0,114.98272727272727,123.45380952380954
2011-06-01,MIG - non-durable consumer goods,France,92.7,"Index, 2021=100",93.3,22.613636363636363,22.989545454545453,-0.5053044665651589,1.5367288900477356,113.83318181818181,114.98272727272727
2011-07-01,MIG - non-durable consumer goods,France,95.3,"Index, 2021=100",92.7,21.51142857142857,22.613636363636363,-0.18652846565540906,0.0,116.63285714285715,113.83318181818181
2011-08-01,MIG - non-durable consumer goods,France,92.9,"Index, 2021=100",95.3,21.93565217391304,21.51142857142857,-1.0228125161863917,0.0,110.3095652173913,116.63285714285715
2011-09-01,MIG - non-durable consumer goods,France,93.0,"Index, 2021=100",92.9,23.39363636363636,21.93565217391304,0.43959634290727284,0.0,112.9740909090909,110.3095652173913
2011-10-01,MIG - non-durable consumer goods,France,94.2,"Index, 2021=100",93.0,22.554761904761904,23.39363636363636,-0.15278013183668757,0.0,109.55000000000001,112.9740909090909
2011-11-01,MIG - non-durable consumer goods,France,95.2,"Index, 2021=100",94.2,23.736363636363638,22.554761904761904,0.8939539270283243,0.0,110.58909090909091,109.55000000000001
2011-12-01,MIG - non-durable consumer goods,France,93.2,"Index, 2021=100",95.2,22.296818181818182,23.736363636363638,-0.356458994127559,-4.916568331324604,107.99863636363635,110.58909090909091
2012-01-01,MIG - non-durable consumer goods,France,91.0,"Index, 2021=100",93.2,21.865454545454543,22.296818181818182,0.20632540358179952,0.0,110.53136363636364,107.99863636363635
2012-02-01,MIG - non-durable consumer goods,France,94.5,"Index, 2021=100",91.0,25.41142857142857,21.865454545454543,-0.029054799009691847,0.0,119.39190476190477,110.53136363636364
2012-03-01,MIG - non-durable consumer goods,France,94.2,"Index, 2021=100",94.5,23.80727272727273,25.41142857142857,0.784751689386223,0.0,125.44545454545455,119.39190476190477
2012-04-01,MIG - non-durable consumer goods,France,96.6,"Index, 2021=100",94.2,24.78952380952381,23.80727272727273,0.24063874434988755,0.0,120.05666666666667,125.44545454545455
2012-05-01,MIG - non-durable consumer goods,France,95.4,"Index, 2021=100",96.6,24.196521739130436,24.78952380952381,-0.3856336478636065,0.0,110.2891304347826,120.05666666666667
2012-06-01,MIG - non-durable consumer goods,France,94.9,"Index, 2021=100",95.4,23.673333333333332,24.196521739130436,-0.36812562156261563,1.490841835031829,95.15571428571428,110.2891304347826
2012-07-01,MIG - non-durable consumer goods,France,94.6,"Index, 2021=100",94.9,24.332727272727276,23.673333333333332,0.6703576310954897,0.0,102.49454545454546,95.15571428571428
2012-08-01,MIG - non-durable consumer goods,France,96.3,"Index, 2021=100",94.6,24.05652173913043,24.332727272727276,0.889111873743037,0.0,113.35608695652174,102.49454545454546
2012-09-01,MIG - non-durable consumer goods,France,93.8,"Index, 2021=100",96.3,25.825499999999998,24.05652173913043,0.366716761812549,0.0,112.917,113.35608695652174
2012-10-01,MIG - non-durable consumer goods,France,92.7,"Index, 2021=100",93.8,26.702173913043477,25.825499999999998,-0.2515652750980356,0.0,111.7108695652174,112.917
2012-11-01,MIG - non-durable consumer goods,France,93.6,"Index, 2021=100",92.7,27.24909090909091,26.702173913043477,-0.07773850880404555,0.0,109.13818181818182,111.7108695652174
2012-12-01,MIG - non-durable consumer goods,France,94.8,"Index, 2021=100",93.6,27.22333333333333,27.24909090909091,-0.28562219812972955,0.9944110031743462,109.44380952380953,109.13818181818182
2013-01-01,MIG - non-durable consumer goods,France,93.5,"Index, 2021=100",94.8,26.51782608695652,27.22333333333333,0.31250565033261724,0.0,112.81173913043479,109.44380952380953
2013-02-01,MIG - non-durable consumer goods,France,92.8,"Index, 2021=100",93.5,26.3165,26.51782608695652,0.16430715373994836,0.0,116.11800000000001,112.81173913043479
2013-03-01,MIG - non-durable consumer goods,France,92.6,"Index, 2021=100",92.8,32.31666666666666,26.3165,-0.383542027094866,0.0,108.47333333333333,116.11800000000001
2013-04-01,MIG - non-durable consumer goods,France,94.0,"Index, 2021=100",92.6,28.575,32.31666666666666,-0.25921885392347294,0.0,102.24818181818182,108.47333333333333
2013-05-01,MIG - non-durable consumer goods,France,95.5,"Index, 2021=100",94.0,26.73304347826087,28.575,0.16248527258302423,-1.3607161850187028,102.50130434782609,102.24818181818182
2013-06-01,MIG - non-durable consumer goods,France,92.0,"Index, 2021=100",95.5,26.23,26.73304347826087,0.1894274611148,0.0,102.9195,102.50130434782609
2013-07-01,MIG - non-durable consumer goods,France,91.7,"Index, 2021=100",92.0,26.070434782608697,26.23,0.6182980381651376,0.0,107.85434782608696,102.9195
2013-08-01,MIG - non-durable consumer goods,France,91.0,"Index, 2021=100",91.7,25.55181818181818,26.070434782608697,-0.07052223294410298,0.0,111.28045454545455,107.85434782608696
2013-09-01,MIG - non-durable consumer goods,France,92.1,"Index, 2021=100",91.0,26.478571428571428,25.55181818181818,0.06362224893820845,0.0,111.8047619047619,111.28045454545455
2013-10-01,MIG - non-durable consumer goods,France,91.8,"Index, 2021=100",92.1,25.868695652173916,26.478571428571428,0.13725652508100525,0.0,109.07652173913044,111.8047619047619
2013-11-01,MIG - non-durable consumer goods,France,92.9,"Index, 2021=100",91.8,27.18047619047619,25.868695652173916,-0.11144201084991862,0.0,107.96,109.07652173913044
2013-12-01,MIG - non-durable consumer goods,France,92.7,"Index, 2021=100",92.9,27.702727272727273,27.18047619047619,0.6426503974155726,1.006536826380158,110.79363636363637,107.96
2014-01-01,MIG - non-durable consumer goods,France,91.1,"Index, 2021=100",92.7,26.253913043478263,27.702727272727273,-0.19812368810882713,0.0,108.19739130434782,110.79363636363637
2014-02-01,MIG - non-durable consumer goods,France,94.4,"Index, 2021=100",91.1,23.849,26.253913043478263,-0.044531303873754494,0.0,108.88700000000001,108.19739130434782
2014-03-01,MIG - non-durable consumer goods,France,92.6,"Index, 2021=100",94.4,22.767142857142858,23.849,0.0514680128382354,0.0,107.48095238095237,108.88700000000001
2014-04-01,MIG - non-durable consumer goods,France,94.0,"Index, 2021=100",92.6,20.423181818181817,22.767142857142858,-0.018508882722691297,0.0,107.84772727272728,107.48095238095237
2014-05-01,MIG - non-durable consumer goods,France,90.6,"Index, 2021=100",94.0,19.08818181818182,20.423181818181817,0.10496074182617701,0.0,109.53909090909092,107.84772727272728
2014-06-01,MIG - non-durable consumer goods,France,91.3,"Index, 2021=100",90.6,17.39190476190476,19.08818181818182,0.3545000070992207,0.42851134062250246,111.79523809523809,109.53909090909092
2014-07-01,MIG - non-durable consumer goods,France,92.1,"Index, 2021=100",91.3,16.50565217391304,17.39190476190476,-0.4381447112306579,0.0,106.86434782608696,111.79523809523809
2014-08-01,MIG - non-durable consumer goods,France,92.0,"Index, 2021=100",92.1,17.497142857142858,16.50565217391304,0.08722188445673984,0.0,101.60809523809523,106.86434782608696
2014-09-01,MIG - non-durable consumer goods,France,94.2,"Index, 2021=100",92.0,20.74863636363636,17.497142857142858,-0.16107172026645272,0.0,97.27454545454545,101.60809523809523
2014-10-01,MIG - non-durable consumer goods,France,93.5,"Index, 2021=100",94.2,21.268260869565218,20.74863636363636,-0.2764119863445895,0.0,87.42521739130434,97.27454545454545
2014-11-01,MIG - non-durable consumer goods,France,92.2,"Index, 2021=100",93.5,22.978,21.268260869565218,-0.9869169148213338,-9.796069628596289,79.3355,87.42521739130434
2014-12-01,MIG - non-durable consumer goods,France,93.9,"Index, 2021=100",92.2,22.520869565217392,22.978,-1.2412203634377712,0.0,62.17565217391304,79.3355
2015-01-01,MIG - non-durable consumer goods,France,95.2,"Index, 2021=100",93.9,19.755,22.520869565217392,-1.689378075003543,0.0,48.08363636363636,62.17565217391304
2015-02-01,MIG - non-durable consumer goods,France,94.6,"Index, 2021=100",95.2,22.566,19.755,1.030226324080852,0.0,58.0955,48.08363636363636
2015-03-01,MIG - non-durable consumer goods,France,96.5,"Index, 2021=100",94.6,21.856818181818184,22.566,-0.2471285840319799,0.0,55.88545454545454,58.0955
2015-04-01,MIG - non-durable consumer goods,France,95.3,"Index, 2021=100",96.5,22.078181818181818,21.856818181818184,0.7630852782137214,0.0,59.35181818181818,55.88545454545454
2015-05-01,MIG - non-durable consumer goods,France,96.1,"Index, 2021=100",95.3,20.548571428571428,22.078181818181818,0.9306750388082086,0.0,64.1047619047619,59.35181818181818
2015-06-01,MIG - non-durable consumer goods,France,95.8,"Index, 2021=100",96.1,20.520454545454545,20.548571428571428,-0.3949488388902102,2.4056171564772404,61.47772727272727,64.1047619047619
2015-07-01,MIG - non-durable consumer goods,France,95.6,"Index, 2021=100",95.8,20.858260869565218,20.520454545454545,-0.8969936335129175,0.0,56.56130434782609,61.47772727272727
2015-08-01,MIG - non-durable consumer goods,France,96.2,"Index, 2021=100",95.6,19.576190476190476,20.858260869565218,-0.6689537169882939,0.0,46.58428571428571,56.56130434782609
2015-09-01,MIG - non-durable consumer goods,France,96.7,"Index, 2021=100",96.2,19.16,19.576190476190476,0.4134260838296521,0.0,47.62318181818182,46.58428571428571
2015-10-01,MIG - non-durable consumer goods,France,95.7,"Index, 2021=100",96.7,18.243636363636366,19.16,-0.17098247375992967,0.0,48.43,47.62318181818182
2015-11-01,MIG - non-durable consumer goods,France,96.4,"Index, 2021=100",95.7,17.202380952380953,18.243636363636366,-0.3748783969247207,0.0,44.26761904761905,48.43
2015-12-01,MIG - non-durable consumer goods,France,97.7,"Index, 2021=100",96.4,15.640869565217391,17.202380952380953,-0.7698627351357819,-1.9668139100704445,37.97130434782609,44.26761904761905
2016-01-01,MIG - non-durable consumer goods,France,97.8,"Index, 2021=100",97.7,13.904285714285715,15.640869565217391,-1.2929579520638326,0.0,30.98095238095238,37.97130434782609
2016-02-01,MIG - non-durable consumer goods,France,95.2,"Index, 2021=100",97.8,12.476666666666667,13.904285714285715,-0.22939651791615284,0.0,32.163333333333334,30.98095238095238
2016-03-01,MIG - non-durable consumer goods,France,95.9,"Index, 2021=100",95.2,12.267826086956523,12.476666666666667,0.9962287899781237,0.0,38.21565217391304,32.163333333333334
2016-04-01,MIG - non-durable consumer goods,France,94.8,"Index, 2021=100",95.9,11.979999999999999,12.267826086956523,-0.15187983491624749,0.0,41.583333333333336,38.21565217391304
2016-05-01,MIG - non-durable consumer goods,France,95.2,"Index, 2021=100",94.8,13.04090909090909,11.979999999999999,0.6792464128472383,0.0,46.84909090909091,41.583333333333336
2016-06-01,MIG - non-durable consumer goods,France,95.4,"Index, 2021=100",95.2,14.41590909090909,13.04090909090909,-0.1770446016289529,0.582575139176583,48.24727272727273,46.84909090909091
2016-07-01,MIG - non-durable consumer goods,France,95.3,"Index, 2021=100",95.4,14.241904761904761,14.41590909090909,-0.4528878840711025,0.0,44.951904761904764,48.24727272727273
2016-08-01,MIG - non-durable consumer goods,France,97.2,"Index, 2021=100",95.3,11.980869565217391,14.241904761904761,0.1189274105169856,0.0,45.843043478260874,44.951904761904764
2016-09-01,MIG - non-durable consumer goods,France,95.6,"Index, 2021=100",97.2,12.282272727272726,11.980869565217391,0.24870447283671346,1.4727297897900193,46.567727272727275,45.843043478260874
2016-10-01,MIG - non-durable consumer goods,France,94.0,"Index, 2021=100",95.6,16.093809523809526,12.282272727272726,0.41093056832079616,0.0,49.522380952380956,46.567727272727275
2016-11-01,MIG - non-durable consumer goods,France,97.7,"Index, 2021=100",94.0,17.90590909090909,16.093809523809526,-0.5793797051617606,7.91404059403762,44.73409090909091,49.522380952380956
2016-12-01,MIG - non-durable consumer goods,France,95.6,"Index, 2021=100",97.7,17.689545454545456,17.90590909090909,0.7086845393102761,2.0404579621780123,53.365,44.73409090909091
2017-01-01,MIG - non-durable consumer goods,France,95.9,"Index, 2021=100",95.6,20.12272727272727,17.689545454545456,0.08901653408704874,0.0,54.59409090909091,53.365
2017-02-01,MIG - non-durable consumer goods,France,95.7,"Index, 2021=100",95.9,19.553,20.12272727272727,-0.03179032404754296,0.0,54.8695,54.59409090909091
2017-03-01,MIG - non-durable consumer goods,France,95.5,"Index, 2021=100",95.7,15.799130434782608,19.553,-1.4425063041961181,0.0,51.589130434782604,54.8695
2017-04-01,MIG - non-durable consumer goods,France,96.8,"Index, 2021=100",95.5,16.058,15.799130434782608,0.21703780157455996,0.0,52.44500000000001,51.589130434782604
2017-05-01,MIG - non-durable consumer goods,France,98.0,"Index, 2021=100",96.8,15.669130434782607,16.058,-0.8328997339371286,-4.41644778310952,50.326521739130435,52.44500000000001
2017-06-01,MIG - non-durable consumer goods,France,97.3,"Index, 2021=100",98.0,15.134545454545453,15.669130434782607,-0.26420964099602673,0.0,46.36818181818182,50.326521739130435
2017-07-01,MIG - non-durable consumer goods,France,97.5,"Index, 2021=100",97.3,15.095714285714285,15.134545454545453,-0.1449934034705647,0.0,48.47857142857143,46.36818181818182
2017-08-01,MIG - non-durable consumer goods,France,96.4,"Index, 2021=100",97.5,15.99304347826087,15.095714285714285,-0.1520757414392232,0.0,51.70434782608696,48.47857142857143
2017-09-01,MIG - non-durable consumer goods,France,97.9,"Index, 2021=100",96.4,17.302857142857142,15.99304347826087,0.32443706724488564,0.0,56.152857142857144,51.70434782608696
2017-10-01,MIG - non-durable consumer goods,France,98.3,"Index, 2021=100",97.9,17.10363636363636,17.302857142857142,-0.3486109778555899,0.0,57.50772727272727,56.152857142857144
2017-11-01,MIG - non-durable consumer goods,France,99.7,"Index, 2021=100",98.3,19.57090909090909,17.10363636363636,0.12556813519738738,0.21630901693183507,62.71409090909091,57.50772727272727
2017-12-01,MIG - non-durable consumer goods,France,99.2,"Index, 2021=100",99.7,20.795238095238094,19.57090909090909,-0.1117328946322315,0.0,64.39619047619047,62.71409090909091
2018-01-01,MIG - non-durable consumer goods,France,97.7,"Index, 2021=100",99.2,18.6,20.795238095238094,0.7325011228803984,0.0,68.97521739130435,64.39619047619047
2018-02-01,MIG - non-durable consumer goods,France,98.0,"Index, 2021=100",97.7,21.679,18.6,-0.5046465050387093,0.0,65.3175,68.97521739130435
2018-03-01,MIG - non-durable consumer goods,France,100.6,"Index, 2021=100",98.0,23.622727272727275,21.679,-0.10225293145429594,0.0,66.1531818181818,65.3175
2018-04-01,MIG - non-durable consumer goods,France,99.7,"Index, 2021=100",100.6,19.645238095238096,23.622727272727275,0.47425564352743266,0.0,71.95904761904762,66.1531818181818
2018-05-01,MIG - non-durable consumer goods,France,98.6,"Index, 2021=100",99.7,21.566086956521737,19.645238095238096,0.5388658853656386,0.0,76.86217391304348,71.95904761904762
2018-06-01,MIG - non-durable consumer goods,France,99.2,"Index, 2021=100",98.6,21.92761904761905,21.566086956521737,-0.5831886971683538,-0.4130092757360921,74.4047619047619,76.86217391304348
2018-07-01,MIG - non-durable consumer goods,France,99.0,"Index, 2021=100",99.2,22.253636363636364,21.92761904761905,0.5294960350409211,0.0,74.2540909090909,74.4047619047619
2018-08-01,MIG - non-durable consumer goods,France,99.9,"Index, 2021=100",99.0,23.94347826086957,22.253636363636364,-0.20893271379353645,0.0,72.52826086956522,74.2540909090909
2018-09-01,MIG - non-durable consumer goods,France,98.9,"Index, 2021=100",99.9,27.837,23.94347826086957,0.6564596940208821,0.0,78.89099999999999,72.52826086956522
2018-10-01,MIG - non-durable consumer goods,France,100.1,"Index, 2021=100",98.9,25.539565217391303,27.837,0.12149689586130322,0.0,81.03217391304348,78.89099999999999
2018-11-01,MIG - non-durable consumer goods,France,98.5,"Index, 2021=100",100.1,24.633636363636366,25.539565217391303,-1.3685992177175907,0.0,64.74818181818182,81.03217391304348
2018-12-01,MIG - non-durable consumer goods,France,101.5,"Index, 2021=100",98.5,23.666190476190476,24.633636363636366,-0.2447966896801907,2.07348679679867,56.26285714285714,64.74818181818182
2019-01-01,MIG - non-durable consumer goods,France,100.3,"Index, 2021=100",101.5,21.39782608695652,23.666190476190476,0.35962477880472876,0.0,59.025217391304345,56.26285714285714
2019-02-01,MIG - non-durable consumer goods,France,101.3,"Index, 2021=100",100.3,18.0035,21.39782608695652,0.1517462342010795,0.0,63.9605,59.025217391304345
2019-03-01,MIG - non-durable consumer goods,France,98.8,"Index, 2021=100",101.3,15.697619047619046,18.0035,-0.17808513427363806,0.0,66.13857142857144,63.9605
2019-04-01,MIG - non-durable consumer goods,France,101.0,"Index, 2021=100",98.8,15.041818181818183,15.697619047619046,0.3628493694964929,0.0,71.20954545454545,66.13857142857144
2019-05-01,MIG - non-durable consumer goods,France,102.7,"Index, 2021=100",101.0,13.298695652173913,15.041818181818183,-0.7347359961140314,0.0,71.17260869565217,71.20954545454545
2019-06-01,MIG - non-durable consumer goods,France,99.8,"Index, 2021=100",102.7,10.5225,13.298695652173913,-0.33975076992957615,0.0,64.2205,71.17260869565217
2019-07-01,MIG - non-durable consumer goods,France,101.3,"Index, 2021=100",99.8,10.941304347826087,10.5225,0.3395291323618024,-4.251048097619388,63.9191304347826,64.2205
2019-08-01,MIG - non-durable consumer goods,France,100.7,"Index, 2021=100",101.3,10.029545454545454,10.941304347826087,-0.3748389650611249,0.0,59.041818181818186,63.9191304347826
2019-09-01,MIG - non-durable consumer goods,France,102.3,"Index, 2021=100",100.7,9.568095238095239,10.029545454545454,0.48197852185687173,0.0,62.826666666666675,59.041818181818186
2019-10-01,MIG - non-durable consumer goods,France,104.2,"Index, 2021=100",102.3,10.30913043478261,9.568095238095239,-0.3400181888327622,0.0,59.71304347826087,62.826666666666675
2019-11-01,MIG - non-durable consumer goods,France,101.6,"Index, 2021=100",104.2,14.763809523809524,10.30913043478261,0.4635132466348744,0.0,63.21190476190476,59.71304347826087
2019-12-01,MIG - non-durable consumer goods,France,101.6,"Index, 2021=100",101.6,13.031363636363636,14.763809523809524,0.4622502963974788,1.090508505035817,67.31,63.21190476190476
2020-01-01,MIG - non-durable consumer goods,France,102.2,"Index, 2021=100",101.6,11.144782608695651,13.031363636363636,1.4414572982744303,0.0,63.82478260869566,67.31
2020-02-01,MIG - non-durable consumer goods,France,101.8,"Index, 2021=100",102.2,9.3725,11.144782608695651,-0.8114535624060095,0.0,55.702,63.82478260869566
2020-03-01,MIG - non-durable consumer goods,France,95.3,"Index, 2021=100",101.8,8.622727272727273,9.3725,-1.9239758097171007,-8.007737426749562,31.993636363636366,55.702
2020-04-01,MIG - non-durable consumer goods,France,81.5,"Index, 2021=100",95.3,6.54,8.622727272727273,1.3138212739143362,3.0940649462160628,18.546818181818182,31.993636363636366
2020-05-01,MIG - non-durable consumer goods,France,89.6,"Index, 2021=100",81.5,4.575714285714286,6.54,0.7414620048035757,0.0,29.344285714285714,18.546818181818182
2020-06-01,MIG - non-durable consumer goods,France,96.1,"Index, 2021=100",89.6,4.991818181818181,4.575714285714286,-0.674179631293128,-3.149840310433884,40.26681818181818,29.344285714285714
2020-07-01,MIG - non-durable consumer goods,France,98.4,"Index, 2021=100",96.1,4.879565217391304,4.991818181818181,-0.07202838847948002,0.0,43.24217391304348,40.26681818181818
2020-08-01,MIG - non-durable consumer goods,France,98.3,"Index, 2021=100",98.4,7.533333333333333,4.879565217391304,-0.7379957308695794,0.0,44.75904761904762,43.24217391304348
2020-09-01,MIG - non-durable consumer goods,France,100.3,"Index, 2021=100",98.3,11.161818181818182,7.533333333333333,-0.5826109751692493,0.0,40.90954545454545,44.75904761904762
2020-10-01,MIG - non-durable consumer goods,France,101.9,"Index, 2021=100",100.3,13.955454545454545,11.161818181818182,-0.291036694449014,0.0,40.18954545454546,40.90954545454545
2020-11-01,MIG - non-durable consumer goods,France,98.6,"Index, 2021=100",101.9,13.794285714285715,13.955454545454545,-0.1676225177801478,0.0,42.69238095238095,40.18954545454546
2020-12-01,MIG - non-durable consumer goods,France,97.3,"Index, 2021=100",98.6,16.34565217391304,13.794285714285715,-0.06503074006202851,0.563137829641395,50.03217391304348,42.69238095238095
2021-01-01,MIG - non-durable consumer goods,France,103.6,"Index, 2021=100",97.3,20.476190476190474,16.34565217391304,-0.5778110950222807,3.899417998430563,54.60476190476191,50.03217391304348
2021-02-01,MIG - non-durable consumer goods,France,98.0,"Index, 2021=100",103.6,17.4085,20.476190476190474,0.26866362438390906,0.0,62.2765,54.60476190476191
2021-03-01,MIG - non-durable consumer goods,France,99.6,"Index, 2021=100",98.0,17.795217391304348,17.4085,0.3009824618650811,3.5419347237958796,65.41,62.2765
2021-04-01,MIG - non-durable consumer goods,France,96.7,"Index, 2021=100",99.6,20.775454545454547,17.795217391304348,0.5129892999970512,5.991632222929873,64.71954545454545,65.41
2021-05-01,MIG - non-durable consumer goods,France,98.6,"Index, 2021=100",96.7,25.285238095238096,20.775454545454547,0.8992703670969532,0.0,68.5352380952381,64.71954545454545
2021-06-01,MIG - non-durable consumer goods,France,100.3,"Index, 2021=100",98.6,29.238636363636363,25.285238095238096,0.36360474028399664,2.2925007532095663,73.1640909090909,68.5352380952381
2021-07-01,MIG - non-durable consumer goods,France,99.7,"Index, 2021=100",100.3,36.13954545454545,29.238636363636363,0.019142986170709916,-9.851298268875022,75.1659090909091,73.1640909090909
2021-08-01,MIG - non-durable consumer goods,France,101.9,"Index, 2021=100",99.7,44.30409090909091,36.13954545454545,-0.3147083142103972,0.0,70.81590909090909,75.1659090909091
2021-09-01,MIG - non-durable consumer goods,France,100.0,"Index, 2021=100",101.9,64.45363636363636,44.30409090909091,1.015760795186652,0.4390282348823775,74.48863636363636,70.81590909090909
2021-10-01,MIG - non-durable consumer goods,France,101.6,"Index, 2021=100",100.0,87.69238095238094,64.45363636363636,0.7705932795655408,2.361261487325598,83.53809523809524,74.48863636363636
2021-11-01,MIG - non-durable consumer goods,France,101.2,"Index, 2021=100",101.6,81.92136363636364,87.69238095238094,-0.5218341421272874,-1.0130750354233125,81.05,83.53809523809524
2021-12-01,MIG - non-durable consumer goods,France,98.8,"Index, 2021=100",101.2,112.80739130434783,81.92136363636364,-0.49656758152090014,1.7069751201240932,74.26347826086956,81.05
2022-01-01,MIG - non-durable consumer goods,France,104.0,"Index, 2021=100",98.8,84.06952380952382,112.80739130434783,0.8522287791057341,1.4985078326623733,86.50523809523808,74.26347826086956
2022-02-01,MIG - non-durable consumer goods,France,100.9,"Index, 2021=100",104.0,81.164,84.06952380952382,0.20967705216092372,0.6492342056890332,97.12899999999999,86.50523809523808
2022-03-01,MIG - non-durable consumer goods,France,102.3,"Index, 2021=100",100.9,129.18304347826088,81.164,1.1589724435645128,1.020230642989599,117.24521739130434,97.12899999999999
2022-04-01,MIG - non-durable consumer goods,France,102.3,"Index, 2021=100",102.3,101.06238095238095,129.18304347826088,-0.41804567878166843,0.0,105.17095238095239,117.24521739130434
2022-05-01,MIG - non-durable consumer goods,France,103.2,"Index, 2021=100",102.3,88.58863636363637,101.06238095238095,0.8079062673307621,0.4644825107300398,113.11136363636363,105.17095238095239
2022-06-01,MIG - non-durable consumer goods,France,103.9,"Index, 2021=100",103.2,106.29454545454546,88.58863636363637,0.2666071424046354,-2.121493222584776,122.68772727272727,113.11136363636363
2022-07-01,MIG - non-durable consumer goods,France,102.5,"Index, 2021=100",103.9,171.41666666666666,106.29454545454546,-1.5284523643533043,0.0,111.92571428571429,122.68772727272727
2022-08-01,MIG - non-durable consumer goods,France,105.0,"Index, 2021=100",102.5,235.68391304347824,171.41666666666666,-0.8625649365210946,-2.904996658248558,100.47608695652173,111.92571428571429
2022-09-01,MIG - non-durable consumer goods,France,104.5,"Index, 2021=100",105.0,190.24181818181816,235.68391304347824,-0.6092331240191604,0.5554531127177963,89.74954545454545,100.47608695652173
2022-10-01,MIG - non-durable consumer goods,France,103.7,"Index, 2021=100",104.5,72.15047619047618,190.24181818181816,0.8249900068007756,2.4641871317219377,93.33190476190477,89.74954545454545
2022-11-01,MIG - non-durable consumer goods,France,105.7,"Index, 2021=100",103.7,96.28181818181817,72.15047619047618,-0.31727729228827767,0.0,91.41545454545455,93.33190476190477
2022-12-01,MIG - non-durable consumer goods,France,105.8,"Index, 2021=100",105.7,113.99181818181819,96.28181818181817,-0.5175798710392452,-2.8790551863806995,81.06272727272727,91.41545454545455
2023-01-01,MIG - non-durable consumer goods,France,102.9,"Index, 2021=100",105.8,63.004090909090905,113.99181818181819,0.16272770514393026,0.0,82.51590909090909,81.06272727272727
2023-02-01,MIG - non-durable consumer goods,France,104.1,"Index, 2021=100",102.9,53.352999999999994,63.004090909090905,-0.3578309492217428,0.0,82.58500000000001,82.51590909090909
2023-03-01,MIG - non-durable consumer goods,France,102.7,"Index, 2021=100",104.1,44.18782608695652,53.352999999999994,-0.5444578687975978,0.0,78.43434782608696,82.58500000000001
2023-04-01,MIG - non-durable consumer goods,France,102.7,"Index, 2021=100",102.7,42.585,44.18782608695652,0.7779760977112515,0.0,84.8305,78.43434782608696
2023-05-01,MIG - non-durable consumer goods,France,102.6,"Index, 2021=100",102.7,31.335652173913044,42.585,-0.9911199872566404,0.0,75.77478260869565,84.8305
2023-06-01,MIG - non-durable consumer goods,France,103.6,"Index, 2021=100",102.6,32.39909090909091,31.335652173913044,0.10438583996063543,0.4626838105740375,74.83909090909091,75.77478260869565
2023-07-01,MIG - non-durable consumer goods,France,104.6,"Index, 2021=100",103.6,29.665714285714287,32.39909090909091,0.3105036346079896,0.0,80.10809523809523,74.83909090909091
2023-08-01,MIG - non-durable consumer goods,France,101.8,"Index, 2021=100",104.6,33.52304347826087,29.665714285714287,0.2634335721723802,0.0,86.11608695652174,80.10809523809523
2023-09-01,MIG - non-durable consumer goods,France,101.7,"Index, 2021=100",101.8,36.52761904761905,33.52304347826087,0.4709271233739839,0.0,93.72238095238096,86.11608695652174
2023-10-01,MIG - non-durable consumer goods,France,103.2,"Index, 2021=100",101.7,43.264545454545456,36.52761904761905,-0.16534366151930893,0.0,90.59590909090909,93.72238095238096
2023-11-01,MIG - non-durable consumer goods,France,104.0,"Index, 2021=100",103.2,43.269090909090906,43.264545454545456,-0.571544726123262,-2.4651491943871404,82.94,90.59590909090909
2023-12-01,MIG - non-durable consumer goods,France,105.4,"Index, 2021=100",104.0,35.318571428571424,43.269090909090906,0.011208893183722398,0.0,77.87857142857143,82.94
2004-01-01,MIG - energy (except section E),France,112.2,"Index, 2021=100",112.2,11.36,11.36,0.44154017195044576,0.0,31.236363636363638,29.77608695652174
2004-02-01,MIG - energy (except section E),France,110.9,"Index, 2021=100",112.2,10.7975,11.36,-0.08581088034809001,2.694076911628696,30.8585,31.236363636363638
2004-03-01,MIG - energy (except section E),France,114.6,"Index, 2021=100",110.9,10.900434782608697,10.7975,0.2813203494904621,-0.667869132781252,33.63434782608696,30.8585
2004-04-01,MIG - energy (except section E),France,112.7,"Index, 2021=100",114.6,10.974545454545455,10.900434782608697,-0.6033863591783445,0.0,33.59090909090909,33.63434782608696
2004-05-01,MIG - energy (except section E),France,113.0,"Index, 2021=100",112.7,11.221904761904762,10.974545454545455,0.5969780334499486,0.0,37.56761904761905,33.59090909090909
2004-06-01,MIG - energy (except section E),France,111.3,"Index, 2021=100",113.0,10.607727272727272,11.221904761904762,-0.0108376887124877,-0.8697021883599181,35.18363636363636,37.56761904761905
2004-07-01,MIG - energy (except section E),France,111.1,"Index, 2021=100",111.3,10.656818181818181,10.607727272727272,-0.18225670383212336,0.0,38.221363636363634,35.18363636363636
2004-08-01,MIG - energy (except section E),France,111.3,"Index, 2021=100",111.1,12.030909090909091,10.656818181818181,0.41307128781677527,0.0,42.74409090909091,38.221363636363634
2004-09-01,MIG - energy (except section E),France,112.1,"Index, 2021=100",111.3,12.784999999999998,12.030909090909091,0.020228290770040784,-1.6071356282661176,43.19681818181818,42.74409090909091
2004-10-01,MIG - energy (except section E),France,113.8,"Index, 2021=100",112.1,12.065238095238096,12.784999999999998,0.8379242805985881,0.0,49.776666666666664,43.19681818181818
2004-11-01,MIG - energy (except section E),France,114.3,"Index, 2021=100",113.8,12.959545454545456,12.065238095238096,-0.22862171681724705,0.0,43.110454545454544,49.776666666666664
2004-12-01,MIG - energy (except section E),France,114.3,"Index, 2021=100",114.3,14.537391304347826,12.959545454545456,-0.8713033012256369,-3.1596202022297115,39.60217391304348,43.110454545454544
2005-01-01,MIG - energy (except section E),France,112.3,"Index, 2021=100",114.3,14.123333333333331,14.537391304347826,0.2661415106984759,2.159954265104334,44.31238095238095,39.60217391304348
2005-02-01,MIG - energy (except section E),France,116.2,"Index, 2021=100",112.3,16.8315,14.123333333333331,0.33553585232891664,0.0,45.475,44.31238095238095
2005-03-01,MIG - energy (except section E),France,113.4,"Index, 2021=100",116.2,18.585217391304347,16.8315,0.5751930208570617,3.0421593263989704,53.071739130434786,45.475
2005-04-01,MIG - energy (except section E),France,113.5,"Index, 2021=100",113.4,14.80857142857143,18.585217391304347,-0.5666684540474421,0.0,51.88380952380952,53.071739130434786
2005-05-01,MIG - energy (except section E),France,113.4,"Index, 2021=100",113.5,14.289090909090909,14.80857142857143,-0.10846214234396483,0.0,48.64545454545455,51.88380952380952
2005-06-01,MIG - energy (except section E),France,113.5,"Index, 2021=100",113.4,14.356363636363636,14.289090909090909,0.503989891285571,0.3374585671050337,54.35454545454545,48.64545454545455
2005-07-01,MIG - energy (except section E),France,111.4,"Index, 2021=100",113.5,15.540952380952382,14.356363636363636,0.563468443674944,0.0,57.52,54.35454545454545
2005-08-01,MIG - energy (except section E),France,114.4,"Index, 2021=100",111.4,15.107826086956523,15.540952380952382,0.718752317958703,0.0,63.98347826086956,57.52
2005-09-01,MIG - energy (except section E),France,112.6,"Index, 2021=100",114.4,14.746363636363638,15.107826086956523,1.1148474280757803,-1.6643240899907965,62.908181818181816,63.98347826086956
2005-10-01,MIG - energy (except section E),France,108.9,"Index, 2021=100",112.6,15.534761904761906,14.746363636363638,-1.0533079897254418,0.0,58.53857142857142,62.908181818181816
2005-11-01,MIG - energy (except section E),France,115.1,"Index, 2021=100",108.9,19.15909090909091,15.534761904761906,-1.2341397270208476,0.0,55.24181818181818,58.53857142857142
2005-12-01,MIG - energy (except section E),France,114.1,"Index, 2021=100",115.1,22.903636363636362,19.15909090909091,-0.03924653272715153,2.9526028347999587,56.84136363636364,55.24181818181818
2006-01-01,MIG - energy (except section E),France,114.6,"Index, 2021=100",114.1,25.694999999999997,22.903636363636362,0.19348656521120655,-0.15180339953147387,62.77409090909091,56.84136363636364
2006-02-01,MIG - energy (except section E),France,112.1,"Index, 2021=100",114.6,22.324,25.694999999999997,-0.6518974343740799,0.0,60.21,62.77409090909091
2006-03-01,MIG - energy (except section E),France,113.0,"Index, 2021=100",112.1,26.028260869565216,22.324,-0.07863751143875931,-1.827456416166897,62.06478260869565,60.21
2006-04-01,MIG - energy (except section E),France,116.6,"Index, 2021=100",113.0,21.387999999999998,26.028260869565216,0.6237237514902355,0.0,70.173,62.06478260869565
2006-05-01,MIG - energy (except section E),France,111.9,"Index, 2021=100",116.6,19.692608695652176,21.387999999999998,-0.3540726086115883,0.0,69.77695652173912,70.173
2006-06-01,MIG - energy (except section E),France,111.2,"Index, 2021=100",111.9,19.58409090909091,19.692608695652176,-0.31545669169778073,-1.1833322763183536,68.5559090909091,69.77695652173912
2006-07-01,MIG - energy (except section E),France,112.8,"Index, 2021=100",111.2,19.847619047619048,19.58409090909091,0.28310573574819875,0.0,73.67428571428572,68.5559090909091
2006-08-01,MIG - energy (except section E),France,112.2,"Index, 2021=100",112.8,17.97826086956522,19.847619047619048,-0.1782674258490434,0.0,73.2304347826087,73.67428571428572
2006-09-01,MIG - energy (except section E),France,112.9,"Index, 2021=100",112.2,15.951428571428572,17.97826086956522,-1.0773599355773278,-1.1265879387430244,61.95857142857143,73.2304347826087
2006-10-01,MIG - energy (except section E),France,110.1,"Index, 2021=100",112.9,14.200454545454546,15.951428571428572,-0.713482353040865,-1.0147867419479089,57.808181818181815,61.95857142857143
2006-11-01,MIG - energy (except section E),France,109.9,"Index, 2021=100",110.1,19.87272727272727,14.200454545454546,-0.6336040683167151,0.0,58.76136363636363,57.808181818181815
2006-12-01,MIG - energy (except section E),France,109.8,"Index, 2021=100",109.9,16.45809523809524,19.87272727272727,0.06279864252157119,1.7594994847040366,62.41952380952381,58.76136363636363
2007-01-01,MIG - energy (except section E),France,107.3,"Index, 2021=100",109.8,13.603478260869565,16.45809523809524,-0.8815456486489374,0.0,53.748695652173915,62.41952380952381
2007-02-01,MIG - energy (except section E),France,108.9,"Index, 2021=100",107.3,9.310500000000001,13.603478260869565,0.5012149220613668,0.0,57.516999999999996,53.748695652173915
2007-03-01,MIG - energy (except section E),France,111.6,"Index, 2021=100",108.9,10.338636363636363,9.310500000000001,0.001407425353364094,-0.689195928658093,62.05045454545455,57.516999999999996
2007-04-01,MIG - energy (except section E),France,106.2,"Index, 2021=100",111.6,8.91904761904762,10.338636363636363,0.23160567911181562,0.0,67.64428571428572,62.05045454545455
2007-05-01,MIG - energy (except section E),France,111.5,"Index, 2021=100",106.2,11.71391304347826,8.91904761904762,-0.29762578435044224,0.0,67.36478260869566,67.64428571428572
2007-06-01,MIG - energy (except section E),France,113.1,"Index, 2021=100",111.5,10.586190476190476,11.71391304347826,0.16535936703141824,0.0,71.04571428571428,67.36478260869566
2007-07-01,MIG - energy (except section E),France,113.9,"Index, 2021=100",113.1,14.946363636363635,10.586190476190476,0.18880782596297765,0.0,76.80863636363637,71.04571428571428
2007-08-01,MIG - energy (except section E),France,114.5,"Index, 2021=100",113.9,14.281304347826088,14.946363636363635,-0.5681005018139146,0.0,70.76086956521739,76.80863636363637
2007-09-01,MIG - energy (except section E),France,114.5,"Index, 2021=100",114.5,17.057,14.281304347826088,1.0001793364551819,1.1859376565060231,76.929,70.76086956521739
2007-10-01,MIG - energy (except section E),France,116.5,"Index, 2021=100",114.5,20.13478260869565,17.057,0.10198579635873983,0.0,82.34,76.929
2007-11-01,MIG - energy (except section E),France,110.8,"Index, 2021=100",116.5,22.223636363636363,20.13478260869565,0.6128810878526092,0.0,92.53045454545455,82.34
2007-12-01,MIG - energy (except section E),France,112.0,"Index, 2021=100",110.8,23.133333333333333,22.223636363636363,-0.28925766272037334,-0.831933850195447,90.99,92.53045454545455
2008-01-01,MIG - energy (except section E),France,109.3,"Index, 2021=100",112.0,24.26347826086956,23.133333333333333,-0.13761859893639725,0.0,92.13391304347826,90.99
2008-02-01,MIG - energy (except section E),France,108.4,"Index, 2021=100",109.3,22.760952380952382,24.26347826086956,0.2608943406309443,-2.502179452682496,95.08047619047619,92.13391304347826
2008-03-01,MIG - energy (except section E),France,112.7,"Index, 2021=100",108.4,23.693333333333335,22.760952380952382,1.0041522754151373,4.248635030337986,103.45190476190476,95.08047619047619
2008-04-01,MIG - energy (except section E),France,122.6,"Index, 2021=100",112.7,25.75318181818182,23.693333333333335,0.06105421820469373,0.0,109.07136363636364,103.45190476190476
2008-05-01,MIG - energy (except section E),France,111.3,"Index, 2021=100",122.6,25.01409090909091,25.75318181818182,1.3761117623094206,0.0,123.11181818181818,109.07136363636364
2008-06-01,MIG - energy (except section E),France,114.2,"Index, 2021=100",111.3,26.552380952380954,25.01409090909091,1.1146900143738558,0.0,132.32238095238094,123.11181818181818
2008-07-01,MIG - energy (except section E),France,113.9,"Index, 2021=100",114.2,25.088260869565215,26.552380952380954,0.5718559213874487,0.0,133.20652173913044,132.32238095238094
2008-08-01,MIG - energy (except section E),France,113.3,"Index, 2021=100",113.9,24.035238095238096,25.088260869565215,-0.46951606860925593,0.0,113.24333333333334,133.20652173913044
2008-09-01,MIG - energy (except section E),France,113.6,"Index, 2021=100",113.3,30.28409090909091,24.035238095238096,0.2624296377427312,-0.7550683370320911,97.97363636363637,113.24333333333334
2008-10-01,MIG - energy (except section E),France,112.5,"Index, 2021=100",113.6,26.14260869565217,30.28409090909091,-2.8871890830034372,-5.276020721573241,71.58217391304348,97.97363636363637
2008-11-01,MIG - energy (except section E),France,112.6,"Index, 2021=100",112.5,23.5355,26.14260869565217,-1.0616536689944311,0.0,52.2995,71.58217391304348
2008-12-01,MIG - energy (except section E),France,111.7,"Index, 2021=100",112.6,21.674347826086954,23.5355,-0.2694383119813248,-2.158283290921576,39.70782608695652,52.2995
2009-01-01,MIG - energy (except section E),France,112.0,"Index, 2021=100",111.7,23.224999999999998,21.674347826086954,1.9606284214617051,0.0,43.09227272727273,39.70782608695652
2009-02-01,MIG - energy (except section E),France,111.1,"Index, 2021=100",112.0,17.725,23.224999999999998,0.07516411002784573,0.0,43.326499999999996,43.09227272727273
2009-03-01,MIG - energy (except section E),France,106.4,"Index, 2021=100",111.1,12.2,17.725,1.147539934894266,1.9198599485884802,46.540454545454544,43.326499999999996
2009-04-01,MIG - energy (except section E),France,106.1,"Index, 2021=100",106.4,11.327272727272726,12.2,-0.6897706760210826,0.0,50.279545454545456,46.540454545454544
2009-05-01,MIG - energy (except section E),France,106.7,"Index, 2021=100",106.1,11.00952380952381,11.327272727272726,0.9371855413099275,2.9437593321208158,57.36904761904762,50.279545454545456
2009-06-01,MIG - energy (except section E),France,103.4,"Index, 2021=100",106.7,10.796818181818182,11.00952380952381,1.0697891624848404,0.0,68.60954545454545,57.36904761904762
2009-07-01,MIG - energy (except section E),France,103.3,"Index, 2021=100",103.4,9.393478260869566,10.796818181818182,-0.8584497443655938,0.0,64.49217391304347,68.60954545454545
2009-08-01,MIG - energy (except section E),France,104.3,"Index, 2021=100",103.3,8.778571428571428,9.393478260869566,1.168814769853965,0.0,72.50857142857143,64.49217391304347
2009-09-01,MIG - energy (except section E),France,103.2,"Index, 2021=100",104.3,9.418181818181818,8.778571428571428,0.12040182675501683,0.7555170574307397,67.56409090909091,72.50857142857143
2009-10-01,MIG - energy (except section E),France,103.3,"Index, 2021=100",103.2,10.340909090909092,9.418181818181818,0.8389514187941388,0.0,72.76954545454545,67.56409090909091
2009-11-01,MIG - energy (except section E),France,100.8,"Index, 2021=100",103.3,9.738095238095237,10.340909090909092,-0.14885123884919385,0.0,76.65761904761905,72.76954545454545
2009-12-01,MIG - energy (except section E),France,106.9,"Index, 2021=100",100.8,11.4,9.738095238095237,-0.8450010635890879,1.281714088367376,74.48652173913044,76.65761904761905
2010-01-01,MIG - energy (except section E),France,112.2,"Index, 2021=100",106.9,14.44047619047619,11.4,-0.48138524271346517,0.0,76.28285714285714,74.48652173913044
2010-02-01,MIG - energy (except section E),France,111.0,"Index, 2021=100",112.2,13.715,14.44047619047619,-0.21414063782099357,0.0,73.639,76.28285714285714
2010-03-01,MIG - energy (except section E),France,111.5,"Index, 2021=100",111.0,11.954782608695652,13.715,-0.5233596426999279,1.5544096531485574,78.82739130434783,73.639
2010-04-01,MIG - energy (except section E),France,108.2,"Index, 2021=100",111.5,13.493181818181819,11.954782608695652,-0.18357082280701043,0.0,84.71818181818182,78.82739130434783
2010-05-01,MIG - energy (except section E),France,110.6,"Index, 2021=100",108.2,16.781904761904762,13.493181818181819,-1.323271263136311,0.0,75.8052380952381,84.71818181818182
2010-06-01,MIG - energy (except section E),France,108.6,"Index, 2021=100",110.6,19.222727272727273,16.781904761904762,0.525869862586917,0.0,74.7609090909091,75.8052380952381
2010-07-01,MIG - energy (except section E),France,109.1,"Index, 2021=100",108.6,19.469545454545454,19.222727272727273,0.04754485195679738,0.0,75.40590909090909,74.7609090909091
2010-08-01,MIG - energy (except section E),France,109.5,"Index, 2021=100",109.1,18.13090909090909,19.469545454545454,-0.07161403937119563,0.0,77.03954545454545,75.40590909090909
2010-09-01,MIG - energy (except section E),France,109.5,"Index, 2021=100",109.5,18.943181818181817,18.13090909090909,-0.1487126906627298,0.0,77.71272727272728,77.03954545454545
2010-10-01,MIG - energy (except section E),France,106.8,"Index, 2021=100",109.5,18.497619047619047,18.943181818181817,0.7103428057964077,-0.4584134038079942,82.6647619047619,77.71272727272728
2010-11-01,MIG - energy (except section E),France,113.0,"Index, 2021=100",106.8,19.477272727272727,18.497619047619047,0.09961570270309454,0.0,85.24090909090908,82.6647619047619
2010-12-01,MIG - energy (except section E),France,118.1,"Index, 2021=100",113.0,24.09478260869565,19.477272727272727,-0.1169385540431611,1.0894693635716877,91.54173913043478,85.24090909090908
2011-01-01,MIG - energy (except section E),France,110.2,"Index, 2021=100",118.1,22.343809523809526,24.09478260869565,-0.13316626923827257,0.0,96.58714285714285,91.54173913043478
2011-02-01,MIG - energy (except section E),France,106.3,"Index, 2021=100",110.2,21.761,22.343809523809526,0.1062714600527813,0.0,103.6405,96.58714285714285
2011-03-01,MIG - energy (except section E),France,105.8,"Index, 2021=100",106.3,23.722608695652173,21.761,1.0735774048683804,0.0,114.64347826086957,103.6405
2011-04-01,MIG - energy (except section E),France,100.0,"Index, 2021=100",105.8,22.854761904761904,23.722608695652173,0.9191065185128502,0.0,123.45380952380954,114.64347826086957
2011-05-01,MIG - energy (except section E),France,104.0,"Index, 2021=100",100.0,22.989545454545453,22.854761904761904,-0.754449697870264,0.0,114.98272727272727,123.45380952380954
2011-06-01,MIG - energy (except section E),France,108.7,"Index, 2021=100",104.0,22.613636363636363,22.989545454545453,-0.5053044665651589,1.5367288900477356,113.83318181818181,114.98272727272727
2011-07-01,MIG - energy (except section E),France,107.3,"Index, 2021=100",108.7,21.51142857142857,22.613636363636363,-0.18652846565540906,0.0,116.63285714285715,113.83318181818181
2011-08-01,MIG - energy (except section E),France,107.8,"Index, 2021=100",107.3,21.93565217391304,21.51142857142857,-1.0228125161863917,0.0,110.3095652173913,116.63285714285715
2011-09-01,MIG - energy (except section E),France,106.2,"Index, 2021=100",107.8,23.39363636363636,21.93565217391304,0.43959634290727284,0.0,112.9740909090909,110.3095652173913
2011-10-01,MIG - energy (except section E),France,106.8,"Index, 2021=100",106.2,22.554761904761904,23.39363636363636,-0.15278013183668757,0.0,109.55000000000001,112.9740909090909
2011-11-01,MIG - energy (except section E),France,104.5,"Index, 2021=100",106.8,23.736363636363638,22.554761904761904,0.8939539270283243,0.0,110.58909090909091,109.55000000000001
2011-12-01,MIG - energy (except section E),France,103.2,"Index, 2021=100",104.5,22.296818181818182,23.736363636363638,-0.356458994127559,-4.916568331324604,107.99863636363635,110.58909090909091
2012-01-01,MIG - energy (except section E),France,104.1,"Index, 2021=100",103.2,21.865454545454543,22.296818181818182,0.20632540358179952,0.0,110.53136363636364,107.99863636363635
2012-02-01,MIG - energy (except section E),France,115.9,"Index, 2021=100",104.1,25.41142857142857,21.865454545454543,-0.029054799009691847,0.0,119.39190476190477,110.53136363636364
2012-03-01,MIG - energy (except section E),France,98.7,"Index, 2021=100",115.9,23.80727272727273,25.41142857142857,0.784751689386223,0.0,125.44545454545455,119.39190476190477
2012-04-01,MIG - energy (except section E),France,113.4,"Index, 2021=100",98.7,24.78952380952381,23.80727272727273,0.24063874434988755,0.0,120.05666666666667,125.44545454545455
2012-05-01,MIG - energy (except section E),France,103.6,"Index, 2021=100",113.4,24.196521739130436,24.78952380952381,-0.3856336478636065,0.0,110.2891304347826,120.05666666666667
2012-06-01,MIG - energy (except section E),France,103.4,"Index, 2021=100",103.6,23.673333333333332,24.196521739130436,-0.36812562156261563,1.490841835031829,95.15571428571428,110.2891304347826
2012-07-01,MIG - energy (except section E),France,103.3,"Index, 2021=100",103.4,24.332727272727276,23.673333333333332,0.6703576310954897,0.0,102.49454545454546,95.15571428571428
2012-08-01,MIG - energy (except section E),France,103.3,"Index, 2021=100",103.3,24.05652173913043,24.332727272727276,0.889111873743037,0.0,113.35608695652174,102.49454545454546
2012-09-01,MIG - energy (except section E),France,104.0,"Index, 2021=100",103.3,25.825499999999998,24.05652173913043,0.366716761812549,0.0,112.917,113.35608695652174
2012-10-01,MIG - energy (except section E),France,106.5,"Index, 2021=100",104.0,26.702173913043477,25.825499999999998,-0.2515652750980356,0.0,111.7108695652174,112.917
2012-11-01,MIG - energy (except section E),France,107.0,"Index, 2021=100",106.5,27.24909090909091,26.702173913043477,-0.07773850880404555,0.0,109.13818181818182,111.7108695652174
2012-12-01,MIG - energy (except section E),France,105.6,"Index, 2021=100",107.0,27.22333333333333,27.24909090909091,-0.28562219812972955,0.9944110031743462,109.44380952380953,109.13818181818182
2013-01-01,MIG - energy (except section E),France,105.9,"Index, 2021=100",105.6,26.51782608695652,27.22333333333333,0.31250565033261724,0.0,112.81173913043479,109.44380952380953
2013-02-01,MIG - energy (except section E),France,112.5,"Index, 2021=100",105.9,26.3165,26.51782608695652,0.16430715373994836,0.0,116.11800000000001,112.81173913043479
2013-03-01,MIG - energy (except section E),France,113.0,"Index, 2021=100",112.5,32.31666666666666,26.3165,-0.383542027094866,0.0,108.47333333333333,116.11800000000001
2013-04-01,MIG - energy (except section E),France,113.1,"Index, 2021=100",113.0,28.575,32.31666666666666,-0.25921885392347294,0.0,102.24818181818182,108.47333333333333
2013-05-01,MIG - energy (except section E),France,112.5,"Index, 2021=100",113.1,26.73304347826087,28.575,0.16248527258302423,-1.3607161850187028,102.50130434782609,102.24818181818182
2013-06-01,MIG - energy (except section E),France,105.3,"Index, 2021=100",112.5,26.23,26.73304347826087,0.1894274611148,0.0,102.9195,102.50130434782609
2013-07-01,MIG - energy (except section E),France,104.9,"Index, 2021=100",105.3,26.070434782608697,26.23,0.6182980381651376,0.0,107.85434782608696,102.9195
2013-08-01,MIG - energy (except section E),France,103.5,"Index, 2021=100",104.9,25.55181818181818,26.070434782608697,-0.07052223294410298,0.0,111.28045454545455,107.85434782608696
2013-09-01,MIG - energy (except section E),France,103.1,"Index, 2021=100",103.5,26.478571428571428,25.55181818181818,0.06362224893820845,0.0,111.8047619047619,111.28045454545455
2013-10-01,MIG - energy (except section E),France,100.1,"Index, 2021=100",103.1,25.868695652173916,26.478571428571428,0.13725652508100525,0.0,109.07652173913044,111.8047619047619
2013-11-01,MIG - energy (except section E),France,106.7,"Index, 2021=100",100.1,27.18047619047619,25.868695652173916,-0.11144201084991862,0.0,107.96,109.07652173913044
2013-12-01,MIG - energy (except section E),France,102.9,"Index, 2021=100",106.7,27.702727272727273,27.18047619047619,0.6426503974155726,1.006536826380158,110.79363636363637,107.96
2014-01-01,MIG - energy (except section E),France,99.0,"Index, 2021=100",102.9,26.253913043478263,27.702727272727273,-0.19812368810882713,0.0,108.19739130434782,110.79363636363637
2014-02-01,MIG - energy (except section E),France,100.9,"Index, 2021=100",99.0,23.849,26.253913043478263,-0.044531303873754494,0.0,108.88700000000001,108.19739130434782
2014-03-01,MIG - energy (except section E),France,98.8,"Index, 2021=100",100.9,22.767142857142858,23.849,0.0514680128382354,0.0,107.48095238095237,108.88700000000001
2014-04-01,MIG - energy (except section E),France,99.2,"Index, 2021=100",98.8,20.423181818181817,22.767142857142858,-0.018508882722691297,0.0,107.84772727272728,107.48095238095237
2014-05-01,MIG - energy (except section E),France,103.6,"Index, 2021=100",99.2,19.08818181818182,20.423181818181817,0.10496074182617701,0.0,109.53909090909092,107.84772727272728
2014-06-01,MIG - energy (except section E),France,102.0,"Index, 2021=100",103.6,17.39190476190476,19.08818181818182,0.3545000070992207,0.42851134062250246,111.79523809523809,109.53909090909092
2014-07-01,MIG - energy (except section E),France,105.0,"Index, 2021=100",102.0,16.50565217391304,17.39190476190476,-0.4381447112306579,0.0,106.86434782608696,111.79523809523809
2014-08-01,MIG - energy (except section E),France,104.0,"Index, 2021=100",105.0,17.497142857142858,16.50565217391304,0.08722188445673984,0.0,101.60809523809523,106.86434782608696
2014-09-01,MIG - energy (except section E),France,103.0,"Index, 2021=100",104.0,20.74863636363636,17.497142857142858,-0.16107172026645272,0.0,97.27454545454545,101.60809523809523
2014-10-01,MIG - energy (except section E),France,99.4,"Index, 2021=100",103.0,21.268260869565218,20.74863636363636,-0.2764119863445895,0.0,87.42521739130434,97.27454545454545
2014-11-01,MIG - energy (except section E),France,98.1,"Index, 2021=100",99.4,22.978,21.268260869565218,-0.9869169148213338,-9.796069628596289,79.3355,87.42521739130434
2014-12-01,MIG - energy (except section E),France,104.2,"Index, 2021=100",98.1,22.520869565217392,22.978,-1.2412203634377712,0.0,62.17565217391304,79.3355
2015-01-01,MIG - energy (except section E),France,105.7,"Index, 2021=100",104.2,19.755,22.520869565217392,-1.689378075003543,0.0,48.08363636363636,62.17565217391304
2015-02-01,MIG - energy (except section E),France,111.2,"Index, 2021=100",105.7,22.566,19.755,1.030226324080852,0.0,58.0955,48.08363636363636
2015-03-01,MIG - energy (except section E),France,106.8,"Index, 2021=100",111.2,21.856818181818184,22.566,-0.2471285840319799,0.0,55.88545454545454,58.0955
2015-04-01,MIG - energy (except section E),France,102.4,"Index, 2021=100",106.8,22.078181818181818,21.856818181818184,0.7630852782137214,0.0,59.35181818181818,55.88545454545454
2015-05-01,MIG - energy (except section E),France,101.2,"Index, 2021=100",102.4,20.548571428571428,22.078181818181818,0.9306750388082086,0.0,64.1047619047619,59.35181818181818
2015-06-01,MIG - energy (except section E),France,103.4,"Index, 2021=100",101.2,20.520454545454545,20.548571428571428,-0.3949488388902102,2.4056171564772404,61.47772727272727,64.1047619047619
2015-07-01,MIG - energy (except section E),France,105.1,"Index, 2021=100",103.4,20.858260869565218,20.520454545454545,-0.8969936335129175,0.0,56.56130434782609,61.47772727272727
2015-08-01,MIG - energy (except section E),France,103.0,"Index, 2021=100",105.1,19.576190476190476,20.858260869565218,-0.6689537169882939,0.0,46.58428571428571,56.56130434782609
2015-09-01,MIG - energy (except section E),France,105.4,"Index, 2021=100",103.0,19.16,19.576190476190476,0.4134260838296521,0.0,47.62318181818182,46.58428571428571
2015-10-01,MIG - energy (except section E),France,111.6,"Index, 2021=100",105.4,18.243636363636366,19.16,-0.17098247375992967,0.0,48.43,47.62318181818182
2015-11-01,MIG - energy (except section E),France,100.1,"Index, 2021=100",111.6,17.202380952380953,18.243636363636366,-0.3748783969247207,0.0,44.26761904761905,48.43
2015-12-01,MIG - energy (except section E),France,95.5,"Index, 2021=100",100.1,15.640869565217391,17.202380952380953,-0.7698627351357819,-1.9668139100704445,37.97130434782609,44.26761904761905
2016-01-01,MIG - energy (except section E),France,100.6,"Index, 2021=100",95.5,13.904285714285715,15.640869565217391,-1.2929579520638326,0.0,30.98095238095238,37.97130434782609
2016-02-01,MIG - energy (except section E),France,107.3,"Index, 2021=100",100.6,12.476666666666667,13.904285714285715,-0.22939651791615284,0.0,32.163333333333334,30.98095238095238
2016-03-01,MIG - energy (except section E),France,109.8,"Index, 2021=100",107.3,12.267826086956523,12.476666666666667,0.9962287899781237,0.0,38.21565217391304,32.163333333333334
2016-04-01,MIG - energy (except section E),France,109.3,"Index, 2021=100",109.8,11.979999999999999,12.267826086956523,-0.15187983491624749,0.0,41.583333333333336,38.21565217391304
2016-05-01,MIG - energy (except section E),France,102.4,"Index, 2021=100",109.3,13.04090909090909,11.979999999999999,0.6792464128472383,0.0,46.84909090909091,41.583333333333336
2016-06-01,MIG - energy (except section E),France,103.2,"Index, 2021=100",102.4,14.41590909090909,13.04090909090909,-0.1770446016289529,0.582575139176583,48.24727272727273,46.84909090909091
2016-07-01,MIG - energy (except section E),France,102.0,"Index, 2021=100",103.2,14.241904761904761,14.41590909090909,-0.4528878840711025,0.0,44.951904761904764,48.24727272727273
2016-08-01,MIG - energy (except section E),France,103.7,"Index, 2021=100",102.0,11.980869565217391,14.241904761904761,0.1189274105169856,0.0,45.843043478260874,44.951904761904764
2016-09-01,MIG - energy (except section E),France,102.5,"Index, 2021=100",103.7,12.282272727272726,11.980869565217391,0.24870447283671346,1.4727297897900193,46.567727272727275,45.843043478260874
2016-10-01,MIG - energy (except section E),France,106.6,"Index, 2021=100",102.5,16.093809523809526,12.282272727272726,0.41093056832079616,0.0,49.522380952380956,46.567727272727275
2016-11-01,MIG - energy (except section E),France,105.3,"Index, 2021=100",106.6,17.90590909090909,16.093809523809526,-0.5793797051617606,7.91404059403762,44.73409090909091,49.522380952380956
2016-12-01,MIG - energy (except section E),France,105.8,"Index, 2021=100",105.3,17.689545454545456,17.90590909090909,0.7086845393102761,2.0404579621780123,53.365,44.73409090909091
2017-01-01,MIG - energy (except section E),France,111.1,"Index, 2021=100",105.8,20.12272727272727,17.689545454545456,0.08901653408704874,0.0,54.59409090909091,53.365
2017-02-01,MIG - energy (except section E),France,99.7,"Index, 2021=100",111.1,19.553,20.12272727272727,-0.03179032404754296,0.0,54.8695,54.59409090909091
2017-03-01,MIG - energy (except section E),France,100.9,"Index, 2021=100",99.7,15.799130434782608,19.553,-1.4425063041961181,0.0,51.589130434782604,54.8695
2017-04-01,MIG - energy (except section E),France,103.3,"Index, 2021=100",100.9,16.058,15.799130434782608,0.21703780157455996,0.0,52.44500000000001,51.589130434782604
2017-05-01,MIG - energy (except section E),France,104.8,"Index, 2021=100",103.3,15.669130434782607,16.058,-0.8328997339371286,-4.41644778310952,50.326521739130435,52.44500000000001
2017-06-01,MIG - energy (except section E),France,102.4,"Index, 2021=100",104.8,15.134545454545453,15.669130434782607,-0.26420964099602673,0.0,46.36818181818182,50.326521739130435
2017-07-01,MIG - energy (except section E),France,101.9,"Index, 2021=100",102.4,15.095714285714285,15.134545454545453,-0.1449934034705647,0.0,48.47857142857143,46.36818181818182
2017-08-01,MIG - energy (except section E),France,103.9,"Index, 2021=100",101.9,15.99304347826087,15.095714285714285,-0.1520757414392232,0.0,51.70434782608696,48.47857142857143
2017-09-01,MIG - energy (except section E),France,106.3,"Index, 2021=100",103.9,17.302857142857142,15.99304347826087,0.32443706724488564,0.0,56.152857142857144,51.70434782608696
2017-10-01,MIG - energy (except section E),France,101.8,"Index, 2021=100",106.3,17.10363636363636,17.302857142857142,-0.3486109778555899,0.0,57.50772727272727,56.152857142857144
2017-11-01,MIG - energy (except section E),France,105.6,"Index, 2021=100",101.8,19.57090909090909,17.10363636363636,0.12556813519738738,0.21630901693183507,62.71409090909091,57.50772727272727
2017-12-01,MIG - energy (except section E),France,107.4,"Index, 2021=100",105.6,20.795238095238094,19.57090909090909,-0.1117328946322315,0.0,64.39619047619047,62.71409090909091
2018-01-01,MIG - energy (except section E),France,100.2,"Index, 2021=100",107.4,18.6,20.795238095238094,0.7325011228803984,0.0,68.97521739130435,64.39619047619047
2018-02-01,MIG - energy (except section E),France,114.5,"Index, 2021=100",100.2,21.679,18.6,-0.5046465050387093,0.0,65.3175,68.97521739130435
2018-03-01,MIG - energy (except section E),France,111.2,"Index, 2021=100",114.5,23.622727272727275,21.679,-0.10225293145429594,0.0,66.1531818181818,65.3175
2018-04-01,MIG - energy (except section E),France,99.7,"Index, 2021=100",111.2,19.645238095238096,23.622727272727275,0.47425564352743266,0.0,71.95904761904762,66.1531818181818
2018-05-01,MIG - energy (except section E),France,100.1,"Index, 2021=100",99.7,21.566086956521737,19.645238095238096,0.5388658853656386,0.0,76.86217391304348,71.95904761904762
2018-06-01,MIG - energy (except section E),France,103.4,"Index, 2021=100",100.1,21.92761904761905,21.566086956521737,-0.5831886971683538,-0.4130092757360921,74.4047619047619,76.86217391304348
2018-07-01,MIG - energy (except section E),France,105.1,"Index, 2021=100",103.4,22.253636363636364,21.92761904761905,0.5294960350409211,0.0,74.2540909090909,74.4047619047619
2018-08-01,MIG - energy (except section E),France,104.1,"Index, 2021=100",105.1,23.94347826086957,22.253636363636364,-0.20893271379353645,0.0,72.52826086956522,74.2540909090909
2018-09-01,MIG - energy (except section E),France,102.8,"Index, 2021=100",104.1,27.837,23.94347826086957,0.6564596940208821,0.0,78.89099999999999,72.52826086956522
2018-10-01,MIG - energy (except section E),France,104.3,"Index, 2021=100",102.8,25.539565217391303,27.837,0.12149689586130322,0.0,81.03217391304348,78.89099999999999
2018-11-01,MIG - energy (except section E),France,103.3,"Index, 2021=100",104.3,24.633636363636366,25.539565217391303,-1.3685992177175907,0.0,64.74818181818182,81.03217391304348
2018-12-01,MIG - energy (except section E),France,102.4,"Index, 2021=100",103.3,23.666190476190476,24.633636363636366,-0.2447966896801907,2.07348679679867,56.26285714285714,64.74818181818182
2019-01-01,MIG - energy (except section E),France,105.5,"Index, 2021=100",102.4,21.39782608695652,23.666190476190476,0.35962477880472876,0.0,59.025217391304345,56.26285714285714
2019-02-01,MIG - energy (except section E),France,102.9,"Index, 2021=100",105.5,18.0035,21.39782608695652,0.1517462342010795,0.0,63.9605,59.025217391304345
2019-03-01,MIG - energy (except section E),France,102.2,"Index, 2021=100",102.9,15.697619047619046,18.0035,-0.17808513427363806,0.0,66.13857142857144,63.9605
2019-04-01,MIG - energy (except section E),France,103.9,"Index, 2021=100",102.2,15.041818181818183,15.697619047619046,0.3628493694964929,0.0,71.20954545454545,66.13857142857144
2019-05-01,MIG - energy (except section E),France,109.0,"Index, 2021=100",103.9,13.298695652173913,15.041818181818183,-0.7347359961140314,0.0,71.17260869565217,71.20954545454545
2019-06-01,MIG - energy (except section E),France,103.2,"Index, 2021=100",109.0,10.5225,13.298695652173913,-0.33975076992957615,0.0,64.2205,71.17260869565217
2019-07-01,MIG - energy (except section E),France,104.5,"Index, 2021=100",103.2,10.941304347826087,10.5225,0.3395291323618024,-4.251048097619388,63.9191304347826,64.2205
2019-08-01,MIG - energy (except section E),France,102.2,"Index, 2021=100",104.5,10.029545454545454,10.941304347826087,-0.3748389650611249,0.0,59.041818181818186,63.9191304347826
2019-09-01,MIG - energy (except section E),France,100.3,"Index, 2021=100",102.2,9.568095238095239,10.029545454545454,0.48197852185687173,0.0,62.826666666666675,59.041818181818186
2019-10-01,MIG - energy (except section E),France,100.1,"Index, 2021=100",100.3,10.30913043478261,9.568095238095239,-0.3400181888327622,0.0,59.71304347826087,62.826666666666675
2019-11-01,MIG - energy (except section E),France,102.0,"Index, 2021=100",100.1,14.763809523809524,10.30913043478261,0.4635132466348744,0.0,63.21190476190476,59.71304347826087
2019-12-01,MIG - energy (except section E),France,98.3,"Index, 2021=100",102.0,13.031363636363636,14.763809523809524,0.4622502963974788,1.090508505035817,67.31,63.21190476190476
2020-01-01,MIG - energy (except section E),France,96.6,"Index, 2021=100",98.3,11.144782608695651,13.031363636363636,1.4414572982744303,0.0,63.82478260869566,67.31
2020-02-01,MIG - energy (except section E),France,99.1,"Index, 2021=100",96.6,9.3725,11.144782608695651,-0.8114535624060095,0.0,55.702,63.82478260869566
2020-03-01,MIG - energy (except section E),France,96.0,"Index, 2021=100",99.1,8.622727272727273,9.3725,-1.9239758097171007,-8.007737426749562,31.993636363636366,55.702
2020-04-01,MIG - energy (except section E),France,81.1,"Index, 2021=100",96.0,6.54,8.622727272727273,1.3138212739143362,3.0940649462160628,18.546818181818182,31.993636363636366
2020-05-01,MIG - energy (except section E),France,90.0,"Index, 2021=100",81.1,4.575714285714286,6.54,0.7414620048035757,0.0,29.344285714285714,18.546818181818182
2020-06-01,MIG - energy (except section E),France,95.3,"Index, 2021=100",90.0,4.991818181818181,4.575714285714286,-0.674179631293128,-3.149840310433884,40.26681818181818,29.344285714285714
2020-07-01,MIG - energy (except section E),France,95.6,"Index, 2021=100",95.3,4.879565217391304,4.991818181818181,-0.07202838847948002,0.0,43.24217391304348,40.26681818181818
2020-08-01,MIG - energy (except section E),France,96.9,"Index, 2021=100",95.6,7.533333333333333,4.879565217391304,-0.7379957308695794,0.0,44.75904761904762,43.24217391304348
2020-09-01,MIG - energy (except section E),France,95.8,"Index, 2021=100",96.9,11.161818181818182,7.533333333333333,-0.5826109751692493,0.0,40.90954545454545,44.75904761904762
2020-10-01,MIG - energy (except section E),France,105.7,"Index, 2021=100",95.8,13.955454545454545,11.161818181818182,-0.291036694449014,0.0,40.18954545454546,40.90954545454545
2020-11-01,MIG - energy (except section E),France,94.2,"Index, 2021=100",105.7,13.794285714285715,13.955454545454545,-0.1676225177801478,0.0,42.69238095238095,40.18954545454546
2020-12-01,MIG - energy (except section E),France,97.8,"Index, 2021=100",94.2,16.34565217391304,13.794285714285715,-0.06503074006202851,0.563137829641395,50.03217391304348,42.69238095238095
2021-01-01,MIG - energy (except section E),France,100.4,"Index, 2021=100",97.8,20.476190476190474,16.34565217391304,-0.5778110950222807,3.899417998430563,54.60476190476191,50.03217391304348
2021-02-01,MIG - energy (except section E),France,96.4,"Index, 2021=100",100.4,17.4085,20.476190476190474,0.26866362438390906,0.0,62.2765,54.60476190476191
2021-03-01,MIG - energy (except section E),France,100.7,"Index, 2021=100",96.4,17.795217391304348,17.4085,0.3009824618650811,3.5419347237958796,65.41,62.2765
2021-04-01,MIG - energy (except section E),France,100.7,"Index, 2021=100",100.7,20.775454545454547,17.795217391304348,0.5129892999970512,5.991632222929873,64.71954545454545,65.41
2021-05-01,MIG - energy (except section E),France,104.7,"Index, 2021=100",100.7,25.285238095238096,20.775454545454547,0.8992703670969532,0.0,68.5352380952381,64.71954545454545
2021-06-01,MIG - energy (except section E),France,99.7,"Index, 2021=100",104.7,29.238636363636363,25.285238095238096,0.36360474028399664,2.2925007532095663,73.1640909090909,68.5352380952381
2021-07-01,MIG - energy (except section E),France,98.4,"Index, 2021=100",99.7,36.13954545454545,29.238636363636363,0.019142986170709916,-9.851298268875022,75.1659090909091,73.1640909090909
2021-08-01,MIG - energy (except section E),France,98.8,"Index, 2021=100",98.4,44.30409090909091,36.13954545454545,-0.3147083142103972,0.0,70.81590909090909,75.1659090909091
2021-09-01,MIG - energy (except section E),France,98.9,"Index, 2021=100",98.8,64.45363636363636,44.30409090909091,1.015760795186652,0.4390282348823775,74.48863636363636,70.81590909090909
2021-10-01,MIG - energy (except section E),France,101.0,"Index, 2021=100",98.9,87.69238095238094,64.45363636363636,0.7705932795655408,2.361261487325598,83.53809523809524,74.48863636363636
2021-11-01,MIG - energy (except section E),France,101.5,"Index, 2021=100",101.0,81.92136363636364,87.69238095238094,-0.5218341421272874,-1.0130750354233125,81.05,83.53809523809524
2021-12-01,MIG - energy (except section E),France,99.0,"Index, 2021=100",101.5,112.80739130434783,81.92136363636364,-0.49656758152090014,1.7069751201240932,74.26347826086956,81.05
2022-01-01,MIG - energy (except section E),France,98.2,"Index, 2021=100",99.0,84.06952380952382,112.80739130434783,0.8522287791057341,1.4985078326623733,86.50523809523808,74.26347826086956
2022-02-01,MIG - energy (except section E),France,95.3,"Index, 2021=100",98.2,81.164,84.06952380952382,0.20967705216092372,0.6492342056890332,97.12899999999999,86.50523809523808
2022-03-01,MIG - energy (except section E),France,95.4,"Index, 2021=100",95.3,129.18304347826088,81.164,1.1589724435645128,1.020230642989599,117.24521739130434,97.12899999999999
2022-04-01,MIG - energy (except section E),France,95.6,"Index, 2021=100",95.4,101.06238095238095,129.18304347826088,-0.41804567878166843,0.0,105.17095238095239,117.24521739130434
2022-05-01,MIG - energy (except section E),France,92.2,"Index, 2021=100",95.6,88.58863636363637,101.06238095238095,0.8079062673307621,0.4644825107300398,113.11136363636363,105.17095238095239
2022-06-01,MIG - energy (except section E),France,94.1,"Index, 2021=100",92.2,106.29454545454546,88.58863636363637,0.2666071424046354,-2.121493222584776,122.68772727272727,113.11136363636363
2022-07-01,MIG - energy (except section E),France,92.8,"Index, 2021=100",94.1,171.41666666666666,106.29454545454546,-1.5284523643533043,0.0,111.92571428571429,122.68772727272727
2022-08-01,MIG - energy (except section E),France,92.8,"Index, 2021=100",92.8,235.68391304347824,171.41666666666666,-0.8625649365210946,-2.904996658248558,100.47608695652173,111.92571428571429
2022-09-01,MIG - energy (except section E),France,91.2,"Index, 2021=100",92.8,190.24181818181816,235.68391304347824,-0.6092331240191604,0.5554531127177963,89.74954545454545,100.47608695652173
2022-10-01,MIG - energy (except section E),France,83.5,"Index, 2021=100",91.2,72.15047619047618,190.24181818181816,0.8249900068007756,2.4641871317219377,93.33190476190477,89.74954545454545
2022-11-01,MIG - energy (except section E),France,82.8,"Index, 2021=100",83.5,96.28181818181817,72.15047619047618,-0.31727729228827767,0.0,91.41545454545455,93.33190476190477
2022-12-01,MIG - energy (except section E),France,92.0,"Index, 2021=100",82.8,113.99181818181819,96.28181818181817,-0.5175798710392452,-2.8790551863806995,81.06272727272727,91.41545454545455
2023-01-01,MIG - energy (except section E),France,91.1,"Index, 2021=100",92.0,63.004090909090905,113.99181818181819,0.16272770514393026,0.0,82.51590909090909,81.06272727272727
2023-02-01,MIG - energy (except section E),France,94.6,"Index, 2021=100",91.1,53.352999999999994,63.004090909090905,-0.3578309492217428,0.0,82.58500000000001,82.51590909090909
2023-03-01,MIG - energy (except section E),France,89.0,"Index, 2021=100",94.6,44.18782608695652,53.352999999999994,-0.5444578687975978,0.0,78.43434782608696,82.58500000000001
2023-04-01,MIG - energy (except section E),France,91.8,"Index, 2021=100",89.0,42.585,44.18782608695652,0.7779760977112515,0.0,84.8305,78.43434782608696
2023-05-01,MIG - energy (except section E),France,95.4,"Index, 2021=100",91.8,31.335652173913044,42.585,-0.9911199872566404,0.0,75.77478260869565,84.8305
2023-06-01,MIG - energy (except section E),France,95.7,"Index, 2021=100",95.4,32.39909090909091,31.335652173913044,0.10438583996063543,0.4626838105740375,74.83909090909091,75.77478260869565
2023-07-01,MIG - energy (except section E),France,94.5,"Index, 2021=100",95.7,29.665714285714287,32.39909090909091,0.3105036346079896,0.0,80.10809523809523,74.83909090909091
2023-08-01,MIG - energy (except section E),France,95.8,"Index, 2021=100",94.5,33.52304347826087,29.665714285714287,0.2634335721723802,0.0,86.11608695652174,80.10809523809523
2023-09-01,MIG - energy (except section E),France,95.9,"Index, 2021=100",95.8,36.52761904761905,33.52304347826087,0.4709271233739839,0.0,93.72238095238096,86.11608695652174
2023-10-01,MIG - energy (except section E),France,92.9,"Index, 2021=100",95.9,43.264545454545456,36.52761904761905,-0.16534366151930893,0.0,90.59590909090909,93.72238095238096
2023-11-01,MIG - energy (except section E),France,94.4,"Index, 2021=100",92.9,43.269090909090906,43.264545454545456,-0.571544726123262,-2.4651491943871404,82.94,90.59590909090909
2023-12-01,MIG - energy (except section E),France,93.6,"Index, 2021=100",94.4,35.318571428571424,43.269090909090906,0.011208893183722398,0.0,77.87857142857143,82.94
2004-01-01,Manufacturing,Italy,117.0,"Index, 2021=100",117.0,11.36,11.36,0.44154017195044576,0.0,31.236363636363638,29.77608695652174
2004-02-01,Manufacturing,Italy,117.0,"Index, 2021=100",117.0,10.7975,11.36,-0.08581088034809001,2.694076911628696,30.8585,31.236363636363638
2004-03-01,Manufacturing,Italy,115.4,"Index, 2021=100",117.0,10.900434782608697,10.7975,0.2813203494904621,-0.667869132781252,33.63434782608696,30.8585
2004-04-01,Manufacturing,Italy,117.4,"Index, 2021=100",115.4,10.974545454545455,10.900434782608697,-0.6033863591783445,0.0,33.59090909090909,33.63434782608696
2004-05-01,Manufacturing,Italy,117.4,"Index, 2021=100",117.4,11.221904761904762,10.974545454545455,0.5969780334499486,0.0,37.56761904761905,33.59090909090909
2004-06-01,Manufacturing,Italy,116.8,"Index, 2021=100",117.4,10.607727272727272,11.221904761904762,-0.0108376887124877,-0.8697021883599181,35.18363636363636,37.56761904761905
2004-07-01,Manufacturing,Italy,116.8,"Index, 2021=100",116.8,10.656818181818181,10.607727272727272,-0.18225670383212336,0.0,38.221363636363634,35.18363636363636
2004-08-01,Manufacturing,Italy,112.3,"Index, 2021=100",116.8,12.030909090909091,10.656818181818181,0.41307128781677527,0.0,42.74409090909091,38.221363636363634
2004-09-01,Manufacturing,Italy,115.8,"Index, 2021=100",112.3,12.784999999999998,12.030909090909091,0.020228290770040784,-1.6071356282661176,43.19681818181818,42.74409090909091
2004-10-01,Manufacturing,Italy,116.7,"Index, 2021=100",115.8,12.065238095238096,12.784999999999998,0.8379242805985881,0.0,49.776666666666664,43.19681818181818
2004-11-01,Manufacturing,Italy,114.3,"Index, 2021=100",116.7,12.959545454545456,12.065238095238096,-0.22862171681724705,0.0,43.110454545454544,49.776666666666664
2004-12-01,Manufacturing,Italy,112.9,"Index, 2021=100",114.3,14.537391304347826,12.959545454545456,-0.8713033012256369,-3.1596202022297115,39.60217391304348,43.110454545454544
2005-01-01,Manufacturing,Italy,114.2,"Index, 2021=100",112.9,14.123333333333331,14.537391304347826,0.2661415106984759,2.159954265104334,44.31238095238095,39.60217391304348
2005-02-01,Manufacturing,Italy,113.9,"Index, 2021=100",114.2,16.8315,14.123333333333331,0.33553585232891664,0.0,45.475,44.31238095238095
2005-03-01,Manufacturing,Italy,113.5,"Index, 2021=100",113.9,18.585217391304347,16.8315,0.5751930208570617,3.0421593263989704,53.071739130434786,45.475
2005-04-01,Manufacturing,Italy,116.1,"Index, 2021=100",113.5,14.80857142857143,18.585217391304347,-0.5666684540474421,0.0,51.88380952380952,53.071739130434786
2005-05-01,Manufacturing,Italy,113.3,"Index, 2021=100",116.1,14.289090909090909,14.80857142857143,-0.10846214234396483,0.0,48.64545454545455,51.88380952380952
2005-06-01,Manufacturing,Italy,113.1,"Index, 2021=100",113.3,14.356363636363636,14.289090909090909,0.503989891285571,0.3374585671050337,54.35454545454545,48.64545454545455
2005-07-01,Manufacturing,Italy,114.9,"Index, 2021=100",113.1,15.540952380952382,14.356363636363636,0.563468443674944,0.0,57.52,54.35454545454545
2005-08-01,Manufacturing,Italy,116.3,"Index, 2021=100",114.9,15.107826086956523,15.540952380952382,0.718752317958703,0.0,63.98347826086956,57.52
2005-09-01,Manufacturing,Italy,114.3,"Index, 2021=100",116.3,14.746363636363638,15.107826086956523,1.1148474280757803,-1.6643240899907965,62.908181818181816,63.98347826086956
2005-10-01,Manufacturing,Italy,114.8,"Index, 2021=100",114.3,15.534761904761906,14.746363636363638,-1.0533079897254418,0.0,58.53857142857142,62.908181818181816
2005-11-01,Manufacturing,Italy,116.1,"Index, 2021=100",114.8,19.15909090909091,15.534761904761906,-1.2341397270208476,0.0,55.24181818181818,58.53857142857142
2005-12-01,Manufacturing,Italy,114.6,"Index, 2021=100",116.1,22.903636363636362,19.15909090909091,-0.03924653272715153,2.9526028347999587,56.84136363636364,55.24181818181818
2006-01-01,Manufacturing,Italy,114.7,"Index, 2021=100",114.6,25.694999999999997,22.903636363636362,0.19348656521120655,-0.15180339953147387,62.77409090909091,56.84136363636364
2006-02-01,Manufacturing,Italy,117.3,"Index, 2021=100",114.7,22.324,25.694999999999997,-0.6518974343740799,0.0,60.21,62.77409090909091
2006-03-01,Manufacturing,Italy,117.4,"Index, 2021=100",117.3,26.028260869565216,22.324,-0.07863751143875931,-1.827456416166897,62.06478260869565,60.21
2006-04-01,Manufacturing,Italy,117.0,"Index, 2021=100",117.4,21.387999999999998,26.028260869565216,0.6237237514902355,0.0,70.173,62.06478260869565
2006-05-01,Manufacturing,Italy,119.5,"Index, 2021=100",117.0,19.692608695652176,21.387999999999998,-0.3540726086115883,0.0,69.77695652173912,70.173
2006-06-01,Manufacturing,Italy,119.9,"Index, 2021=100",119.5,19.58409090909091,19.692608695652176,-0.31545669169778073,-1.1833322763183536,68.5559090909091,69.77695652173912
2006-07-01,Manufacturing,Italy,118.1,"Index, 2021=100",119.9,19.847619047619048,19.58409090909091,0.28310573574819875,0.0,73.67428571428572,68.5559090909091
2006-08-01,Manufacturing,Italy,121.4,"Index, 2021=100",118.1,17.97826086956522,19.847619047619048,-0.1782674258490434,0.0,73.2304347826087,73.67428571428572
2006-09-01,Manufacturing,Italy,119.6,"Index, 2021=100",121.4,15.951428571428572,17.97826086956522,-1.0773599355773278,-1.1265879387430244,61.95857142857143,73.2304347826087
2006-10-01,Manufacturing,Italy,119.9,"Index, 2021=100",119.6,14.200454545454546,15.951428571428572,-0.713482353040865,-1.0147867419479089,57.808181818181815,61.95857142857143
2006-11-01,Manufacturing,Italy,120.1,"Index, 2021=100",119.9,19.87272727272727,14.200454545454546,-0.6336040683167151,0.0,58.76136363636363,57.808181818181815
2006-12-01,Manufacturing,Italy,123.0,"Index, 2021=100",120.1,16.45809523809524,19.87272727272727,0.06279864252157119,1.7594994847040366,62.41952380952381,58.76136363636363
2007-01-01,Manufacturing,Italy,121.8,"Index, 2021=100",123.0,13.603478260869565,16.45809523809524,-0.8815456486489374,0.0,53.748695652173915,62.41952380952381
2007-02-01,Manufacturing,Italy,122.3,"Index, 2021=100",121.8,9.310500000000001,13.603478260869565,0.5012149220613668,0.0,57.516999999999996,53.748695652173915
2007-03-01,Manufacturing,Italy,122.8,"Index, 2021=100",122.3,10.338636363636363,9.310500000000001,0.001407425353364094,-0.689195928658093,62.05045454545455,57.516999999999996
2007-04-01,Manufacturing,Italy,120.4,"Index, 2021=100",122.8,8.91904761904762,10.338636363636363,0.23160567911181562,0.0,67.64428571428572,62.05045454545455
2007-05-01,Manufacturing,Italy,122.5,"Index, 2021=100",120.4,11.71391304347826,8.91904761904762,-0.29762578435044224,0.0,67.36478260869566,67.64428571428572
2007-06-01,Manufacturing,Italy,122.1,"Index, 2021=100",122.5,10.586190476190476,11.71391304347826,0.16535936703141824,0.0,71.04571428571428,67.36478260869566
2007-07-01,Manufacturing,Italy,121.4,"Index, 2021=100",122.1,14.946363636363635,10.586190476190476,0.18880782596297765,0.0,76.80863636363637,71.04571428571428
2007-08-01,Manufacturing,Italy,127.1,"Index, 2021=100",121.4,14.281304347826088,14.946363636363635,-0.5681005018139146,0.0,70.76086956521739,76.80863636363637
2007-09-01,Manufacturing,Italy,122.8,"Index, 2021=100",127.1,17.057,14.281304347826088,1.0001793364551819,1.1859376565060231,76.929,70.76086956521739
2007-10-01,Manufacturing,Italy,121.1,"Index, 2021=100",122.8,20.13478260869565,17.057,0.10198579635873983,0.0,82.34,76.929
2007-11-01,Manufacturing,Italy,119.7,"Index, 2021=100",121.1,22.223636363636363,20.13478260869565,0.6128810878526092,0.0,92.53045454545455,82.34
2007-12-01,Manufacturing,Italy,121.3,"Index, 2021=100",119.7,23.133333333333333,22.223636363636363,-0.28925766272037334,-0.831933850195447,90.99,92.53045454545455
2008-01-01,Manufacturing,Italy,124.1,"Index, 2021=100",121.3,24.26347826086956,23.133333333333333,-0.13761859893639725,0.0,92.13391304347826,90.99
2008-02-01,Manufacturing,Italy,122.9,"Index, 2021=100",124.1,22.760952380952382,24.26347826086956,0.2608943406309443,-2.502179452682496,95.08047619047619,92.13391304347826
2008-03-01,Manufacturing,Italy,123.6,"Index, 2021=100",122.9,23.693333333333335,22.760952380952382,1.0041522754151373,4.248635030337986,103.45190476190476,95.08047619047619
2008-04-01,Manufacturing,Italy,124.0,"Index, 2021=100",123.6,25.75318181818182,23.693333333333335,0.06105421820469373,0.0,109.07136363636364,103.45190476190476
2008-05-01,Manufacturing,Italy,119.9,"Index, 2021=100",124.0,25.01409090909091,25.75318181818182,1.3761117623094206,0.0,123.11181818181818,109.07136363636364
2008-06-01,Manufacturing,Italy,121.3,"Index, 2021=100",119.9,26.552380952380954,25.01409090909091,1.1146900143738558,0.0,132.32238095238094,123.11181818181818
2008-07-01,Manufacturing,Italy,117.4,"Index, 2021=100",121.3,25.088260869565215,26.552380952380954,0.5718559213874487,0.0,133.20652173913044,132.32238095238094
2008-08-01,Manufacturing,Italy,114.8,"Index, 2021=100",117.4,24.035238095238096,25.088260869565215,-0.46951606860925593,0.0,113.24333333333334,133.20652173913044
2008-09-01,Manufacturing,Italy,113.1,"Index, 2021=100",114.8,30.28409090909091,24.035238095238096,0.2624296377427312,-0.7550683370320911,97.97363636363637,113.24333333333334
2008-10-01,Manufacturing,Italy,110.8,"Index, 2021=100",113.1,26.14260869565217,30.28409090909091,-2.8871890830034372,-5.276020721573241,71.58217391304348,97.97363636363637
2008-11-01,Manufacturing,Italy,107.3,"Index, 2021=100",110.8,23.5355,26.14260869565217,-1.0616536689944311,0.0,52.2995,71.58217391304348
2008-12-01,Manufacturing,Italy,103.1,"Index, 2021=100",107.3,21.674347826086954,23.5355,-0.2694383119813248,-2.158283290921576,39.70782608695652,52.2995
2009-01-01,Manufacturing,Italy,99.0,"Index, 2021=100",103.1,23.224999999999998,21.674347826086954,1.9606284214617051,0.0,43.09227272727273,39.70782608695652
2009-02-01,Manufacturing,Italy,94.9,"Index, 2021=100",99.0,17.725,23.224999999999998,0.07516411002784573,0.0,43.326499999999996,43.09227272727273
2009-03-01,Manufacturing,Italy,90.8,"Index, 2021=100",94.9,12.2,17.725,1.147539934894266,1.9198599485884802,46.540454545454544,43.326499999999996
2009-04-01,Manufacturing,Italy,91.4,"Index, 2021=100",90.8,11.327272727272726,12.2,-0.6897706760210826,0.0,50.279545454545456,46.540454545454544
2009-05-01,Manufacturing,Italy,92.9,"Index, 2021=100",91.4,11.00952380952381,11.327272727272726,0.9371855413099275,2.9437593321208158,57.36904761904762,50.279545454545456
2009-06-01,Manufacturing,Italy,92.1,"Index, 2021=100",92.9,10.796818181818182,11.00952380952381,1.0697891624848404,0.0,68.60954545454545,57.36904761904762
2009-07-01,Manufacturing,Italy,94.5,"Index, 2021=100",92.1,9.393478260869566,10.796818181818182,-0.8584497443655938,0.0,64.49217391304347,68.60954545454545
2009-08-01,Manufacturing,Italy,92.5,"Index, 2021=100",94.5,8.778571428571428,9.393478260869566,1.168814769853965,0.0,72.50857142857143,64.49217391304347
2009-09-01,Manufacturing,Italy,94.9,"Index, 2021=100",92.5,9.418181818181818,8.778571428571428,0.12040182675501683,0.7555170574307397,67.56409090909091,72.50857142857143
2009-10-01,Manufacturing,Italy,96.6,"Index, 2021=100",94.9,10.340909090909092,9.418181818181818,0.8389514187941388,0.0,72.76954545454545,67.56409090909091
2009-11-01,Manufacturing,Italy,97.0,"Index, 2021=100",96.6,9.738095238095237,10.340909090909092,-0.14885123884919385,0.0,76.65761904761905,72.76954545454545
2009-12-01,Manufacturing,Italy,96.0,"Index, 2021=100",97.0,11.4,9.738095238095237,-0.8450010635890879,1.281714088367376,74.48652173913044,76.65761904761905
2010-01-01,Manufacturing,Italy,98.1,"Index, 2021=100",96.0,14.44047619047619,11.4,-0.48138524271346517,0.0,76.28285714285714,74.48652173913044
2010-02-01,Manufacturing,Italy,97.9,"Index, 2021=100",98.1,13.715,14.44047619047619,-0.21414063782099357,0.0,73.639,76.28285714285714
2010-03-01,Manufacturing,Italy,98.7,"Index, 2021=100",97.9,11.954782608695652,13.715,-0.5233596426999279,1.5544096531485574,78.82739130434783,73.639
2010-04-01,Manufacturing,Italy,99.7,"Index, 2021=100",98.7,13.493181818181819,11.954782608695652,-0.18357082280701043,0.0,84.71818181818182,78.82739130434783
2010-05-01,Manufacturing,Italy,100.4,"Index, 2021=100",99.7,16.781904761904762,13.493181818181819,-1.323271263136311,0.0,75.8052380952381,84.71818181818182
2010-06-01,Manufacturing,Italy,103.1,"Index, 2021=100",100.4,19.222727272727273,16.781904761904762,0.525869862586917,0.0,74.7609090909091,75.8052380952381
2010-07-01,Manufacturing,Italy,102.3,"Index, 2021=100",103.1,19.469545454545454,19.222727272727273,0.04754485195679738,0.0,75.40590909090909,74.7609090909091
2010-08-01,Manufacturing,Italy,104.6,"Index, 2021=100",102.3,18.13090909090909,19.469545454545454,-0.07161403937119563,0.0,77.03954545454545,75.40590909090909
2010-09-01,Manufacturing,Italy,102.2,"Index, 2021=100",104.6,18.943181818181817,18.13090909090909,-0.1487126906627298,0.0,77.71272727272728,77.03954545454545
2010-10-01,Manufacturing,Italy,102.1,"Index, 2021=100",102.2,18.497619047619047,18.943181818181817,0.7103428057964077,-0.4584134038079942,82.6647619047619,77.71272727272728
2010-11-01,Manufacturing,Italy,102.8,"Index, 2021=100",102.1,19.477272727272727,18.497619047619047,0.09961570270309454,0.0,85.24090909090908,82.6647619047619
2010-12-01,Manufacturing,Italy,102.7,"Index, 2021=100",102.8,24.09478260869565,19.477272727272727,-0.1169385540431611,1.0894693635716877,91.54173913043478,85.24090909090908
2011-01-01,Manufacturing,Italy,101.4,"Index, 2021=100",102.7,22.343809523809526,24.09478260869565,-0.13316626923827257,0.0,96.58714285714285,91.54173913043478
2011-02-01,Manufacturing,Italy,104.7,"Index, 2021=100",101.4,21.761,22.343809523809526,0.1062714600527813,0.0,103.6405,96.58714285714285
2011-03-01,Manufacturing,Italy,104.6,"Index, 2021=100",104.7,23.722608695652173,21.761,1.0735774048683804,0.0,114.64347826086957,103.6405
2011-04-01,Manufacturing,Italy,106.0,"Index, 2021=100",104.6,22.854761904761904,23.722608695652173,0.9191065185128502,0.0,123.45380952380954,114.64347826086957
2011-05-01,Manufacturing,Italy,103.6,"Index, 2021=100",106.0,22.989545454545453,22.854761904761904,-0.754449697870264,0.0,114.98272727272727,123.45380952380954
2011-06-01,Manufacturing,Italy,102.8,"Index, 2021=100",103.6,22.613636363636363,22.989545454545453,-0.5053044665651589,1.5367288900477356,113.83318181818181,114.98272727272727
2011-07-01,Manufacturing,Italy,102.4,"Index, 2021=100",102.8,21.51142857142857,22.613636363636363,-0.18652846565540906,0.0,116.63285714285715,113.83318181818181
2011-08-01,Manufacturing,Italy,102.0,"Index, 2021=100",102.4,21.93565217391304,21.51142857142857,-1.0228125161863917,0.0,110.3095652173913,116.63285714285715
2011-09-01,Manufacturing,Italy,100.5,"Index, 2021=100",102.0,23.39363636363636,21.93565217391304,0.43959634290727284,0.0,112.9740909090909,110.3095652173913
2011-10-01,Manufacturing,Italy,99.7,"Index, 2021=100",100.5,22.554761904761904,23.39363636363636,-0.15278013183668757,0.0,109.55000000000001,112.9740909090909
2011-11-01,Manufacturing,Italy,100.3,"Index, 2021=100",99.7,23.736363636363638,22.554761904761904,0.8939539270283243,0.0,110.58909090909091,109.55000000000001
2011-12-01,Manufacturing,Italy,101.6,"Index, 2021=100",100.3,22.296818181818182,23.736363636363638,-0.356458994127559,-4.916568331324604,107.99863636363635,110.58909090909091
2012-01-01,Manufacturing,Italy,97.0,"Index, 2021=100",101.6,21.865454545454543,22.296818181818182,0.20632540358179952,0.0,110.53136363636364,107.99863636363635
2012-02-01,Manufacturing,Italy,96.6,"Index, 2021=100",97.0,25.41142857142857,21.865454545454543,-0.029054799009691847,0.0,119.39190476190477,110.53136363636364
2012-03-01,Manufacturing,Italy,98.4,"Index, 2021=100",96.6,23.80727272727273,25.41142857142857,0.784751689386223,0.0,125.44545454545455,119.39190476190477
2012-04-01,Manufacturing,Italy,96.3,"Index, 2021=100",98.4,24.78952380952381,23.80727272727273,0.24063874434988755,0.0,120.05666666666667,125.44545454545455
2012-05-01,Manufacturing,Italy,98.0,"Index, 2021=100",96.3,24.196521739130436,24.78952380952381,-0.3856336478636065,0.0,110.2891304347826,120.05666666666667
2012-06-01,Manufacturing,Italy,95.6,"Index, 2021=100",98.0,23.673333333333332,24.196521739130436,-0.36812562156261563,1.490841835031829,95.15571428571428,110.2891304347826
2012-07-01,Manufacturing,Italy,96.5,"Index, 2021=100",95.6,24.332727272727276,23.673333333333332,0.6703576310954897,0.0,102.49454545454546,95.15571428571428
2012-08-01,Manufacturing,Italy,95.9,"Index, 2021=100",96.5,24.05652173913043,24.332727272727276,0.889111873743037,0.0,113.35608695652174,102.49454545454546
2012-09-01,Manufacturing,Italy,96.3,"Index, 2021=100",95.9,25.825499999999998,24.05652173913043,0.366716761812549,0.0,112.917,113.35608695652174
2012-10-01,Manufacturing,Italy,94.5,"Index, 2021=100",96.3,26.702173913043477,25.825499999999998,-0.2515652750980356,0.0,111.7108695652174,112.917
2012-11-01,Manufacturing,Italy,93.2,"Index, 2021=100",94.5,27.24909090909091,26.702173913043477,-0.07773850880404555,0.0,109.13818181818182,111.7108695652174
2012-12-01,Manufacturing,Italy,93.2,"Index, 2021=100",93.2,27.22333333333333,27.24909090909091,-0.28562219812972955,0.9944110031743462,109.44380952380953,109.13818181818182
2013-01-01,Manufacturing,Italy,93.9,"Index, 2021=100",93.2,26.51782608695652,27.22333333333333,0.31250565033261724,0.0,112.81173913043479,109.44380952380953
2013-02-01,Manufacturing,Italy,93.1,"Index, 2021=100",93.9,26.3165,26.51782608695652,0.16430715373994836,0.0,116.11800000000001,112.81173913043479
2013-03-01,Manufacturing,Italy,92.0,"Index, 2021=100",93.1,32.31666666666666,26.3165,-0.383542027094866,0.0,108.47333333333333,116.11800000000001
2013-04-01,Manufacturing,Italy,91.9,"Index, 2021=100",92.0,28.575,32.31666666666666,-0.25921885392347294,0.0,102.24818181818182,108.47333333333333
2013-05-01,Manufacturing,Italy,93.9,"Index, 2021=100",91.9,26.73304347826087,28.575,0.16248527258302423,-1.3607161850187028,102.50130434782609,102.24818181818182
2013-06-01,Manufacturing,Italy,93.8,"Index, 2021=100",93.9,26.23,26.73304347826087,0.1894274611148,0.0,102.9195,102.50130434782609
2013-07-01,Manufacturing,Italy,93.6,"Index, 2021=100",93.8,26.070434782608697,26.23,0.6182980381651376,0.0,107.85434782608696,102.9195
2013-08-01,Manufacturing,Italy,92.0,"Index, 2021=100",93.6,25.55181818181818,26.070434782608697,-0.07052223294410298,0.0,111.28045454545455,107.85434782608696
2013-09-01,Manufacturing,Italy,94.0,"Index, 2021=100",92.0,26.478571428571428,25.55181818181818,0.06362224893820845,0.0,111.8047619047619,111.28045454545455
2013-10-01,Manufacturing,Italy,94.5,"Index, 2021=100",94.0,25.868695652173916,26.478571428571428,0.13725652508100525,0.0,109.07652173913044,111.8047619047619
2013-11-01,Manufacturing,Italy,93.9,"Index, 2021=100",94.5,27.18047619047619,25.868695652173916,-0.11144201084991862,0.0,107.96,109.07652173913044
2013-12-01,Manufacturing,Italy,92.6,"Index, 2021=100",93.9,27.702727272727273,27.18047619047619,0.6426503974155726,1.006536826380158,110.79363636363637,107.96
2014-01-01,Manufacturing,Italy,95.0,"Index, 2021=100",92.6,26.253913043478263,27.702727272727273,-0.19812368810882713,0.0,108.19739130434782,110.79363636363637
2014-02-01,Manufacturing,Italy,94.4,"Index, 2021=100",95.0,23.849,26.253913043478263,-0.044531303873754494,0.0,108.88700000000001,108.19739130434782
2014-03-01,Manufacturing,Italy,93.2,"Index, 2021=100",94.4,22.767142857142858,23.849,0.0514680128382354,0.0,107.48095238095237,108.88700000000001
2014-04-01,Manufacturing,Italy,93.7,"Index, 2021=100",93.2,20.423181818181817,22.767142857142858,-0.018508882722691297,0.0,107.84772727272728,107.48095238095237
2014-05-01,Manufacturing,Italy,92.2,"Index, 2021=100",93.7,19.08818181818182,20.423181818181817,0.10496074182617701,0.0,109.53909090909092,107.84772727272728
2014-06-01,Manufacturing,Italy,94.2,"Index, 2021=100",92.2,17.39190476190476,19.08818181818182,0.3545000070992207,0.42851134062250246,111.79523809523809,109.53909090909092
2014-07-01,Manufacturing,Italy,93.2,"Index, 2021=100",94.2,16.50565217391304,17.39190476190476,-0.4381447112306579,0.0,106.86434782608696,111.79523809523809
2014-08-01,Manufacturing,Italy,91.6,"Index, 2021=100",93.2,17.497142857142858,16.50565217391304,0.08722188445673984,0.0,101.60809523809523,106.86434782608696
2014-09-01,Manufacturing,Italy,92.4,"Index, 2021=100",91.6,20.74863636363636,17.497142857142858,-0.16107172026645272,0.0,97.27454545454545,101.60809523809523
2014-10-01,Manufacturing,Italy,92.2,"Index, 2021=100",92.4,21.268260869565218,20.74863636363636,-0.2764119863445895,0.0,87.42521739130434,97.27454545454545
2014-11-01,Manufacturing,Italy,92.6,"Index, 2021=100",92.2,22.978,21.268260869565218,-0.9869169148213338,-9.796069628596289,79.3355,87.42521739130434
2014-12-01,Manufacturing,Italy,93.7,"Index, 2021=100",92.6,22.520869565217392,22.978,-1.2412203634377712,0.0,62.17565217391304,79.3355
2015-01-01,Manufacturing,Italy,93.1,"Index, 2021=100",93.7,19.755,22.520869565217392,-1.689378075003543,0.0,48.08363636363636,62.17565217391304
2015-02-01,Manufacturing,Italy,93.7,"Index, 2021=100",93.1,22.566,19.755,1.030226324080852,0.0,58.0955,48.08363636363636
2015-03-01,Manufacturing,Italy,93.9,"Index, 2021=100",93.7,21.856818181818184,22.566,-0.2471285840319799,0.0,55.88545454545454,58.0955
2015-04-01,Manufacturing,Italy,94.1,"Index, 2021=100",93.9,22.078181818181818,21.856818181818184,0.7630852782137214,0.0,59.35181818181818,55.88545454545454
2015-05-01,Manufacturing,Italy,94.9,"Index, 2021=100",94.1,20.548571428571428,22.078181818181818,0.9306750388082086,0.0,64.1047619047619,59.35181818181818
2015-06-01,Manufacturing,Italy,94.6,"Index, 2021=100",94.9,20.520454545454545,20.548571428571428,-0.3949488388902102,2.4056171564772404,61.47772727272727,64.1047619047619
2015-07-01,Manufacturing,Italy,94.8,"Index, 2021=100",94.6,20.858260869565218,20.520454545454545,-0.8969936335129175,0.0,56.56130434782609,61.47772727272727
2015-08-01,Manufacturing,Italy,92.8,"Index, 2021=100",94.8,19.576190476190476,20.858260869565218,-0.6689537169882939,0.0,46.58428571428571,56.56130434782609
2015-09-01,Manufacturing,Italy,94.5,"Index, 2021=100",92.8,19.16,19.576190476190476,0.4134260838296521,0.0,47.62318181818182,46.58428571428571
2015-10-01,Manufacturing,Italy,94.8,"Index, 2021=100",94.5,18.243636363636366,19.16,-0.17098247375992967,0.0,48.43,47.62318181818182
2015-11-01,Manufacturing,Italy,95.6,"Index, 2021=100",94.8,17.202380952380953,18.243636363636366,-0.3748783969247207,0.0,44.26761904761905,48.43
2015-12-01,Manufacturing,Italy,93.8,"Index, 2021=100",95.6,15.640869565217391,17.202380952380953,-0.7698627351357819,-1.9668139100704445,37.97130434782609,44.26761904761905
2016-01-01,Manufacturing,Italy,96.6,"Index, 2021=100",93.8,13.904285714285715,15.640869565217391,-1.2929579520638326,0.0,30.98095238095238,37.97130434782609
2016-02-01,Manufacturing,Italy,95.6,"Index, 2021=100",96.6,12.476666666666667,13.904285714285715,-0.22939651791615284,0.0,32.163333333333334,30.98095238095238
2016-03-01,Manufacturing,Italy,95.2,"Index, 2021=100",95.6,12.267826086956523,12.476666666666667,0.9962287899781237,0.0,38.21565217391304,32.163333333333334
2016-04-01,Manufacturing,Italy,97.3,"Index, 2021=100",95.2,11.979999999999999,12.267826086956523,-0.15187983491624749,0.0,41.583333333333336,38.21565217391304
2016-05-01,Manufacturing,Italy,95.3,"Index, 2021=100",97.3,13.04090909090909,11.979999999999999,0.6792464128472383,0.0,46.84909090909091,41.583333333333336
2016-06-01,Manufacturing,Italy,94.5,"Index, 2021=100",95.3,14.41590909090909,13.04090909090909,-0.1770446016289529,0.582575139176583,48.24727272727273,46.84909090909091
2016-07-01,Manufacturing,Italy,96.3,"Index, 2021=100",94.5,14.241904761904761,14.41590909090909,-0.4528878840711025,0.0,44.951904761904764,48.24727272727273
2016-08-01,Manufacturing,Italy,97.7,"Index, 2021=100",96.3,11.980869565217391,14.241904761904761,0.1189274105169856,0.0,45.843043478260874,44.951904761904764
2016-09-01,Manufacturing,Italy,96.5,"Index, 2021=100",97.7,12.282272727272726,11.980869565217391,0.24870447283671346,1.4727297897900193,46.567727272727275,45.843043478260874
2016-10-01,Manufacturing,Italy,96.5,"Index, 2021=100",96.5,16.093809523809526,12.282272727272726,0.41093056832079616,0.0,49.522380952380956,46.567727272727275
2016-11-01,Manufacturing,Italy,97.4,"Index, 2021=100",96.5,17.90590909090909,16.093809523809526,-0.5793797051617606,7.91404059403762,44.73409090909091,49.522380952380956
2016-12-01,Manufacturing,Italy,98.9,"Index, 2021=100",97.4,17.689545454545456,17.90590909090909,0.7086845393102761,2.0404579621780123,53.365,44.73409090909091
2017-01-01,Manufacturing,Italy,95.2,"Index, 2021=100",98.9,20.12272727272727,17.689545454545456,0.08901653408704874,0.0,54.59409090909091,53.365
2017-02-01,Manufacturing,Italy,97.5,"Index, 2021=100",95.2,19.553,20.12272727272727,-0.03179032404754296,0.0,54.8695,54.59409090909091
2017-03-01,Manufacturing,Italy,99.1,"Index, 2021=100",97.5,15.799130434782608,19.553,-1.4425063041961181,0.0,51.589130434782604,54.8695
2017-04-01,Manufacturing,Italy,98.2,"Index, 2021=100",99.1,16.058,15.799130434782608,0.21703780157455996,0.0,52.44500000000001,51.589130434782604
2017-05-01,Manufacturing,Italy,99.3,"Index, 2021=100",98.2,15.669130434782607,16.058,-0.8328997339371286,-4.41644778310952,50.326521739130435,52.44500000000001
2017-06-01,Manufacturing,Italy,100.2,"Index, 2021=100",99.3,15.134545454545453,15.669130434782607,-0.26420964099602673,0.0,46.36818181818182,50.326521739130435
2017-07-01,Manufacturing,Italy,101.4,"Index, 2021=100",100.2,15.095714285714285,15.134545454545453,-0.1449934034705647,0.0,48.47857142857143,46.36818181818182
2017-08-01,Manufacturing,Italy,103.0,"Index, 2021=100",101.4,15.99304347826087,15.095714285714285,-0.1520757414392232,0.0,51.70434782608696,48.47857142857143
2017-09-01,Manufacturing,Italy,100.4,"Index, 2021=100",103.0,17.302857142857142,15.99304347826087,0.32443706724488564,0.0,56.152857142857144,51.70434782608696
2017-10-01,Manufacturing,Italy,100.7,"Index, 2021=100",100.4,17.10363636363636,17.302857142857142,-0.3486109778555899,0.0,57.50772727272727,56.152857142857144
2017-11-01,Manufacturing,Italy,101.9,"Index, 2021=100",100.7,19.57090909090909,17.10363636363636,0.12556813519738738,0.21630901693183507,62.71409090909091,57.50772727272727
2017-12-01,Manufacturing,Italy,105.3,"Index, 2021=100",101.9,20.795238095238094,19.57090909090909,-0.1117328946322315,0.0,64.39619047619047,62.71409090909091
2018-01-01,Manufacturing,Italy,102.6,"Index, 2021=100",105.3,18.6,20.795238095238094,0.7325011228803984,0.0,68.97521739130435,64.39619047619047
2018-02-01,Manufacturing,Italy,100.5,"Index, 2021=100",102.6,21.679,18.6,-0.5046465050387093,0.0,65.3175,68.97521739130435
2018-03-01,Manufacturing,Italy,102.0,"Index, 2021=100",100.5,23.622727272727275,21.679,-0.10225293145429594,0.0,66.1531818181818,65.3175
2018-04-01,Manufacturing,Italy,101.1,"Index, 2021=100",102.0,19.645238095238096,23.622727272727275,0.47425564352743266,0.0,71.95904761904762,66.1531818181818
2018-05-01,Manufacturing,Italy,101.6,"Index, 2021=100",101.1,21.566086956521737,19.645238095238096,0.5388658853656386,0.0,76.86217391304348,71.95904761904762
2018-06-01,Manufacturing,Italy,102.3,"Index, 2021=100",101.6,21.92761904761905,21.566086956521737,-0.5831886971683538,-0.4130092757360921,74.4047619047619,76.86217391304348
2018-07-01,Manufacturing,Italy,101.3,"Index, 2021=100",102.3,22.253636363636364,21.92761904761905,0.5294960350409211,0.0,74.2540909090909,74.4047619047619
2018-08-01,Manufacturing,Italy,102.0,"Index, 2021=100",101.3,23.94347826086957,22.253636363636364,-0.20893271379353645,0.0,72.52826086956522,74.2540909090909
2018-09-01,Manufacturing,Italy,101.9,"Index, 2021=100",102.0,27.837,23.94347826086957,0.6564596940208821,0.0,78.89099999999999,72.52826086956522
2018-10-01,Manufacturing,Italy,101.9,"Index, 2021=100",101.9,25.539565217391303,27.837,0.12149689586130322,0.0,81.03217391304348,78.89099999999999
2018-11-01,Manufacturing,Italy,99.8,"Index, 2021=100",101.9,24.633636363636366,25.539565217391303,-1.3685992177175907,0.0,64.74818181818182,81.03217391304348
2018-12-01,Manufacturing,Italy,100.3,"Index, 2021=100",99.8,23.666190476190476,24.633636363636366,-0.2447966896801907,2.07348679679867,56.26285714285714,64.74818181818182
2019-01-01,Manufacturing,Italy,100.3,"Index, 2021=100",100.3,21.39782608695652,23.666190476190476,0.35962477880472876,0.0,59.025217391304345,56.26285714285714
2019-02-01,Manufacturing,Italy,101.4,"Index, 2021=100",100.3,18.0035,21.39782608695652,0.1517462342010795,0.0,63.9605,59.025217391304345
2019-03-01,Manufacturing,Italy,100.5,"Index, 2021=100",101.4,15.697619047619046,18.0035,-0.17808513427363806,0.0,66.13857142857144,63.9605
2019-04-01,Manufacturing,Italy,99.0,"Index, 2021=100",100.5,15.041818181818183,15.697619047619046,0.3628493694964929,0.0,71.20954545454545,66.13857142857144
2019-05-01,Manufacturing,Italy,101.1,"Index, 2021=100",99.0,13.298695652173913,15.041818181818183,-0.7347359961140314,0.0,71.17260869565217,71.20954545454545
2019-06-01,Manufacturing,Italy,100.7,"Index, 2021=100",101.1,10.5225,13.298695652173913,-0.33975076992957615,0.0,64.2205,71.17260869565217
2019-07-01,Manufacturing,Italy,100.9,"Index, 2021=100",100.7,10.941304347826087,10.5225,0.3395291323618024,-4.251048097619388,63.9191304347826,64.2205
2019-08-01,Manufacturing,Italy,99.4,"Index, 2021=100",100.9,10.029545454545454,10.941304347826087,-0.3748389650611249,0.0,59.041818181818186,63.9191304347826
2019-09-01,Manufacturing,Italy,100.0,"Index, 2021=100",99.4,9.568095238095239,10.029545454545454,0.48197852185687173,0.0,62.826666666666675,59.041818181818186
2019-10-01,Manufacturing,Italy,99.2,"Index, 2021=100",100.0,10.30913043478261,9.568095238095239,-0.3400181888327622,0.0,59.71304347826087,62.826666666666675
2019-11-01,Manufacturing,Italy,99.6,"Index, 2021=100",99.2,14.763809523809524,10.30913043478261,0.4635132466348744,0.0,63.21190476190476,59.71304347826087
2019-12-01,Manufacturing,Italy,97.3,"Index, 2021=100",99.6,13.031363636363636,14.763809523809524,0.4622502963974788,1.090508505035817,67.31,63.21190476190476
2020-01-01,Manufacturing,Italy,100.2,"Index, 2021=100",97.3,11.144782608695651,13.031363636363636,1.4414572982744303,0.0,63.82478260869566,67.31
2020-02-01,Manufacturing,Italy,98.2,"Index, 2021=100",100.2,9.3725,11.144782608695651,-0.8114535624060095,0.0,55.702,63.82478260869566
2020-03-01,Manufacturing,Italy,68.7,"Index, 2021=100",98.2,8.622727272727273,9.3725,-1.9239758097171007,-8.007737426749562,31.993636363636366,55.702
2020-04-01,Manufacturing,Italy,52.5,"Index, 2021=100",68.7,6.54,8.622727272727273,1.3138212739143362,3.0940649462160628,18.546818181818182,31.993636363636366
2020-05-01,Manufacturing,Italy,78.8,"Index, 2021=100",52.5,4.575714285714286,6.54,0.7414620048035757,0.0,29.344285714285714,18.546818181818182
2020-06-01,Manufacturing,Italy,86.0,"Index, 2021=100",78.8,4.991818181818181,4.575714285714286,-0.674179631293128,-3.149840310433884,40.26681818181818,29.344285714285714
2020-07-01,Manufacturing,Italy,93.0,"Index, 2021=100",86.0,4.879565217391304,4.991818181818181,-0.07202838847948002,0.0,43.24217391304348,40.26681818181818
2020-08-01,Manufacturing,Italy,98.3,"Index, 2021=100",93.0,7.533333333333333,4.879565217391304,-0.7379957308695794,0.0,44.75904761904762,43.24217391304348
2020-09-01,Manufacturing,Italy,94.7,"Index, 2021=100",98.3,11.161818181818182,7.533333333333333,-0.5826109751692493,0.0,40.90954545454545,44.75904761904762
2020-10-01,Manufacturing,Italy,97.3,"Index, 2021=100",94.7,13.955454545454545,11.161818181818182,-0.291036694449014,0.0,40.18954545454546,40.90954545454545
2020-11-01,Manufacturing,Italy,95.6,"Index, 2021=100",97.3,13.794285714285715,13.955454545454545,-0.1676225177801478,0.0,42.69238095238095,40.18954545454546
2020-12-01,Manufacturing,Italy,95.8,"Index, 2021=100",95.6,16.34565217391304,13.794285714285715,-0.06503074006202851,0.563137829641395,50.03217391304348,42.69238095238095
2021-01-01,Manufacturing,Italy,97.8,"Index, 2021=100",95.8,20.476190476190474,16.34565217391304,-0.5778110950222807,3.899417998430563,54.60476190476191,50.03217391304348
2021-02-01,Manufacturing,Italy,97.8,"Index, 2021=100",97.8,17.4085,20.476190476190474,0.26866362438390906,0.0,62.2765,54.60476190476191
2021-03-01,Manufacturing,Italy,98.1,"Index, 2021=100",97.8,17.795217391304348,17.4085,0.3009824618650811,3.5419347237958796,65.41,62.2765
2021-04-01,Manufacturing,Italy,99.6,"Index, 2021=100",98.1,20.775454545454547,17.795217391304348,0.5129892999970512,5.991632222929873,64.71954545454545,65.41
2021-05-01,Manufacturing,Italy,98.2,"Index, 2021=100",99.6,25.285238095238096,20.775454545454547,0.8992703670969532,0.0,68.5352380952381,64.71954545454545
2021-06-01,Manufacturing,Italy,99.9,"Index, 2021=100",98.2,29.238636363636363,25.285238095238096,0.36360474028399664,2.2925007532095663,73.1640909090909,68.5352380952381
2021-07-01,Manufacturing,Italy,101.4,"Index, 2021=100",99.9,36.13954545454545,29.238636363636363,0.019142986170709916,-9.851298268875022,75.1659090909091,73.1640909090909
2021-08-01,Manufacturing,Italy,99.9,"Index, 2021=100",101.4,44.30409090909091,36.13954545454545,-0.3147083142103972,0.0,70.81590909090909,75.1659090909091
2021-09-01,Manufacturing,Italy,100.7,"Index, 2021=100",99.9,64.45363636363636,44.30409090909091,1.015760795186652,0.4390282348823775,74.48863636363636,70.81590909090909
2021-10-01,Manufacturing,Italy,100.2,"Index, 2021=100",100.7,87.69238095238094,64.45363636363636,0.7705932795655408,2.361261487325598,83.53809523809524,74.48863636363636
2021-11-01,Manufacturing,Italy,101.9,"Index, 2021=100",100.2,81.92136363636364,87.69238095238094,-0.5218341421272874,-1.0130750354233125,81.05,83.53809523809524
2021-12-01,Manufacturing,Italy,100.2,"Index, 2021=100",101.9,112.80739130434783,81.92136363636364,-0.49656758152090014,1.7069751201240932,74.26347826086956,81.05
2022-01-01,Manufacturing,Italy,95.0,"Index, 2021=100",100.2,84.06952380952382,112.80739130434783,0.8522287791057341,1.4985078326623733,86.50523809523808,74.26347826086956
2022-02-01,Manufacturing,Italy,101.3,"Index, 2021=100",95.0,81.164,84.06952380952382,0.20967705216092372,0.6492342056890332,97.12899999999999,86.50523809523808
2022-03-01,Manufacturing,Italy,101.3,"Index, 2021=100",101.3,129.18304347826088,81.164,1.1589724435645128,1.020230642989599,117.24521739130434,97.12899999999999
2022-04-01,Manufacturing,Italy,103.6,"Index, 2021=100",101.3,101.06238095238095,129.18304347826088,-0.41804567878166843,0.0,105.17095238095239,117.24521739130434
2022-05-01,Manufacturing,Italy,101.7,"Index, 2021=100",103.6,88.58863636363637,101.06238095238095,0.8079062673307621,0.4644825107300398,113.11136363636363,105.17095238095239
2022-06-01,Manufacturing,Italy,99.0,"Index, 2021=100",101.7,106.29454545454546,88.58863636363637,0.2666071424046354,-2.121493222584776,122.68772727272727,113.11136363636363
2022-07-01,Manufacturing,Italy,99.9,"Index, 2021=100",99.0,171.41666666666666,106.29454545454546,-1.5284523643533043,0.0,111.92571428571429,122.68772727272727
2022-08-01,Manufacturing,Italy,102.6,"Index, 2021=100",99.9,235.68391304347824,171.41666666666666,-0.8625649365210946,-2.904996658248558,100.47608695652173,111.92571428571429
2022-09-01,Manufacturing,Italy,100.4,"Index, 2021=100",102.6,190.24181818181816,235.68391304347824,-0.6092331240191604,0.5554531127177963,89.74954545454545,100.47608695652173
2022-10-01,Manufacturing,Italy,99.3,"Index, 2021=100",100.4,72.15047619047618,190.24181818181816,0.8249900068007756,2.4641871317219377,93.33190476190477,89.74954545454545
2022-11-01,Manufacturing,Italy,99.7,"Index, 2021=100",99.3,96.28181818181817,72.15047619047618,-0.31727729228827767,0.0,91.41545454545455,93.33190476190477
2022-12-01,Manufacturing,Italy,101.0,"Index, 2021=100",99.7,113.99181818181819,96.28181818181817,-0.5175798710392452,-2.8790551863806995,81.06272727272727,91.41545454545455
2023-01-01,Manufacturing,Italy,99.3,"Index, 2021=100",101.0,63.004090909090905,113.99181818181819,0.16272770514393026,0.0,82.51590909090909,81.06272727272727
2023-02-01,Manufacturing,Italy,99.9,"Index, 2021=100",99.3,53.352999999999994,63.004090909090905,-0.3578309492217428,0.0,82.58500000000001,82.51590909090909
2023-03-01,Manufacturing,Italy,99.7,"Index, 2021=100",99.9,44.18782608695652,53.352999999999994,-0.5444578687975978,0.0,78.43434782608696,82.58500000000001
2023-04-01,Manufacturing,Italy,97.5,"Index, 2021=100",99.7,42.585,44.18782608695652,0.7779760977112515,0.0,84.8305,78.43434782608696
2023-05-01,Manufacturing,Italy,99.0,"Index, 2021=100",97.5,31.335652173913044,42.585,-0.9911199872566404,0.0,75.77478260869565,84.8305
2023-06-01,Manufacturing,Italy,99.2,"Index, 2021=100",99.0,32.39909090909091,31.335652173913044,0.10438583996063543,0.4626838105740375,74.83909090909091,75.77478260869565
2023-07-01,Manufacturing,Italy,98.5,"Index, 2021=100",99.2,29.665714285714287,32.39909090909091,0.3105036346079896,0.0,80.10809523809523,74.83909090909091
2023-08-01,Manufacturing,Italy,98.6,"Index, 2021=100",98.5,33.52304347826087,29.665714285714287,0.2634335721723802,0.0,86.11608695652174,80.10809523809523
2023-09-01,Manufacturing,Italy,98.6,"Index, 2021=100",98.6,36.52761904761905,33.52304347826087,0.4709271233739839,0.0,93.72238095238096,86.11608695652174
2023-10-01,Manufacturing,Italy,98.1,"Index, 2021=100",98.6,43.264545454545456,36.52761904761905,-0.16534366151930893,0.0,90.59590909090909,93.72238095238096
2023-11-01,Manufacturing,Italy,96.9,"Index, 2021=100",98.1,43.269090909090906,43.264545454545456,-0.571544726123262,-2.4651491943871404,82.94,90.59590909090909
2023-12-01,Manufacturing,Italy,99.1,"Index, 2021=100",96.9,35.318571428571424,43.269090909090906,0.011208893183722398,0.0,77.87857142857143,82.94
2004-01-01,"Electricity, gas, steam and air conditioning supply",Italy,111.6,"Index, 2021=100",111.6,11.36,11.36,0.44154017195044576,0.0,31.236363636363638,29.77608695652174
2004-02-01,"Electricity, gas, steam and air conditioning supply",Italy,111.3,"Index, 2021=100",111.6,10.7975,11.36,-0.08581088034809001,2.694076911628696,30.8585,31.236363636363638
2004-03-01,"Electricity, gas, steam and air conditioning supply",Italy,115.3,"Index, 2021=100",111.3,10.900434782608697,10.7975,0.2813203494904621,-0.667869132781252,33.63434782608696,30.8585
2004-04-01,"Electricity, gas, steam and air conditioning supply",Italy,113.7,"Index, 2021=100",115.3,10.974545454545455,10.900434782608697,-0.6033863591783445,0.0,33.59090909090909,33.63434782608696
2004-05-01,"Electricity, gas, steam and air conditioning supply",Italy,112.5,"Index, 2021=100",113.7,11.221904761904762,10.974545454545455,0.5969780334499486,0.0,37.56761904761905,33.59090909090909
2004-06-01,"Electricity, gas, steam and air conditioning supply",Italy,109.7,"Index, 2021=100",112.5,10.607727272727272,11.221904761904762,-0.0108376887124877,-0.8697021883599181,35.18363636363636,37.56761904761905
2004-07-01,"Electricity, gas, steam and air conditioning supply",Italy,111.0,"Index, 2021=100",109.7,10.656818181818181,10.607727272727272,-0.18225670383212336,0.0,38.221363636363634,35.18363636363636
2004-08-01,"Electricity, gas, steam and air conditioning supply",Italy,111.1,"Index, 2021=100",111.0,12.030909090909091,10.656818181818181,0.41307128781677527,0.0,42.74409090909091,38.221363636363634
2004-09-01,"Electricity, gas, steam and air conditioning supply",Italy,114.0,"Index, 2021=100",111.1,12.784999999999998,12.030909090909091,0.020228290770040784,-1.6071356282661176,43.19681818181818,42.74409090909091
2004-10-01,"Electricity, gas, steam and air conditioning supply",Italy,114.7,"Index, 2021=100",114.0,12.065238095238096,12.784999999999998,0.8379242805985881,0.0,49.776666666666664,43.19681818181818
2004-11-01,"Electricity, gas, steam and air conditioning supply",Italy,114.0,"Index, 2021=100",114.7,12.959545454545456,12.065238095238096,-0.22862171681724705,0.0,43.110454545454544,49.776666666666664
2004-12-01,"Electricity, gas, steam and air conditioning supply",Italy,111.5,"Index, 2021=100",114.0,14.537391304347826,12.959545454545456,-0.8713033012256369,-3.1596202022297115,39.60217391304348,43.110454545454544
2005-01-01,"Electricity, gas, steam and air conditioning supply",Italy,110.9,"Index, 2021=100",111.5,14.123333333333331,14.537391304347826,0.2661415106984759,2.159954265104334,44.31238095238095,39.60217391304348
2005-02-01,"Electricity, gas, steam and air conditioning supply",Italy,115.5,"Index, 2021=100",110.9,16.8315,14.123333333333331,0.33553585232891664,0.0,45.475,44.31238095238095
2005-03-01,"Electricity, gas, steam and air conditioning supply",Italy,113.9,"Index, 2021=100",115.5,18.585217391304347,16.8315,0.5751930208570617,3.0421593263989704,53.071739130434786,45.475
2005-04-01,"Electricity, gas, steam and air conditioning supply",Italy,115.9,"Index, 2021=100",113.9,14.80857142857143,18.585217391304347,-0.5666684540474421,0.0,51.88380952380952,53.071739130434786
2005-05-01,"Electricity, gas, steam and air conditioning supply",Italy,114.6,"Index, 2021=100",115.9,14.289090909090909,14.80857142857143,-0.10846214234396483,0.0,48.64545454545455,51.88380952380952
2005-06-01,"Electricity, gas, steam and air conditioning supply",Italy,116.3,"Index, 2021=100",114.6,14.356363636363636,14.289090909090909,0.503989891285571,0.3374585671050337,54.35454545454545,48.64545454545455
2005-07-01,"Electricity, gas, steam and air conditioning supply",Italy,115.1,"Index, 2021=100",116.3,15.540952380952382,14.356363636363636,0.563468443674944,0.0,57.52,54.35454545454545
2005-08-01,"Electricity, gas, steam and air conditioning supply",Italy,112.5,"Index, 2021=100",115.1,15.107826086956523,15.540952380952382,0.718752317958703,0.0,63.98347826086956,57.52
2005-09-01,"Electricity, gas, steam and air conditioning supply",Italy,118.3,"Index, 2021=100",112.5,14.746363636363638,15.107826086956523,1.1148474280757803,-1.6643240899907965,62.908181818181816,63.98347826086956
2005-10-01,"Electricity, gas, steam and air conditioning supply",Italy,115.1,"Index, 2021=100",118.3,15.534761904761906,14.746363636363638,-1.0533079897254418,0.0,58.53857142857142,62.908181818181816
2005-11-01,"Electricity, gas, steam and air conditioning supply",Italy,118.7,"Index, 2021=100",115.1,19.15909090909091,15.534761904761906,-1.2341397270208476,0.0,55.24181818181818,58.53857142857142
2005-12-01,"Electricity, gas, steam and air conditioning supply",Italy,123.7,"Index, 2021=100",118.7,22.903636363636362,19.15909090909091,-0.03924653272715153,2.9526028347999587,56.84136363636364,55.24181818181818
2006-01-01,"Electricity, gas, steam and air conditioning supply",Italy,126.7,"Index, 2021=100",123.7,25.694999999999997,22.903636363636362,0.19348656521120655,-0.15180339953147387,62.77409090909091,56.84136363636364
2006-02-01,"Electricity, gas, steam and air conditioning supply",Italy,122.4,"Index, 2021=100",126.7,22.324,25.694999999999997,-0.6518974343740799,0.0,60.21,62.77409090909091
2006-03-01,"Electricity, gas, steam and air conditioning supply",Italy,123.6,"Index, 2021=100",122.4,26.028260869565216,22.324,-0.07863751143875931,-1.827456416166897,62.06478260869565,60.21
2006-04-01,"Electricity, gas, steam and air conditioning supply",Italy,114.8,"Index, 2021=100",123.6,21.387999999999998,26.028260869565216,0.6237237514902355,0.0,70.173,62.06478260869565
2006-05-01,"Electricity, gas, steam and air conditioning supply",Italy,116.6,"Index, 2021=100",114.8,19.692608695652176,21.387999999999998,-0.3540726086115883,0.0,69.77695652173912,70.173
2006-06-01,"Electricity, gas, steam and air conditioning supply",Italy,117.5,"Index, 2021=100",116.6,19.58409090909091,19.692608695652176,-0.31545669169778073,-1.1833322763183536,68.5559090909091,69.77695652173912
2006-07-01,"Electricity, gas, steam and air conditioning supply",Italy,121.3,"Index, 2021=100",117.5,19.847619047619048,19.58409090909091,0.28310573574819875,0.0,73.67428571428572,68.5559090909091
2006-08-01,"Electricity, gas, steam and air conditioning supply",Italy,114.1,"Index, 2021=100",121.3,17.97826086956522,19.847619047619048,-0.1782674258490434,0.0,73.2304347826087,73.67428571428572
2006-09-01,"Electricity, gas, steam and air conditioning supply",Italy,118.2,"Index, 2021=100",114.1,15.951428571428572,17.97826086956522,-1.0773599355773278,-1.1265879387430244,61.95857142857143,73.2304347826087
2006-10-01,"Electricity, gas, steam and air conditioning supply",Italy,113.9,"Index, 2021=100",118.2,14.200454545454546,15.951428571428572,-0.713482353040865,-1.0147867419479089,57.808181818181815,61.95857142857143
2006-11-01,"Electricity, gas, steam and air conditioning supply",Italy,115.2,"Index, 2021=100",113.9,19.87272727272727,14.200454545454546,-0.6336040683167151,0.0,58.76136363636363,57.808181818181815
2006-12-01,"Electricity, gas, steam and air conditioning supply",Italy,114.6,"Index, 2021=100",115.2,16.45809523809524,19.87272727272727,0.06279864252157119,1.7594994847040366,62.41952380952381,58.76136363636363
2007-01-01,"Electricity, gas, steam and air conditioning supply",Italy,112.5,"Index, 2021=100",114.6,13.603478260869565,16.45809523809524,-0.8815456486489374,0.0,53.748695652173915,62.41952380952381
2007-02-01,"Electricity, gas, steam and air conditioning supply",Italy,111.7,"Index, 2021=100",112.5,9.310500000000001,13.603478260869565,0.5012149220613668,0.0,57.516999999999996,53.748695652173915
2007-03-01,"Electricity, gas, steam and air conditioning supply",Italy,114.7,"Index, 2021=100",111.7,10.338636363636363,9.310500000000001,0.001407425353364094,-0.689195928658093,62.05045454545455,57.516999999999996
2007-04-01,"Electricity, gas, steam and air conditioning supply",Italy,115.5,"Index, 2021=100",114.7,8.91904761904762,10.338636363636363,0.23160567911181562,0.0,67.64428571428572,62.05045454545455
2007-05-01,"Electricity, gas, steam and air conditioning supply",Italy,122.2,"Index, 2021=100",115.5,11.71391304347826,8.91904761904762,-0.29762578435044224,0.0,67.36478260869566,67.64428571428572
2007-06-01,"Electricity, gas, steam and air conditioning supply",Italy,119.6,"Index, 2021=100",122.2,10.586190476190476,11.71391304347826,0.16535936703141824,0.0,71.04571428571428,67.36478260869566
2007-07-01,"Electricity, gas, steam and air conditioning supply",Italy,117.5,"Index, 2021=100",119.6,14.946363636363635,10.586190476190476,0.18880782596297765,0.0,76.80863636363637,71.04571428571428
2007-08-01,"Electricity, gas, steam and air conditioning supply",Italy,116.4,"Index, 2021=100",117.5,14.281304347826088,14.946363636363635,-0.5681005018139146,0.0,70.76086956521739,76.80863636363637
2007-09-01,"Electricity, gas, steam and air conditioning supply",Italy,117.1,"Index, 2021=100",116.4,17.057,14.281304347826088,1.0001793364551819,1.1859376565060231,76.929,70.76086956521739
2007-10-01,"Electricity, gas, steam and air conditioning supply",Italy,120.8,"Index, 2021=100",117.1,20.13478260869565,17.057,0.10198579635873983,0.0,82.34,76.929
2007-11-01,"Electricity, gas, steam and air conditioning supply",Italy,126.0,"Index, 2021=100",120.8,22.223636363636363,20.13478260869565,0.6128810878526092,0.0,92.53045454545455,82.34
2007-12-01,"Electricity, gas, steam and air conditioning supply",Italy,121.9,"Index, 2021=100",126.0,23.133333333333333,22.223636363636363,-0.28925766272037334,-0.831933850195447,90.99,92.53045454545455
2008-01-01,"Electricity, gas, steam and air conditioning supply",Italy,118.8,"Index, 2021=100",121.9,24.26347826086956,23.133333333333333,-0.13761859893639725,0.0,92.13391304347826,90.99
2008-02-01,"Electricity, gas, steam and air conditioning supply",Italy,118.0,"Index, 2021=100",118.8,22.760952380952382,24.26347826086956,0.2608943406309443,-2.502179452682496,95.08047619047619,92.13391304347826
2008-03-01,"Electricity, gas, steam and air conditioning supply",Italy,121.0,"Index, 2021=100",118.0,23.693333333333335,22.760952380952382,1.0041522754151373,4.248635030337986,103.45190476190476,95.08047619047619
2008-04-01,"Electricity, gas, steam and air conditioning supply",Italy,126.3,"Index, 2021=100",121.0,25.75318181818182,23.693333333333335,0.06105421820469373,0.0,109.07136363636364,103.45190476190476
2008-05-01,"Electricity, gas, steam and air conditioning supply",Italy,117.8,"Index, 2021=100",126.3,25.01409090909091,25.75318181818182,1.3761117623094206,0.0,123.11181818181818,109.07136363636364
2008-06-01,"Electricity, gas, steam and air conditioning supply",Italy,121.2,"Index, 2021=100",117.8,26.552380952380954,25.01409090909091,1.1146900143738558,0.0,132.32238095238094,123.11181818181818
2008-07-01,"Electricity, gas, steam and air conditioning supply",Italy,116.3,"Index, 2021=100",121.2,25.088260869565215,26.552380952380954,0.5718559213874487,0.0,133.20652173913044,132.32238095238094
2008-08-01,"Electricity, gas, steam and air conditioning supply",Italy,119.9,"Index, 2021=100",116.3,24.035238095238096,25.088260869565215,-0.46951606860925593,0.0,113.24333333333334,133.20652173913044
2008-09-01,"Electricity, gas, steam and air conditioning supply",Italy,121.0,"Index, 2021=100",119.9,30.28409090909091,24.035238095238096,0.2624296377427312,-0.7550683370320911,97.97363636363637,113.24333333333334
2008-10-01,"Electricity, gas, steam and air conditioning supply",Italy,118.7,"Index, 2021=100",121.0,26.14260869565217,30.28409090909091,-2.8871890830034372,-5.276020721573241,71.58217391304348,97.97363636363637
2008-11-01,"Electricity, gas, steam and air conditioning supply",Italy,113.6,"Index, 2021=100",118.7,23.5355,26.14260869565217,-1.0616536689944311,0.0,52.2995,71.58217391304348
2008-12-01,"Electricity, gas, steam and air conditioning supply",Italy,110.8,"Index, 2021=100",113.6,21.674347826086954,23.5355,-0.2694383119813248,-2.158283290921576,39.70782608695652,52.2995
2009-01-01,"Electricity, gas, steam and air conditioning supply",Italy,111.7,"Index, 2021=100",110.8,23.224999999999998,21.674347826086954,1.9606284214617051,0.0,43.09227272727273,39.70782608695652
2009-02-01,"Electricity, gas, steam and air conditioning supply",Italy,108.6,"Index, 2021=100",111.7,17.725,23.224999999999998,0.07516411002784573,0.0,43.326499999999996,43.09227272727273
2009-03-01,"Electricity, gas, steam and air conditioning supply",Italy,104.6,"Index, 2021=100",108.6,12.2,17.725,1.147539934894266,1.9198599485884802,46.540454545454544,43.326499999999996
2009-04-01,"Electricity, gas, steam and air conditioning supply",Italy,103.9,"Index, 2021=100",104.6,11.327272727272726,12.2,-0.6897706760210826,0.0,50.279545454545456,46.540454545454544
2009-05-01,"Electricity, gas, steam and air conditioning supply",Italy,107.2,"Index, 2021=100",103.9,11.00952380952381,11.327272727272726,0.9371855413099275,2.9437593321208158,57.36904761904762,50.279545454545456
2009-06-01,"Electricity, gas, steam and air conditioning supply",Italy,104.9,"Index, 2021=100",107.2,10.796818181818182,11.00952380952381,1.0697891624848404,0.0,68.60954545454545,57.36904761904762
2009-07-01,"Electricity, gas, steam and air conditioning supply",Italy,105.8,"Index, 2021=100",104.9,9.393478260869566,10.796818181818182,-0.8584497443655938,0.0,64.49217391304347,68.60954545454545
2009-08-01,"Electricity, gas, steam and air conditioning supply",Italy,111.0,"Index, 2021=100",105.8,8.778571428571428,9.393478260869566,1.168814769853965,0.0,72.50857142857143,64.49217391304347
2009-09-01,"Electricity, gas, steam and air conditioning supply",Italy,107.8,"Index, 2021=100",111.0,9.418181818181818,8.778571428571428,0.12040182675501683,0.7555170574307397,67.56409090909091,72.50857142857143
2009-10-01,"Electricity, gas, steam and air conditioning supply",Italy,113.0,"Index, 2021=100",107.8,10.340909090909092,9.418181818181818,0.8389514187941388,0.0,72.76954545454545,67.56409090909091
2009-11-01,"Electricity, gas, steam and air conditioning supply",Italy,109.9,"Index, 2021=100",113.0,9.738095238095237,10.340909090909092,-0.14885123884919385,0.0,76.65761904761905,72.76954545454545
2009-12-01,"Electricity, gas, steam and air conditioning supply",Italy,108.9,"Index, 2021=100",109.9,11.4,9.738095238095237,-0.8450010635890879,1.281714088367376,74.48652173913044,76.65761904761905
2010-01-01,"Electricity, gas, steam and air conditioning supply",Italy,112.6,"Index, 2021=100",108.9,14.44047619047619,11.4,-0.48138524271346517,0.0,76.28285714285714,74.48652173913044
2010-02-01,"Electricity, gas, steam and air conditioning supply",Italy,111.9,"Index, 2021=100",112.6,13.715,14.44047619047619,-0.21414063782099357,0.0,73.639,76.28285714285714
2010-03-01,"Electricity, gas, steam and air conditioning supply",Italy,111.5,"Index, 2021=100",111.9,11.954782608695652,13.715,-0.5233596426999279,1.5544096531485574,78.82739130434783,73.639
2010-04-01,"Electricity, gas, steam and air conditioning supply",Italy,110.8,"Index, 2021=100",111.5,13.493181818181819,11.954782608695652,-0.18357082280701043,0.0,84.71818181818182,78.82739130434783
2010-05-01,"Electricity, gas, steam and air conditioning supply",Italy,110.4,"Index, 2021=100",110.8,16.781904761904762,13.493181818181819,-1.323271263136311,0.0,75.8052380952381,84.71818181818182
2010-06-01,"Electricity, gas, steam and air conditioning supply",Italy,107.9,"Index, 2021=100",110.4,19.222727272727273,16.781904761904762,0.525869862586917,0.0,74.7609090909091,75.8052380952381
2010-07-01,"Electricity, gas, steam and air conditioning supply",Italy,111.6,"Index, 2021=100",107.9,19.469545454545454,19.222727272727273,0.04754485195679738,0.0,75.40590909090909,74.7609090909091
2010-08-01,"Electricity, gas, steam and air conditioning supply",Italy,105.6,"Index, 2021=100",111.6,18.13090909090909,19.469545454545454,-0.07161403937119563,0.0,77.03954545454545,75.40590909090909
2010-09-01,"Electricity, gas, steam and air conditioning supply",Italy,106.3,"Index, 2021=100",105.6,18.943181818181817,18.13090909090909,-0.1487126906627298,0.0,77.71272727272728,77.03954545454545
2010-10-01,"Electricity, gas, steam and air conditioning supply",Italy,112.9,"Index, 2021=100",106.3,18.497619047619047,18.943181818181817,0.7103428057964077,-0.4584134038079942,82.6647619047619,77.71272727272728
2010-11-01,"Electricity, gas, steam and air conditioning supply",Italy,110.9,"Index, 2021=100",112.9,19.477272727272727,18.497619047619047,0.09961570270309454,0.0,85.24090909090908,82.6647619047619
2010-12-01,"Electricity, gas, steam and air conditioning supply",Italy,115.4,"Index, 2021=100",110.9,24.09478260869565,19.477272727272727,-0.1169385540431611,1.0894693635716877,91.54173913043478,85.24090909090908
2011-01-01,"Electricity, gas, steam and air conditioning supply",Italy,109.2,"Index, 2021=100",115.4,22.343809523809526,24.09478260869565,-0.13316626923827257,0.0,96.58714285714285,91.54173913043478
2011-02-01,"Electricity, gas, steam and air conditioning supply",Italy,108.4,"Index, 2021=100",109.2,21.761,22.343809523809526,0.1062714600527813,0.0,103.6405,96.58714285714285
2011-03-01,"Electricity, gas, steam and air conditioning supply",Italy,113.4,"Index, 2021=100",108.4,23.722608695652173,21.761,1.0735774048683804,0.0,114.64347826086957,103.6405
2011-04-01,"Electricity, gas, steam and air conditioning supply",Italy,108.2,"Index, 2021=100",113.4,22.854761904761904,23.722608695652173,0.9191065185128502,0.0,123.45380952380954,114.64347826086957
2011-05-01,"Electricity, gas, steam and air conditioning supply",Italy,110.2,"Index, 2021=100",108.2,22.989545454545453,22.854761904761904,-0.754449697870264,0.0,114.98272727272727,123.45380952380954
2011-06-01,"Electricity, gas, steam and air conditioning supply",Italy,108.8,"Index, 2021=100",110.2,22.613636363636363,22.989545454545453,-0.5053044665651589,1.5367288900477356,113.83318181818181,114.98272727272727
2011-07-01,"Electricity, gas, steam and air conditioning supply",Italy,107.0,"Index, 2021=100",108.8,21.51142857142857,22.613636363636363,-0.18652846565540906,0.0,116.63285714285715,113.83318181818181
2011-08-01,"Electricity, gas, steam and air conditioning supply",Italy,108.8,"Index, 2021=100",107.0,21.93565217391304,21.51142857142857,-1.0228125161863917,0.0,110.3095652173913,116.63285714285715
2011-09-01,"Electricity, gas, steam and air conditioning supply",Italy,113.7,"Index, 2021=100",108.8,23.39363636363636,21.93565217391304,0.43959634290727284,0.0,112.9740909090909,110.3095652173913
2011-10-01,"Electricity, gas, steam and air conditioning supply",Italy,106.1,"Index, 2021=100",113.7,22.554761904761904,23.39363636363636,-0.15278013183668757,0.0,109.55000000000001,112.9740909090909
2011-11-01,"Electricity, gas, steam and air conditioning supply",Italy,107.2,"Index, 2021=100",106.1,23.736363636363638,22.554761904761904,0.8939539270283243,0.0,110.58909090909091,109.55000000000001
2011-12-01,"Electricity, gas, steam and air conditioning supply",Italy,102.9,"Index, 2021=100",107.2,22.296818181818182,23.736363636363638,-0.356458994127559,-4.916568331324604,107.99863636363635,110.58909090909091
2012-01-01,"Electricity, gas, steam and air conditioning supply",Italy,104.6,"Index, 2021=100",102.9,21.865454545454543,22.296818181818182,0.20632540358179952,0.0,110.53136363636364,107.99863636363635
2012-02-01,"Electricity, gas, steam and air conditioning supply",Italy,114.8,"Index, 2021=100",104.6,25.41142857142857,21.865454545454543,-0.029054799009691847,0.0,119.39190476190477,110.53136363636364
2012-03-01,"Electricity, gas, steam and air conditioning supply",Italy,100.8,"Index, 2021=100",114.8,23.80727272727273,25.41142857142857,0.784751689386223,0.0,125.44545454545455,119.39190476190477
2012-04-01,"Electricity, gas, steam and air conditioning supply",Italy,105.0,"Index, 2021=100",100.8,24.78952380952381,23.80727272727273,0.24063874434988755,0.0,120.05666666666667,125.44545454545455
2012-05-01,"Electricity, gas, steam and air conditioning supply",Italy,104.9,"Index, 2021=100",105.0,24.196521739130436,24.78952380952381,-0.3856336478636065,0.0,110.2891304347826,120.05666666666667
2012-06-01,"Electricity, gas, steam and air conditioning supply",Italy,107.1,"Index, 2021=100",104.9,23.673333333333332,24.196521739130436,-0.36812562156261563,1.490841835031829,95.15571428571428,110.2891304347826
2012-07-01,"Electricity, gas, steam and air conditioning supply",Italy,108.5,"Index, 2021=100",107.1,24.332727272727276,23.673333333333332,0.6703576310954897,0.0,102.49454545454546,95.15571428571428
2012-08-01,"Electricity, gas, steam and air conditioning supply",Italy,110.6,"Index, 2021=100",108.5,24.05652173913043,24.332727272727276,0.889111873743037,0.0,113.35608695652174,102.49454545454546
2012-09-01,"Electricity, gas, steam and air conditioning supply",Italy,102.3,"Index, 2021=100",110.6,25.825499999999998,24.05652173913043,0.366716761812549,0.0,112.917,113.35608695652174
2012-10-01,"Electricity, gas, steam and air conditioning supply",Italy,100.1,"Index, 2021=100",102.3,26.702173913043477,25.825499999999998,-0.2515652750980356,0.0,111.7108695652174,112.917
2012-11-01,"Electricity, gas, steam and air conditioning supply",Italy,98.3,"Index, 2021=100",100.1,27.24909090909091,26.702173913043477,-0.07773850880404555,0.0,109.13818181818182,111.7108695652174
2012-12-01,"Electricity, gas, steam and air conditioning supply",Italy,102.9,"Index, 2021=100",98.3,27.22333333333333,27.24909090909091,-0.28562219812972955,0.9944110031743462,109.44380952380953,109.13818181818182
2013-01-01,"Electricity, gas, steam and air conditioning supply",Italy,100.6,"Index, 2021=100",102.9,26.51782608695652,27.22333333333333,0.31250565033261724,0.0,112.81173913043479,109.44380952380953
2013-02-01,"Electricity, gas, steam and air conditioning supply",Italy,102.4,"Index, 2021=100",100.6,26.3165,26.51782608695652,0.16430715373994836,0.0,116.11800000000001,112.81173913043479
2013-03-01,"Electricity, gas, steam and air conditioning supply",Italy,107.2,"Index, 2021=100",102.4,32.31666666666666,26.3165,-0.383542027094866,0.0,108.47333333333333,116.11800000000001
2013-04-01,"Electricity, gas, steam and air conditioning supply",Italy,103.6,"Index, 2021=100",107.2,28.575,32.31666666666666,-0.25921885392347294,0.0,102.24818181818182,108.47333333333333
2013-05-01,"Electricity, gas, steam and air conditioning supply",Italy,100.7,"Index, 2021=100",103.6,26.73304347826087,28.575,0.16248527258302423,-1.3607161850187028,102.50130434782609,102.24818181818182
2013-06-01,"Electricity, gas, steam and air conditioning supply",Italy,99.3,"Index, 2021=100",100.7,26.23,26.73304347826087,0.1894274611148,0.0,102.9195,102.50130434782609
2013-07-01,"Electricity, gas, steam and air conditioning supply",Italy,99.7,"Index, 2021=100",99.3,26.070434782608697,26.23,0.6182980381651376,0.0,107.85434782608696,102.9195
2013-08-01,"Electricity, gas, steam and air conditioning supply",Italy,99.4,"Index, 2021=100",99.7,25.55181818181818,26.070434782608697,-0.07052223294410298,0.0,111.28045454545455,107.85434782608696
2013-09-01,"Electricity, gas, steam and air conditioning supply",Italy,99.1,"Index, 2021=100",99.4,26.478571428571428,25.55181818181818,0.06362224893820845,0.0,111.8047619047619,111.28045454545455
2013-10-01,"Electricity, gas, steam and air conditioning supply",Italy,97.8,"Index, 2021=100",99.1,25.868695652173916,26.478571428571428,0.13725652508100525,0.0,109.07652173913044,111.8047619047619
2013-11-01,"Electricity, gas, steam and air conditioning supply",Italy,99.7,"Index, 2021=100",97.8,27.18047619047619,25.868695652173916,-0.11144201084991862,0.0,107.96,109.07652173913044
2013-12-01,"Electricity, gas, steam and air conditioning supply",Italy,99.9,"Index, 2021=100",99.7,27.702727272727273,27.18047619047619,0.6426503974155726,1.006536826380158,110.79363636363637,107.96
2014-01-01,"Electricity, gas, steam and air conditioning supply",Italy,95.0,"Index, 2021=100",99.9,26.253913043478263,27.702727272727273,-0.19812368810882713,0.0,108.19739130434782,110.79363636363637
2014-02-01,"Electricity, gas, steam and air conditioning supply",Italy,93.8,"Index, 2021=100",95.0,23.849,26.253913043478263,-0.044531303873754494,0.0,108.88700000000001,108.19739130434782
2014-03-01,"Electricity, gas, steam and air conditioning supply",Italy,94.7,"Index, 2021=100",93.8,22.767142857142858,23.849,0.0514680128382354,0.0,107.48095238095237,108.88700000000001
2014-04-01,"Electricity, gas, steam and air conditioning supply",Italy,98.7,"Index, 2021=100",94.7,20.423181818181817,22.767142857142858,-0.018508882722691297,0.0,107.84772727272728,107.48095238095237
2014-05-01,"Electricity, gas, steam and air conditioning supply",Italy,98.6,"Index, 2021=100",98.7,19.08818181818182,20.423181818181817,0.10496074182617701,0.0,109.53909090909092,107.84772727272728
2014-06-01,"Electricity, gas, steam and air conditioning supply",Italy,99.0,"Index, 2021=100",98.6,17.39190476190476,19.08818181818182,0.3545000070992207,0.42851134062250246,111.79523809523809,109.53909090909092
2014-07-01,"Electricity, gas, steam and air conditioning supply",Italy,94.8,"Index, 2021=100",99.0,16.50565217391304,17.39190476190476,-0.4381447112306579,0.0,106.86434782608696,111.79523809523809
2014-08-01,"Electricity, gas, steam and air conditioning supply",Italy,96.5,"Index, 2021=100",94.8,17.497142857142858,16.50565217391304,0.08722188445673984,0.0,101.60809523809523,106.86434782608696
2014-09-01,"Electricity, gas, steam and air conditioning supply",Italy,95.9,"Index, 2021=100",96.5,20.74863636363636,17.497142857142858,-0.16107172026645272,0.0,97.27454545454545,101.60809523809523
2014-10-01,"Electricity, gas, steam and air conditioning supply",Italy,94.9,"Index, 2021=100",95.9,21.268260869565218,20.74863636363636,-0.2764119863445895,0.0,87.42521739130434,97.27454545454545
2014-11-01,"Electricity, gas, steam and air conditioning supply",Italy,92.2,"Index, 2021=100",94.9,22.978,21.268260869565218,-0.9869169148213338,-9.796069628596289,79.3355,87.42521739130434
2014-12-01,"Electricity, gas, steam and air conditioning supply",Italy,92.9,"Index, 2021=100",92.2,22.520869565217392,22.978,-1.2412203634377712,0.0,62.17565217391304,79.3355
2015-01-01,"Electricity, gas, steam and air conditioning supply",Italy,92.2,"Index, 2021=100",92.9,19.755,22.520869565217392,-1.689378075003543,0.0,48.08363636363636,62.17565217391304
2015-02-01,"Electricity, gas, steam and air conditioning supply",Italy,98.1,"Index, 2021=100",92.2,22.566,19.755,1.030226324080852,0.0,58.0955,48.08363636363636
2015-03-01,"Electricity, gas, steam and air conditioning supply",Italy,99.2,"Index, 2021=100",98.1,21.856818181818184,22.566,-0.2471285840319799,0.0,55.88545454545454,58.0955
2015-04-01,"Electricity, gas, steam and air conditioning supply",Italy,97.1,"Index, 2021=100",99.2,22.078181818181818,21.856818181818184,0.7630852782137214,0.0,59.35181818181818,55.88545454545454
2015-05-01,"Electricity, gas, steam and air conditioning supply",Italy,99.8,"Index, 2021=100",97.1,20.548571428571428,22.078181818181818,0.9306750388082086,0.0,64.1047619047619,59.35181818181818
2015-06-01,"Electricity, gas, steam and air conditioning supply",Italy,97.2,"Index, 2021=100",99.8,20.520454545454545,20.548571428571428,-0.3949488388902102,2.4056171564772404,61.47772727272727,64.1047619047619
2015-07-01,"Electricity, gas, steam and air conditioning supply",Italy,105.9,"Index, 2021=100",97.2,20.858260869565218,20.520454545454545,-0.8969936335129175,0.0,56.56130434782609,61.47772727272727
2015-08-01,"Electricity, gas, steam and air conditioning supply",Italy,99.0,"Index, 2021=100",105.9,19.576190476190476,20.858260869565218,-0.6689537169882939,0.0,46.58428571428571,56.56130434782609
2015-09-01,"Electricity, gas, steam and air conditioning supply",Italy,97.4,"Index, 2021=100",99.0,19.16,19.576190476190476,0.4134260838296521,0.0,47.62318181818182,46.58428571428571
2015-10-01,"Electricity, gas, steam and air conditioning supply",Italy,95.7,"Index, 2021=100",97.4,18.243636363636366,19.16,-0.17098247375992967,0.0,48.43,47.62318181818182
2015-11-01,"Electricity, gas, steam and air conditioning supply",Italy,92.9,"Index, 2021=100",95.7,17.202380952380953,18.243636363636366,-0.3748783969247207,0.0,44.26761904761905,48.43
2015-12-01,"Electricity, gas, steam and air conditioning supply",Italy,93.0,"Index, 2021=100",92.9,15.640869565217391,17.202380952380953,-0.7698627351357819,-1.9668139100704445,37.97130434782609,44.26761904761905
2016-01-01,"Electricity, gas, steam and air conditioning supply",Italy,94.3,"Index, 2021=100",93.0,13.904285714285715,15.640869565217391,-1.2929579520638326,0.0,30.98095238095238,37.97130434782609
2016-02-01,"Electricity, gas, steam and air conditioning supply",Italy,92.3,"Index, 2021=100",94.3,12.476666666666667,13.904285714285715,-0.22939651791615284,0.0,32.163333333333334,30.98095238095238
2016-03-01,"Electricity, gas, steam and air conditioning supply",Italy,97.6,"Index, 2021=100",92.3,12.267826086956523,12.476666666666667,0.9962287899781237,0.0,38.21565217391304,32.163333333333334
2016-04-01,"Electricity, gas, steam and air conditioning supply",Italy,96.5,"Index, 2021=100",97.6,11.979999999999999,12.267826086956523,-0.15187983491624749,0.0,41.583333333333336,38.21565217391304
2016-05-01,"Electricity, gas, steam and air conditioning supply",Italy,97.8,"Index, 2021=100",96.5,13.04090909090909,11.979999999999999,0.6792464128472383,0.0,46.84909090909091,41.583333333333336
2016-06-01,"Electricity, gas, steam and air conditioning supply",Italy,94.8,"Index, 2021=100",97.8,14.41590909090909,13.04090909090909,-0.1770446016289529,0.582575139176583,48.24727272727273,46.84909090909091
2016-07-01,"Electricity, gas, steam and air conditioning supply",Italy,97.1,"Index, 2021=100",94.8,14.241904761904761,14.41590909090909,-0.4528878840711025,0.0,44.951904761904764,48.24727272727273
2016-08-01,"Electricity, gas, steam and air conditioning supply",Italy,95.5,"Index, 2021=100",97.1,11.980869565217391,14.241904761904761,0.1189274105169856,0.0,45.843043478260874,44.951904761904764
2016-09-01,"Electricity, gas, steam and air conditioning supply",Italy,100.4,"Index, 2021=100",95.5,12.282272727272726,11.980869565217391,0.24870447283671346,1.4727297897900193,46.567727272727275,45.843043478260874
2016-10-01,"Electricity, gas, steam and air conditioning supply",Italy,104.7,"Index, 2021=100",100.4,16.093809523809526,12.282272727272726,0.41093056832079616,0.0,49.522380952380956,46.567727272727275
2016-11-01,"Electricity, gas, steam and air conditioning supply",Italy,105.3,"Index, 2021=100",104.7,17.90590909090909,16.093809523809526,-0.5793797051617606,7.91404059403762,44.73409090909091,49.522380952380956
2016-12-01,"Electricity, gas, steam and air conditioning supply",Italy,106.3,"Index, 2021=100",105.3,17.689545454545456,17.90590909090909,0.7086845393102761,2.0404579621780123,53.365,44.73409090909091
2017-01-01,"Electricity, gas, steam and air conditioning supply",Italy,108.6,"Index, 2021=100",106.3,20.12272727272727,17.689545454545456,0.08901653408704874,0.0,54.59409090909091,53.365
2017-02-01,"Electricity, gas, steam and air conditioning supply",Italy,101.0,"Index, 2021=100",108.6,19.553,20.12272727272727,-0.03179032404754296,0.0,54.8695,54.59409090909091
2017-03-01,"Electricity, gas, steam and air conditioning supply",Italy,94.3,"Index, 2021=100",101.0,15.799130434782608,19.553,-1.4425063041961181,0.0,51.589130434782604,54.8695
2017-04-01,"Electricity, gas, steam and air conditioning supply",Italy,99.4,"Index, 2021=100",94.3,16.058,15.799130434782608,0.21703780157455996,0.0,52.44500000000001,51.589130434782604
2017-05-01,"Electricity, gas, steam and air conditioning supply",Italy,100.4,"Index, 2021=100",99.4,15.669130434782607,16.058,-0.8328997339371286,-4.41644778310952,50.326521739130435,52.44500000000001
2017-06-01,"Electricity, gas, steam and air conditioning supply",Italy,104.7,"Index, 2021=100",100.4,15.134545454545453,15.669130434782607,-0.26420964099602673,0.0,46.36818181818182,50.326521739130435
2017-07-01,"Electricity, gas, steam and air conditioning supply",Italy,99.9,"Index, 2021=100",104.7,15.095714285714285,15.134545454545453,-0.1449934034705647,0.0,48.47857142857143,46.36818181818182
2017-08-01,"Electricity, gas, steam and air conditioning supply",Italy,102.8,"Index, 2021=100",99.9,15.99304347826087,15.095714285714285,-0.1520757414392232,0.0,51.70434782608696,48.47857142857143
2017-09-01,"Electricity, gas, steam and air conditioning supply",Italy,95.9,"Index, 2021=100",102.8,17.302857142857142,15.99304347826087,0.32443706724488564,0.0,56.152857142857144,51.70434782608696
2017-10-01,"Electricity, gas, steam and air conditioning supply",Italy,99.4,"Index, 2021=100",95.9,17.10363636363636,17.302857142857142,-0.3486109778555899,0.0,57.50772727272727,56.152857142857144
2017-11-01,"Electricity, gas, steam and air conditioning supply",Italy,105.1,"Index, 2021=100",99.4,19.57090909090909,17.10363636363636,0.12556813519738738,0.21630901693183507,62.71409090909091,57.50772727272727
2017-12-01,"Electricity, gas, steam and air conditioning supply",Italy,103.9,"Index, 2021=100",105.1,20.795238095238094,19.57090909090909,-0.1117328946322315,0.0,64.39619047619047,62.71409090909091
2018-01-01,"Electricity, gas, steam and air conditioning supply",Italy,89.4,"Index, 2021=100",103.9,18.6,20.795238095238094,0.7325011228803984,0.0,68.97521739130435,64.39619047619047
2018-02-01,"Electricity, gas, steam and air conditioning supply",Italy,103.4,"Index, 2021=100",89.4,21.679,18.6,-0.5046465050387093,0.0,65.3175,68.97521739130435
2018-03-01,"Electricity, gas, steam and air conditioning supply",Italy,105.8,"Index, 2021=100",103.4,23.622727272727275,21.679,-0.10225293145429594,0.0,66.1531818181818,65.3175
2018-04-01,"Electricity, gas, steam and air conditioning supply",Italy,97.6,"Index, 2021=100",105.8,19.645238095238096,23.622727272727275,0.47425564352743266,0.0,71.95904761904762,66.1531818181818
2018-05-01,"Electricity, gas, steam and air conditioning supply",Italy,100.7,"Index, 2021=100",97.6,21.566086956521737,19.645238095238096,0.5388658853656386,0.0,76.86217391304348,71.95904761904762
2018-06-01,"Electricity, gas, steam and air conditioning supply",Italy,97.9,"Index, 2021=100",100.7,21.92761904761905,21.566086956521737,-0.5831886971683538,-0.4130092757360921,74.4047619047619,76.86217391304348
2018-07-01,"Electricity, gas, steam and air conditioning supply",Italy,97.6,"Index, 2021=100",97.9,22.253636363636364,21.92761904761905,0.5294960350409211,0.0,74.2540909090909,74.4047619047619
2018-08-01,"Electricity, gas, steam and air conditioning supply",Italy,100.2,"Index, 2021=100",97.6,23.94347826086957,22.253636363636364,-0.20893271379353645,0.0,72.52826086956522,74.2540909090909
2018-09-01,"Electricity, gas, steam and air conditioning supply",Italy,102.2,"Index, 2021=100",100.2,27.837,23.94347826086957,0.6564596940208821,0.0,78.89099999999999,72.52826086956522
2018-10-01,"Electricity, gas, steam and air conditioning supply",Italy,98.8,"Index, 2021=100",102.2,25.539565217391303,27.837,0.12149689586130322,0.0,81.03217391304348,78.89099999999999
2018-11-01,"Electricity, gas, steam and air conditioning supply",Italy,101.3,"Index, 2021=100",98.8,24.633636363636366,25.539565217391303,-1.3685992177175907,0.0,64.74818181818182,81.03217391304348
2018-12-01,"Electricity, gas, steam and air conditioning supply",Italy,99.3,"Index, 2021=100",101.3,23.666190476190476,24.633636363636366,-0.2447966896801907,2.07348679679867,56.26285714285714,64.74818181818182
2019-01-01,"Electricity, gas, steam and air conditioning supply",Italy,102.8,"Index, 2021=100",99.3,21.39782608695652,23.666190476190476,0.35962477880472876,0.0,59.025217391304345,56.26285714285714
2019-02-01,"Electricity, gas, steam and air conditioning supply",Italy,100.8,"Index, 2021=100",102.8,18.0035,21.39782608695652,0.1517462342010795,0.0,63.9605,59.025217391304345
2019-03-01,"Electricity, gas, steam and air conditioning supply",Italy,100.5,"Index, 2021=100",100.8,15.697619047619046,18.0035,-0.17808513427363806,0.0,66.13857142857144,63.9605
2019-04-01,"Electricity, gas, steam and air conditioning supply",Italy,103.0,"Index, 2021=100",100.5,15.041818181818183,15.697619047619046,0.3628493694964929,0.0,71.20954545454545,66.13857142857144
2019-05-01,"Electricity, gas, steam and air conditioning supply",Italy,101.8,"Index, 2021=100",103.0,13.298695652173913,15.041818181818183,-0.7347359961140314,0.0,71.17260869565217,71.20954545454545
2019-06-01,"Electricity, gas, steam and air conditioning supply",Italy,102.8,"Index, 2021=100",101.8,10.5225,13.298695652173913,-0.33975076992957615,0.0,64.2205,71.17260869565217
2019-07-01,"Electricity, gas, steam and air conditioning supply",Italy,103.4,"Index, 2021=100",102.8,10.941304347826087,10.5225,0.3395291323618024,-4.251048097619388,63.9191304347826,64.2205
2019-08-01,"Electricity, gas, steam and air conditioning supply",Italy,102.5,"Index, 2021=100",103.4,10.029545454545454,10.941304347826087,-0.3748389650611249,0.0,59.041818181818186,63.9191304347826
2019-09-01,"Electricity, gas, steam and air conditioning supply",Italy,101.1,"Index, 2021=100",102.5,9.568095238095239,10.029545454545454,0.48197852185687173,0.0,62.826666666666675,59.041818181818186
2019-10-01,"Electricity, gas, steam and air conditioning supply",Italy,99.8,"Index, 2021=100",101.1,10.30913043478261,9.568095238095239,-0.3400181888327622,0.0,59.71304347826087,62.826666666666675
2019-11-01,"Electricity, gas, steam and air conditioning supply",Italy,98.7,"Index, 2021=100",99.8,14.763809523809524,10.30913043478261,0.4635132466348744,0.0,63.21190476190476,59.71304347826087
2019-12-01,"Electricity, gas, steam and air conditioning supply",Italy,94.3,"Index, 2021=100",98.7,13.031363636363636,14.763809523809524,0.4622502963974788,1.090508505035817,67.31,63.21190476190476
2020-01-01,"Electricity, gas, steam and air conditioning supply",Italy,96.5,"Index, 2021=100",94.3,11.144782608695651,13.031363636363636,1.4414572982744303,0.0,63.82478260869566,67.31
2020-02-01,"Electricity, gas, steam and air conditioning supply",Italy,95.4,"Index, 2021=100",96.5,9.3725,11.144782608695651,-0.8114535624060095,0.0,55.702,63.82478260869566
2020-03-01,"Electricity, gas, steam and air conditioning supply",Italy,89.5,"Index, 2021=100",95.4,8.622727272727273,9.3725,-1.9239758097171007,-8.007737426749562,31.993636363636366,55.702
2020-04-01,"Electricity, gas, steam and air conditioning supply",Italy,88.2,"Index, 2021=100",89.5,6.54,8.622727272727273,1.3138212739143362,3.0940649462160628,18.546818181818182,31.993636363636366
2020-05-01,"Electricity, gas, steam and air conditioning supply",Italy,97.7,"Index, 2021=100",88.2,4.575714285714286,6.54,0.7414620048035757,0.0,29.344285714285714,18.546818181818182
2020-06-01,"Electricity, gas, steam and air conditioning supply",Italy,97.7,"Index, 2021=100",97.7,4.991818181818181,4.575714285714286,-0.674179631293128,-3.149840310433884,40.26681818181818,29.344285714285714
2020-07-01,"Electricity, gas, steam and air conditioning supply",Italy,97.2,"Index, 2021=100",97.7,4.879565217391304,4.991818181818181,-0.07202838847948002,0.0,43.24217391304348,40.26681818181818
2020-08-01,"Electricity, gas, steam and air conditioning supply",Italy,103.2,"Index, 2021=100",97.2,7.533333333333333,4.879565217391304,-0.7379957308695794,0.0,44.75904761904762,43.24217391304348
2020-09-01,"Electricity, gas, steam and air conditioning supply",Italy,103.0,"Index, 2021=100",103.2,11.161818181818182,7.533333333333333,-0.5826109751692493,0.0,40.90954545454545,44.75904761904762
2020-10-01,"Electricity, gas, steam and air conditioning supply",Italy,98.7,"Index, 2021=100",103.0,13.955454545454545,11.161818181818182,-0.291036694449014,0.0,40.18954545454546,40.90954545454545
2020-11-01,"Electricity, gas, steam and air conditioning supply",Italy,94.2,"Index, 2021=100",98.7,13.794285714285715,13.955454545454545,-0.1676225177801478,0.0,42.69238095238095,40.18954545454546
2020-12-01,"Electricity, gas, steam and air conditioning supply",Italy,96.7,"Index, 2021=100",94.2,16.34565217391304,13.794285714285715,-0.06503074006202851,0.563137829641395,50.03217391304348,42.69238095238095
2021-01-01,"Electricity, gas, steam and air conditioning supply",Italy,97.7,"Index, 2021=100",96.7,20.476190476190474,16.34565217391304,-0.5778110950222807,3.899417998430563,54.60476190476191,50.03217391304348
2021-02-01,"Electricity, gas, steam and air conditioning supply",Italy,95.8,"Index, 2021=100",97.7,17.4085,20.476190476190474,0.26866362438390906,0.0,62.2765,54.60476190476191
2021-03-01,"Electricity, gas, steam and air conditioning supply",Italy,99.3,"Index, 2021=100",95.8,17.795217391304348,17.4085,0.3009824618650811,3.5419347237958796,65.41,62.2765
2021-04-01,"Electricity, gas, steam and air conditioning supply",Italy,101.9,"Index, 2021=100",99.3,20.775454545454547,17.795217391304348,0.5129892999970512,5.991632222929873,64.71954545454545,65.41
2021-05-01,"Electricity, gas, steam and air conditioning supply",Italy,98.4,"Index, 2021=100",101.9,25.285238095238096,20.775454545454547,0.8992703670969532,0.0,68.5352380952381,64.71954545454545
2021-06-01,"Electricity, gas, steam and air conditioning supply",Italy,100.3,"Index, 2021=100",98.4,29.238636363636363,25.285238095238096,0.36360474028399664,2.2925007532095663,73.1640909090909,68.5352380952381
2021-07-01,"Electricity, gas, steam and air conditioning supply",Italy,97.8,"Index, 2021=100",100.3,36.13954545454545,29.238636363636363,0.019142986170709916,-9.851298268875022,75.1659090909091,73.1640909090909
2021-08-01,"Electricity, gas, steam and air conditioning supply",Italy,96.4,"Index, 2021=100",97.8,44.30409090909091,36.13954545454545,-0.3147083142103972,0.0,70.81590909090909,75.1659090909091
2021-09-01,"Electricity, gas, steam and air conditioning supply",Italy,98.7,"Index, 2021=100",96.4,64.45363636363636,44.30409090909091,1.015760795186652,0.4390282348823775,74.48863636363636,70.81590909090909
2021-10-01,"Electricity, gas, steam and air conditioning supply",Italy,100.8,"Index, 2021=100",98.7,87.69238095238094,64.45363636363636,0.7705932795655408,2.361261487325598,83.53809523809524,74.48863636363636
2021-11-01,"Electricity, gas, steam and air conditioning supply",Italy,107.2,"Index, 2021=100",100.8,81.92136363636364,87.69238095238094,-0.5218341421272874,-1.0130750354233125,81.05,83.53809523809524
2021-12-01,"Electricity, gas, steam and air conditioning supply",Italy,106.2,"Index, 2021=100",107.2,112.80739130434783,81.92136363636364,-0.49656758152090014,1.7069751201240932,74.26347826086956,81.05
2022-01-01,"Electricity, gas, steam and air conditioning supply",Italy,99.3,"Index, 2021=100",106.2,84.06952380952382,112.80739130434783,0.8522287791057341,1.4985078326623733,86.50523809523808,74.26347826086956
2022-02-01,"Electricity, gas, steam and air conditioning supply",Italy,100.2,"Index, 2021=100",99.3,81.164,84.06952380952382,0.20967705216092372,0.6492342056890332,97.12899999999999,86.50523809523808
2022-03-01,"Electricity, gas, steam and air conditioning supply",Italy,104.6,"Index, 2021=100",100.2,129.18304347826088,81.164,1.1589724435645128,1.020230642989599,117.24521739130434,97.12899999999999
2022-04-01,"Electricity, gas, steam and air conditioning supply",Italy,105.0,"Index, 2021=100",104.6,101.06238095238095,129.18304347826088,-0.41804567878166843,0.0,105.17095238095239,117.24521739130434
2022-05-01,"Electricity, gas, steam and air conditioning supply",Italy,99.3,"Index, 2021=100",105.0,88.58863636363637,101.06238095238095,0.8079062673307621,0.4644825107300398,113.11136363636363,105.17095238095239
2022-06-01,"Electricity, gas, steam and air conditioning supply",Italy,102.2,"Index, 2021=100",99.3,106.29454545454546,88.58863636363637,0.2666071424046354,-2.121493222584776,122.68772727272727,113.11136363636363
2022-07-01,"Electricity, gas, steam and air conditioning supply",Italy,100.2,"Index, 2021=100",102.2,171.41666666666666,106.29454545454546,-1.5284523643533043,0.0,111.92571428571429,122.68772727272727
2022-08-01,"Electricity, gas, steam and air conditioning supply",Italy,98.3,"Index, 2021=100",100.2,235.68391304347824,171.41666666666666,-0.8625649365210946,-2.904996658248558,100.47608695652173,111.92571428571429
2022-09-01,"Electricity, gas, steam and air conditioning supply",Italy,95.1,"Index, 2021=100",98.3,190.24181818181816,235.68391304347824,-0.6092331240191604,0.5554531127177963,89.74954545454545,100.47608695652173
2022-10-01,"Electricity, gas, steam and air conditioning supply",Italy,93.2,"Index, 2021=100",95.1,72.15047619047618,190.24181818181816,0.8249900068007756,2.4641871317219377,93.33190476190477,89.74954545454545
2022-11-01,"Electricity, gas, steam and air conditioning supply",Italy,89.3,"Index, 2021=100",93.2,96.28181818181817,72.15047619047618,-0.31727729228827767,0.0,91.41545454545455,93.33190476190477
2022-12-01,"Electricity, gas, steam and air conditioning supply",Italy,91.6,"Index, 2021=100",89.3,113.99181818181819,96.28181818181817,-0.5175798710392452,-2.8790551863806995,81.06272727272727,91.41545454545455
2023-01-01,"Electricity, gas, steam and air conditioning supply",Italy,91.1,"Index, 2021=100",91.6,63.004090909090905,113.99181818181819,0.16272770514393026,0.0,82.51590909090909,81.06272727272727
2023-02-01,"Electricity, gas, steam and air conditioning supply",Italy,94.4,"Index, 2021=100",91.1,53.352999999999994,63.004090909090905,-0.3578309492217428,0.0,82.58500000000001,82.51590909090909
2023-03-01,"Electricity, gas, steam and air conditioning supply",Italy,91.6,"Index, 2021=100",94.4,44.18782608695652,53.352999999999994,-0.5444578687975978,0.0,78.43434782608696,82.58500000000001
2023-04-01,"Electricity, gas, steam and air conditioning supply",Italy,91.6,"Index, 2021=100",91.6,42.585,44.18782608695652,0.7779760977112515,0.0,84.8305,78.43434782608696
2023-05-01,"Electricity, gas, steam and air conditioning supply",Italy,91.7,"Index, 2021=100",91.6,31.335652173913044,42.585,-0.9911199872566404,0.0,75.77478260869565,84.8305
2023-06-01,"Electricity, gas, steam and air conditioning supply",Italy,91.4,"Index, 2021=100",91.7,32.39909090909091,31.335652173913044,0.10438583996063543,0.4626838105740375,74.83909090909091,75.77478260869565
2023-07-01,"Electricity, gas, steam and air conditioning supply",Italy,94.1,"Index, 2021=100",91.4,29.665714285714287,32.39909090909091,0.3105036346079896,0.0,80.10809523809523,74.83909090909091
2023-08-01,"Electricity, gas, steam and air conditioning supply",Italy,90.8,"Index, 2021=100",94.1,33.52304347826087,29.665714285714287,0.2634335721723802,0.0,86.11608695652174,80.10809523809523
2023-09-01,"Electricity, gas, steam and air conditioning supply",Italy,93.6,"Index, 2021=100",90.8,36.52761904761905,33.52304347826087,0.4709271233739839,0.0,93.72238095238096,86.11608695652174
2023-10-01,"Electricity, gas, steam and air conditioning supply",Italy,94.5,"Index, 2021=100",93.6,43.264545454545456,36.52761904761905,-0.16534366151930893,0.0,90.59590909090909,93.72238095238096
2023-11-01,"Electricity, gas, steam and air conditioning supply",Italy,90.0,"Index, 2021=100",94.5,43.269090909090906,43.264545454545456,-0.571544726123262,-2.4651491943871404,82.94,90.59590909090909
2023-12-01,"Electricity, gas, steam and air conditioning supply",Italy,89.4,"Index, 2021=100",90.0,35.318571428571424,43.269090909090906,0.011208893183722398,0.0,77.87857142857143,82.94
2004-01-01,MIG - capital goods,Italy,103.1,"Index, 2021=100",103.1,11.36,11.36,0.44154017195044576,0.0,31.236363636363638,29.77608695652174
2004-02-01,MIG - capital goods,Italy,104.2,"Index, 2021=100",103.1,10.7975,11.36,-0.08581088034809001,2.694076911628696,30.8585,31.236363636363638
2004-03-01,MIG - capital goods,Italy,102.6,"Index, 2021=100",104.2,10.900434782608697,10.7975,0.2813203494904621,-0.667869132781252,33.63434782608696,30.8585
2004-04-01,MIG - capital goods,Italy,102.2,"Index, 2021=100",102.6,10.974545454545455,10.900434782608697,-0.6033863591783445,0.0,33.59090909090909,33.63434782608696
2004-05-01,MIG - capital goods,Italy,103.2,"Index, 2021=100",102.2,11.221904761904762,10.974545454545455,0.5969780334499486,0.0,37.56761904761905,33.59090909090909
2004-06-01,MIG - capital goods,Italy,103.7,"Index, 2021=100",103.2,10.607727272727272,11.221904761904762,-0.0108376887124877,-0.8697021883599181,35.18363636363636,37.56761904761905
2004-07-01,MIG - capital goods,Italy,102.3,"Index, 2021=100",103.7,10.656818181818181,10.607727272727272,-0.18225670383212336,0.0,38.221363636363634,35.18363636363636
2004-08-01,MIG - capital goods,Italy,101.9,"Index, 2021=100",102.3,12.030909090909091,10.656818181818181,0.41307128781677527,0.0,42.74409090909091,38.221363636363634
2004-09-01,MIG - capital goods,Italy,101.5,"Index, 2021=100",101.9,12.784999999999998,12.030909090909091,0.020228290770040784,-1.6071356282661176,43.19681818181818,42.74409090909091
2004-10-01,MIG - capital goods,Italy,102.7,"Index, 2021=100",101.5,12.065238095238096,12.784999999999998,0.8379242805985881,0.0,49.776666666666664,43.19681818181818
2004-11-01,MIG - capital goods,Italy,100.4,"Index, 2021=100",102.7,12.959545454545456,12.065238095238096,-0.22862171681724705,0.0,43.110454545454544,49.776666666666664
2004-12-01,MIG - capital goods,Italy,99.2,"Index, 2021=100",100.4,14.537391304347826,12.959545454545456,-0.8713033012256369,-3.1596202022297115,39.60217391304348,43.110454545454544
2005-01-01,MIG - capital goods,Italy,99.2,"Index, 2021=100",99.2,14.123333333333331,14.537391304347826,0.2661415106984759,2.159954265104334,44.31238095238095,39.60217391304348
2005-02-01,MIG - capital goods,Italy,98.2,"Index, 2021=100",99.2,16.8315,14.123333333333331,0.33553585232891664,0.0,45.475,44.31238095238095
2005-03-01,MIG - capital goods,Italy,98.6,"Index, 2021=100",98.2,18.585217391304347,16.8315,0.5751930208570617,3.0421593263989704,53.071739130434786,45.475
2005-04-01,MIG - capital goods,Italy,103.0,"Index, 2021=100",98.6,14.80857142857143,18.585217391304347,-0.5666684540474421,0.0,51.88380952380952,53.071739130434786
2005-05-01,MIG - capital goods,Italy,100.0,"Index, 2021=100",103.0,14.289090909090909,14.80857142857143,-0.10846214234396483,0.0,48.64545454545455,51.88380952380952
2005-06-01,MIG - capital goods,Italy,99.7,"Index, 2021=100",100.0,14.356363636363636,14.289090909090909,0.503989891285571,0.3374585671050337,54.35454545454545,48.64545454545455
2005-07-01,MIG - capital goods,Italy,101.7,"Index, 2021=100",99.7,15.540952380952382,14.356363636363636,0.563468443674944,0.0,57.52,54.35454545454545
2005-08-01,MIG - capital goods,Italy,97.0,"Index, 2021=100",101.7,15.107826086956523,15.540952380952382,0.718752317958703,0.0,63.98347826086956,57.52
2005-09-01,MIG - capital goods,Italy,99.5,"Index, 2021=100",97.0,14.746363636363638,15.107826086956523,1.1148474280757803,-1.6643240899907965,62.908181818181816,63.98347826086956
2005-10-01,MIG - capital goods,Italy,100.9,"Index, 2021=100",99.5,15.534761904761906,14.746363636363638,-1.0533079897254418,0.0,58.53857142857142,62.908181818181816
2005-11-01,MIG - capital goods,Italy,103.5,"Index, 2021=100",100.9,19.15909090909091,15.534761904761906,-1.2341397270208476,0.0,55.24181818181818,58.53857142857142
2005-12-01,MIG - capital goods,Italy,102.8,"Index, 2021=100",103.5,22.903636363636362,19.15909090909091,-0.03924653272715153,2.9526028347999587,56.84136363636364,55.24181818181818
2006-01-01,MIG - capital goods,Italy,103.6,"Index, 2021=100",102.8,25.694999999999997,22.903636363636362,0.19348656521120655,-0.15180339953147387,62.77409090909091,56.84136363636364
2006-02-01,MIG - capital goods,Italy,107.6,"Index, 2021=100",103.6,22.324,25.694999999999997,-0.6518974343740799,0.0,60.21,62.77409090909091
2006-03-01,MIG - capital goods,Italy,107.2,"Index, 2021=100",107.6,26.028260869565216,22.324,-0.07863751143875931,-1.827456416166897,62.06478260869565,60.21
2006-04-01,MIG - capital goods,Italy,104.8,"Index, 2021=100",107.2,21.387999999999998,26.028260869565216,0.6237237514902355,0.0,70.173,62.06478260869565
2006-05-01,MIG - capital goods,Italy,107.1,"Index, 2021=100",104.8,19.692608695652176,21.387999999999998,-0.3540726086115883,0.0,69.77695652173912,70.173
2006-06-01,MIG - capital goods,Italy,108.0,"Index, 2021=100",107.1,19.58409090909091,19.692608695652176,-0.31545669169778073,-1.1833322763183536,68.5559090909091,69.77695652173912
2006-07-01,MIG - capital goods,Italy,106.7,"Index, 2021=100",108.0,19.847619047619048,19.58409090909091,0.28310573574819875,0.0,73.67428571428572,68.5559090909091
2006-08-01,MIG - capital goods,Italy,110.7,"Index, 2021=100",106.7,17.97826086956522,19.847619047619048,-0.1782674258490434,0.0,73.2304347826087,73.67428571428572
2006-09-01,MIG - capital goods,Italy,109.2,"Index, 2021=100",110.7,15.951428571428572,17.97826086956522,-1.0773599355773278,-1.1265879387430244,61.95857142857143,73.2304347826087
2006-10-01,MIG - capital goods,Italy,109.4,"Index, 2021=100",109.2,14.200454545454546,15.951428571428572,-0.713482353040865,-1.0147867419479089,57.808181818181815,61.95857142857143
2006-11-01,MIG - capital goods,Italy,109.5,"Index, 2021=100",109.4,19.87272727272727,14.200454545454546,-0.6336040683167151,0.0,58.76136363636363,57.808181818181815
2006-12-01,MIG - capital goods,Italy,114.5,"Index, 2021=100",109.5,16.45809523809524,19.87272727272727,0.06279864252157119,1.7594994847040366,62.41952380952381,58.76136363636363
2007-01-01,MIG - capital goods,Italy,111.8,"Index, 2021=100",114.5,13.603478260869565,16.45809523809524,-0.8815456486489374,0.0,53.748695652173915,62.41952380952381
2007-02-01,MIG - capital goods,Italy,112.1,"Index, 2021=100",111.8,9.310500000000001,13.603478260869565,0.5012149220613668,0.0,57.516999999999996,53.748695652173915
2007-03-01,MIG - capital goods,Italy,113.9,"Index, 2021=100",112.1,10.338636363636363,9.310500000000001,0.001407425353364094,-0.689195928658093,62.05045454545455,57.516999999999996
2007-04-01,MIG - capital goods,Italy,109.5,"Index, 2021=100",113.9,8.91904761904762,10.338636363636363,0.23160567911181562,0.0,67.64428571428572,62.05045454545455
2007-05-01,MIG - capital goods,Italy,113.0,"Index, 2021=100",109.5,11.71391304347826,8.91904761904762,-0.29762578435044224,0.0,67.36478260869566,67.64428571428572
2007-06-01,MIG - capital goods,Italy,113.7,"Index, 2021=100",113.0,10.586190476190476,11.71391304347826,0.16535936703141824,0.0,71.04571428571428,67.36478260869566
2007-07-01,MIG - capital goods,Italy,114.7,"Index, 2021=100",113.7,14.946363636363635,10.586190476190476,0.18880782596297765,0.0,76.80863636363637,71.04571428571428
2007-08-01,MIG - capital goods,Italy,120.6,"Index, 2021=100",114.7,14.281304347826088,14.946363636363635,-0.5681005018139146,0.0,70.76086956521739,76.80863636363637
2007-09-01,MIG - capital goods,Italy,116.0,"Index, 2021=100",120.6,17.057,14.281304347826088,1.0001793364551819,1.1859376565060231,76.929,70.76086956521739
2007-10-01,MIG - capital goods,Italy,113.7,"Index, 2021=100",116.0,20.13478260869565,17.057,0.10198579635873983,0.0,82.34,76.929
2007-11-01,MIG - capital goods,Italy,111.6,"Index, 2021=100",113.7,22.223636363636363,20.13478260869565,0.6128810878526092,0.0,92.53045454545455,82.34
2007-12-01,MIG - capital goods,Italy,110.2,"Index, 2021=100",111.6,23.133333333333333,22.223636363636363,-0.28925766272037334,-0.831933850195447,90.99,92.53045454545455
2008-01-01,MIG - capital goods,Italy,118.0,"Index, 2021=100",110.2,24.26347826086956,23.133333333333333,-0.13761859893639725,0.0,92.13391304347826,90.99
2008-02-01,MIG - capital goods,Italy,117.8,"Index, 2021=100",118.0,22.760952380952382,24.26347826086956,0.2608943406309443,-2.502179452682496,95.08047619047619,92.13391304347826
2008-03-01,MIG - capital goods,Italy,115.7,"Index, 2021=100",117.8,23.693333333333335,22.760952380952382,1.0041522754151373,4.248635030337986,103.45190476190476,95.08047619047619
2008-04-01,MIG - capital goods,Italy,118.0,"Index, 2021=100",115.7,25.75318181818182,23.693333333333335,0.06105421820469373,0.0,109.07136363636364,103.45190476190476
2008-05-01,MIG - capital goods,Italy,114.7,"Index, 2021=100",118.0,25.01409090909091,25.75318181818182,1.3761117623094206,0.0,123.11181818181818,109.07136363636364
2008-06-01,MIG - capital goods,Italy,113.3,"Index, 2021=100",114.7,26.552380952380954,25.01409090909091,1.1146900143738558,0.0,132.32238095238094,123.11181818181818
2008-07-01,MIG - capital goods,Italy,111.1,"Index, 2021=100",113.3,25.088260869565215,26.552380952380954,0.5718559213874487,0.0,133.20652173913044,132.32238095238094
2008-08-01,MIG - capital goods,Italy,104.9,"Index, 2021=100",111.1,24.035238095238096,25.088260869565215,-0.46951606860925593,0.0,113.24333333333334,133.20652173913044
2008-09-01,MIG - capital goods,Italy,106.5,"Index, 2021=100",104.9,30.28409090909091,24.035238095238096,0.2624296377427312,-0.7550683370320911,97.97363636363637,113.24333333333334
2008-10-01,MIG - capital goods,Italy,104.2,"Index, 2021=100",106.5,26.14260869565217,30.28409090909091,-2.8871890830034372,-5.276020721573241,71.58217391304348,97.97363636363637
2008-11-01,MIG - capital goods,Italy,98.7,"Index, 2021=100",104.2,23.5355,26.14260869565217,-1.0616536689944311,0.0,52.2995,71.58217391304348
2008-12-01,MIG - capital goods,Italy,93.3,"Index, 2021=100",98.7,21.674347826086954,23.5355,-0.2694383119813248,-2.158283290921576,39.70782608695652,52.2995
2009-01-01,MIG - capital goods,Italy,89.1,"Index, 2021=100",93.3,23.224999999999998,21.674347826086954,1.9606284214617051,0.0,43.09227272727273,39.70782608695652
2009-02-01,MIG - capital goods,Italy,84.4,"Index, 2021=100",89.1,17.725,23.224999999999998,0.07516411002784573,0.0,43.326499999999996,43.09227272727273
2009-03-01,MIG - capital goods,Italy,81.6,"Index, 2021=100",84.4,12.2,17.725,1.147539934894266,1.9198599485884802,46.540454545454544,43.326499999999996
2009-04-01,MIG - capital goods,Italy,80.7,"Index, 2021=100",81.6,11.327272727272726,12.2,-0.6897706760210826,0.0,50.279545454545456,46.540454545454544
2009-05-01,MIG - capital goods,Italy,80.6,"Index, 2021=100",80.7,11.00952380952381,11.327272727272726,0.9371855413099275,2.9437593321208158,57.36904761904762,50.279545454545456
2009-06-01,MIG - capital goods,Italy,78.7,"Index, 2021=100",80.6,10.796818181818182,11.00952380952381,1.0697891624848404,0.0,68.60954545454545,57.36904761904762
2009-07-01,MIG - capital goods,Italy,81.8,"Index, 2021=100",78.7,9.393478260869566,10.796818181818182,-0.8584497443655938,0.0,64.49217391304347,68.60954545454545
2009-08-01,MIG - capital goods,Italy,75.6,"Index, 2021=100",81.8,8.778571428571428,9.393478260869566,1.168814769853965,0.0,72.50857142857143,64.49217391304347
2009-09-01,MIG - capital goods,Italy,82.1,"Index, 2021=100",75.6,9.418181818181818,8.778571428571428,0.12040182675501683,0.7555170574307397,67.56409090909091,72.50857142857143
2009-10-01,MIG - capital goods,Italy,84.8,"Index, 2021=100",82.1,10.340909090909092,9.418181818181818,0.8389514187941388,0.0,72.76954545454545,67.56409090909091
2009-11-01,MIG - capital goods,Italy,85.7,"Index, 2021=100",84.8,9.738095238095237,10.340909090909092,-0.14885123884919385,0.0,76.65761904761905,72.76954545454545
2009-12-01,MIG - capital goods,Italy,81.6,"Index, 2021=100",85.7,11.4,9.738095238095237,-0.8450010635890879,1.281714088367376,74.48652173913044,76.65761904761905
2010-01-01,MIG - capital goods,Italy,88.5,"Index, 2021=100",81.6,14.44047619047619,11.4,-0.48138524271346517,0.0,76.28285714285714,74.48652173913044
2010-02-01,MIG - capital goods,Italy,86.2,"Index, 2021=100",88.5,13.715,14.44047619047619,-0.21414063782099357,0.0,73.639,76.28285714285714
2010-03-01,MIG - capital goods,Italy,87.3,"Index, 2021=100",86.2,11.954782608695652,13.715,-0.5233596426999279,1.5544096531485574,78.82739130434783,73.639
2010-04-01,MIG - capital goods,Italy,89.4,"Index, 2021=100",87.3,13.493181818181819,11.954782608695652,-0.18357082280701043,0.0,84.71818181818182,78.82739130434783
2010-05-01,MIG - capital goods,Italy,90.1,"Index, 2021=100",89.4,16.781904761904762,13.493181818181819,-1.323271263136311,0.0,75.8052380952381,84.71818181818182
2010-06-01,MIG - capital goods,Italy,94.0,"Index, 2021=100",90.1,19.222727272727273,16.781904761904762,0.525869862586917,0.0,74.7609090909091,75.8052380952381
2010-07-01,MIG - capital goods,Italy,93.4,"Index, 2021=100",94.0,19.469545454545454,19.222727272727273,0.04754485195679738,0.0,75.40590909090909,74.7609090909091
2010-08-01,MIG - capital goods,Italy,94.4,"Index, 2021=100",93.4,18.13090909090909,19.469545454545454,-0.07161403937119563,0.0,77.03954545454545,75.40590909090909
2010-09-01,MIG - capital goods,Italy,94.3,"Index, 2021=100",94.4,18.943181818181817,18.13090909090909,-0.1487126906627298,0.0,77.71272727272728,77.03954545454545
2010-10-01,MIG - capital goods,Italy,93.8,"Index, 2021=100",94.3,18.497619047619047,18.943181818181817,0.7103428057964077,-0.4584134038079942,82.6647619047619,77.71272727272728
2010-11-01,MIG - capital goods,Italy,95.2,"Index, 2021=100",93.8,19.477272727272727,18.497619047619047,0.09961570270309454,0.0,85.24090909090908,82.6647619047619
2010-12-01,MIG - capital goods,Italy,94.5,"Index, 2021=100",95.2,24.09478260869565,19.477272727272727,-0.1169385540431611,1.0894693635716877,91.54173913043478,85.24090909090908
2011-01-01,MIG - capital goods,Italy,95.1,"Index, 2021=100",94.5,22.343809523809526,24.09478260869565,-0.13316626923827257,0.0,96.58714285714285,91.54173913043478
2011-02-01,MIG - capital goods,Italy,97.6,"Index, 2021=100",95.1,21.761,22.343809523809526,0.1062714600527813,0.0,103.6405,96.58714285714285
2011-03-01,MIG - capital goods,Italy,98.5,"Index, 2021=100",97.6,23.722608695652173,21.761,1.0735774048683804,0.0,114.64347826086957,103.6405
2011-04-01,MIG - capital goods,Italy,97.9,"Index, 2021=100",98.5,22.854761904761904,23.722608695652173,0.9191065185128502,0.0,123.45380952380954,114.64347826086957
2011-05-01,MIG - capital goods,Italy,97.2,"Index, 2021=100",97.9,22.989545454545453,22.854761904761904,-0.754449697870264,0.0,114.98272727272727,123.45380952380954
2011-06-01,MIG - capital goods,Italy,97.0,"Index, 2021=100",97.2,22.613636363636363,22.989545454545453,-0.5053044665651589,1.5367288900477356,113.83318181818181,114.98272727272727
2011-07-01,MIG - capital goods,Italy,96.8,"Index, 2021=100",97.0,21.51142857142857,22.613636363636363,-0.18652846565540906,0.0,116.63285714285715,113.83318181818181
2011-08-01,MIG - capital goods,Italy,100.1,"Index, 2021=100",96.8,21.93565217391304,21.51142857142857,-1.0228125161863917,0.0,110.3095652173913,116.63285714285715
2011-09-01,MIG - capital goods,Italy,94.8,"Index, 2021=100",100.1,23.39363636363636,21.93565217391304,0.43959634290727284,0.0,112.9740909090909,110.3095652173913
2011-10-01,MIG - capital goods,Italy,93.2,"Index, 2021=100",94.8,22.554761904761904,23.39363636363636,-0.15278013183668757,0.0,109.55000000000001,112.9740909090909
2011-11-01,MIG - capital goods,Italy,94.0,"Index, 2021=100",93.2,23.736363636363638,22.554761904761904,0.8939539270283243,0.0,110.58909090909091,109.55000000000001
2011-12-01,MIG - capital goods,Italy,96.0,"Index, 2021=100",94.0,22.296818181818182,23.736363636363638,-0.356458994127559,-4.916568331324604,107.99863636363635,110.58909090909091
2012-01-01,MIG - capital goods,Italy,90.5,"Index, 2021=100",96.0,21.865454545454543,22.296818181818182,0.20632540358179952,0.0,110.53136363636364,107.99863636363635
2012-02-01,MIG - capital goods,Italy,94.1,"Index, 2021=100",90.5,25.41142857142857,21.865454545454543,-0.029054799009691847,0.0,119.39190476190477,110.53136363636364
2012-03-01,MIG - capital goods,Italy,92.2,"Index, 2021=100",94.1,23.80727272727273,25.41142857142857,0.784751689386223,0.0,125.44545454545455,119.39190476190477
2012-04-01,MIG - capital goods,Italy,90.7,"Index, 2021=100",92.2,24.78952380952381,23.80727272727273,0.24063874434988755,0.0,120.05666666666667,125.44545454545455
2012-05-01,MIG - capital goods,Italy,91.5,"Index, 2021=100",90.7,24.196521739130436,24.78952380952381,-0.3856336478636065,0.0,110.2891304347826,120.05666666666667
2012-06-01,MIG - capital goods,Italy,88.7,"Index, 2021=100",91.5,23.673333333333332,24.196521739130436,-0.36812562156261563,1.490841835031829,95.15571428571428,110.2891304347826
2012-07-01,MIG - capital goods,Italy,91.0,"Index, 2021=100",88.7,24.332727272727276,23.673333333333332,0.6703576310954897,0.0,102.49454545454546,95.15571428571428
2012-08-01,MIG - capital goods,Italy,92.5,"Index, 2021=100",91.0,24.05652173913043,24.332727272727276,0.889111873743037,0.0,113.35608695652174,102.49454545454546
2012-09-01,MIG - capital goods,Italy,90.8,"Index, 2021=100",92.5,25.825499999999998,24.05652173913043,0.366716761812549,0.0,112.917,113.35608695652174
2012-10-01,MIG - capital goods,Italy,89.4,"Index, 2021=100",90.8,26.702173913043477,25.825499999999998,-0.2515652750980356,0.0,111.7108695652174,112.917
2012-11-01,MIG - capital goods,Italy,88.4,"Index, 2021=100",89.4,27.24909090909091,26.702173913043477,-0.07773850880404555,0.0,109.13818181818182,111.7108695652174
2012-12-01,MIG - capital goods,Italy,90.3,"Index, 2021=100",88.4,27.22333333333333,27.24909090909091,-0.28562219812972955,0.9944110031743462,109.44380952380953,109.13818181818182
2013-01-01,MIG - capital goods,Italy,86.8,"Index, 2021=100",90.3,26.51782608695652,27.22333333333333,0.31250565033261724,0.0,112.81173913043479,109.44380952380953
2013-02-01,MIG - capital goods,Italy,84.7,"Index, 2021=100",86.8,26.3165,26.51782608695652,0.16430715373994836,0.0,116.11800000000001,112.81173913043479
2013-03-01,MIG - capital goods,Italy,84.8,"Index, 2021=100",84.7,32.31666666666666,26.3165,-0.383542027094866,0.0,108.47333333333333,116.11800000000001
2013-04-01,MIG - capital goods,Italy,86.8,"Index, 2021=100",84.8,28.575,32.31666666666666,-0.25921885392347294,0.0,102.24818181818182,108.47333333333333
2013-05-01,MIG - capital goods,Italy,87.8,"Index, 2021=100",86.8,26.73304347826087,28.575,0.16248527258302423,-1.3607161850187028,102.50130434782609,102.24818181818182
2013-06-01,MIG - capital goods,Italy,87.8,"Index, 2021=100",87.8,26.23,26.73304347826087,0.1894274611148,0.0,102.9195,102.50130434782609
2013-07-01,MIG - capital goods,Italy,86.4,"Index, 2021=100",87.8,26.070434782608697,26.23,0.6182980381651376,0.0,107.85434782608696,102.9195
2013-08-01,MIG - capital goods,Italy,84.6,"Index, 2021=100",86.4,25.55181818181818,26.070434782608697,-0.07052223294410298,0.0,111.28045454545455,107.85434782608696
2013-09-01,MIG - capital goods,Italy,86.6,"Index, 2021=100",84.6,26.478571428571428,25.55181818181818,0.06362224893820845,0.0,111.8047619047619,111.28045454545455
2013-10-01,MIG - capital goods,Italy,86.8,"Index, 2021=100",86.6,25.868695652173916,26.478571428571428,0.13725652508100525,0.0,109.07652173913044,111.8047619047619
2013-11-01,MIG - capital goods,Italy,87.5,"Index, 2021=100",86.8,27.18047619047619,25.868695652173916,-0.11144201084991862,0.0,107.96,109.07652173913044
2013-12-01,MIG - capital goods,Italy,84.7,"Index, 2021=100",87.5,27.702727272727273,27.18047619047619,0.6426503974155726,1.006536826380158,110.79363636363637,107.96
2014-01-01,MIG - capital goods,Italy,88.4,"Index, 2021=100",84.7,26.253913043478263,27.702727272727273,-0.19812368810882713,0.0,108.19739130434782,110.79363636363637
2014-02-01,MIG - capital goods,Italy,86.4,"Index, 2021=100",88.4,23.849,26.253913043478263,-0.044531303873754494,0.0,108.88700000000001,108.19739130434782
2014-03-01,MIG - capital goods,Italy,87.2,"Index, 2021=100",86.4,22.767142857142858,23.849,0.0514680128382354,0.0,107.48095238095237,108.88700000000001
2014-04-01,MIG - capital goods,Italy,86.5,"Index, 2021=100",87.2,20.423181818181817,22.767142857142858,-0.018508882722691297,0.0,107.84772727272728,107.48095238095237
2014-05-01,MIG - capital goods,Italy,84.8,"Index, 2021=100",86.5,19.08818181818182,20.423181818181817,0.10496074182617701,0.0,109.53909090909092,107.84772727272728
2014-06-01,MIG - capital goods,Italy,87.5,"Index, 2021=100",84.8,17.39190476190476,19.08818181818182,0.3545000070992207,0.42851134062250246,111.79523809523809,109.53909090909092
2014-07-01,MIG - capital goods,Italy,86.4,"Index, 2021=100",87.5,16.50565217391304,17.39190476190476,-0.4381447112306579,0.0,106.86434782608696,111.79523809523809
2014-08-01,MIG - capital goods,Italy,85.1,"Index, 2021=100",86.4,17.497142857142858,16.50565217391304,0.08722188445673984,0.0,101.60809523809523,106.86434782608696
2014-09-01,MIG - capital goods,Italy,85.5,"Index, 2021=100",85.1,20.74863636363636,17.497142857142858,-0.16107172026645272,0.0,97.27454545454545,101.60809523809523
2014-10-01,MIG - capital goods,Italy,86.7,"Index, 2021=100",85.5,21.268260869565218,20.74863636363636,-0.2764119863445895,0.0,87.42521739130434,97.27454545454545
2014-11-01,MIG - capital goods,Italy,86.8,"Index, 2021=100",86.7,22.978,21.268260869565218,-0.9869169148213338,-9.796069628596289,79.3355,87.42521739130434
2014-12-01,MIG - capital goods,Italy,89.9,"Index, 2021=100",86.8,22.520869565217392,22.978,-1.2412203634377712,0.0,62.17565217391304,79.3355
2015-01-01,MIG - capital goods,Italy,87.5,"Index, 2021=100",89.9,19.755,22.520869565217392,-1.689378075003543,0.0,48.08363636363636,62.17565217391304
2015-02-01,MIG - capital goods,Italy,89.6,"Index, 2021=100",87.5,22.566,19.755,1.030226324080852,0.0,58.0955,48.08363636363636
2015-03-01,MIG - capital goods,Italy,89.4,"Index, 2021=100",89.6,21.856818181818184,22.566,-0.2471285840319799,0.0,55.88545454545454,58.0955
2015-04-01,MIG - capital goods,Italy,89.7,"Index, 2021=100",89.4,22.078181818181818,21.856818181818184,0.7630852782137214,0.0,59.35181818181818,55.88545454545454
2015-05-01,MIG - capital goods,Italy,90.8,"Index, 2021=100",89.7,20.548571428571428,22.078181818181818,0.9306750388082086,0.0,64.1047619047619,59.35181818181818
2015-06-01,MIG - capital goods,Italy,90.2,"Index, 2021=100",90.8,20.520454545454545,20.548571428571428,-0.3949488388902102,2.4056171564772404,61.47772727272727,64.1047619047619
2015-07-01,MIG - capital goods,Italy,91.5,"Index, 2021=100",90.2,20.858260869565218,20.520454545454545,-0.8969936335129175,0.0,56.56130434782609,61.47772727272727
2015-08-01,MIG - capital goods,Italy,87.8,"Index, 2021=100",91.5,19.576190476190476,20.858260869565218,-0.6689537169882939,0.0,46.58428571428571,56.56130434782609
2015-09-01,MIG - capital goods,Italy,92.2,"Index, 2021=100",87.8,19.16,19.576190476190476,0.4134260838296521,0.0,47.62318181818182,46.58428571428571
2015-10-01,MIG - capital goods,Italy,91.2,"Index, 2021=100",92.2,18.243636363636366,19.16,-0.17098247375992967,0.0,48.43,47.62318181818182
2015-11-01,MIG - capital goods,Italy,91.1,"Index, 2021=100",91.2,17.202380952380953,18.243636363636366,-0.3748783969247207,0.0,44.26761904761905,48.43
2015-12-01,MIG - capital goods,Italy,88.3,"Index, 2021=100",91.1,15.640869565217391,17.202380952380953,-0.7698627351357819,-1.9668139100704445,37.97130434782609,44.26761904761905
2016-01-01,MIG - capital goods,Italy,94.1,"Index, 2021=100",88.3,13.904285714285715,15.640869565217391,-1.2929579520638326,0.0,30.98095238095238,37.97130434782609
2016-02-01,MIG - capital goods,Italy,93.2,"Index, 2021=100",94.1,12.476666666666667,13.904285714285715,-0.22939651791615284,0.0,32.163333333333334,30.98095238095238
2016-03-01,MIG - capital goods,Italy,92.6,"Index, 2021=100",93.2,12.267826086956523,12.476666666666667,0.9962287899781237,0.0,38.21565217391304,32.163333333333334
2016-04-01,MIG - capital goods,Italy,94.2,"Index, 2021=100",92.6,11.979999999999999,12.267826086956523,-0.15187983491624749,0.0,41.583333333333336,38.21565217391304
2016-05-01,MIG - capital goods,Italy,91.0,"Index, 2021=100",94.2,13.04090909090909,11.979999999999999,0.6792464128472383,0.0,46.84909090909091,41.583333333333336
2016-06-01,MIG - capital goods,Italy,91.2,"Index, 2021=100",91.0,14.41590909090909,13.04090909090909,-0.1770446016289529,0.582575139176583,48.24727272727273,46.84909090909091
2016-07-01,MIG - capital goods,Italy,92.5,"Index, 2021=100",91.2,14.241904761904761,14.41590909090909,-0.4528878840711025,0.0,44.951904761904764,48.24727272727273
2016-08-01,MIG - capital goods,Italy,96.4,"Index, 2021=100",92.5,11.980869565217391,14.241904761904761,0.1189274105169856,0.0,45.843043478260874,44.951904761904764
2016-09-01,MIG - capital goods,Italy,93.4,"Index, 2021=100",96.4,12.282272727272726,11.980869565217391,0.24870447283671346,1.4727297897900193,46.567727272727275,45.843043478260874
2016-10-01,MIG - capital goods,Italy,94.9,"Index, 2021=100",93.4,16.093809523809526,12.282272727272726,0.41093056832079616,0.0,49.522380952380956,46.567727272727275
2016-11-01,MIG - capital goods,Italy,94.7,"Index, 2021=100",94.9,17.90590909090909,16.093809523809526,-0.5793797051617606,7.91404059403762,44.73409090909091,49.522380952380956
2016-12-01,MIG - capital goods,Italy,96.1,"Index, 2021=100",94.7,17.689545454545456,17.90590909090909,0.7086845393102761,2.0404579621780123,53.365,44.73409090909091
2017-01-01,MIG - capital goods,Italy,92.9,"Index, 2021=100",96.1,20.12272727272727,17.689545454545456,0.08901653408704874,0.0,54.59409090909091,53.365
2017-02-01,MIG - capital goods,Italy,95.1,"Index, 2021=100",92.9,19.553,20.12272727272727,-0.03179032404754296,0.0,54.8695,54.59409090909091
2017-03-01,MIG - capital goods,Italy,96.8,"Index, 2021=100",95.1,15.799130434782608,19.553,-1.4425063041961181,0.0,51.589130434782604,54.8695
2017-04-01,MIG - capital goods,Italy,95.1,"Index, 2021=100",96.8,16.058,15.799130434782608,0.21703780157455996,0.0,52.44500000000001,51.589130434782604
2017-05-01,MIG - capital goods,Italy,98.3,"Index, 2021=100",95.1,15.669130434782607,16.058,-0.8328997339371286,-4.41644778310952,50.326521739130435,52.44500000000001
2017-06-01,MIG - capital goods,Italy,97.9,"Index, 2021=100",98.3,15.134545454545453,15.669130434782607,-0.26420964099602673,0.0,46.36818181818182,50.326521739130435
2017-07-01,MIG - capital goods,Italy,99.8,"Index, 2021=100",97.9,15.095714285714285,15.134545454545453,-0.1449934034705647,0.0,48.47857142857143,46.36818181818182
2017-08-01,MIG - capital goods,Italy,100.9,"Index, 2021=100",99.8,15.99304347826087,15.095714285714285,-0.1520757414392232,0.0,51.70434782608696,48.47857142857143
2017-09-01,MIG - capital goods,Italy,99.0,"Index, 2021=100",100.9,17.302857142857142,15.99304347826087,0.32443706724488564,0.0,56.152857142857144,51.70434782608696
2017-10-01,MIG - capital goods,Italy,99.1,"Index, 2021=100",99.0,17.10363636363636,17.302857142857142,-0.3486109778555899,0.0,57.50772727272727,56.152857142857144
2017-11-01,MIG - capital goods,Italy,101.0,"Index, 2021=100",99.1,19.57090909090909,17.10363636363636,0.12556813519738738,0.21630901693183507,62.71409090909091,57.50772727272727
2017-12-01,MIG - capital goods,Italy,104.0,"Index, 2021=100",101.0,20.795238095238094,19.57090909090909,-0.1117328946322315,0.0,64.39619047619047,62.71409090909091
2018-01-01,MIG - capital goods,Italy,100.9,"Index, 2021=100",104.0,18.6,20.795238095238094,0.7325011228803984,0.0,68.97521739130435,64.39619047619047
2018-02-01,MIG - capital goods,Italy,99.1,"Index, 2021=100",100.9,21.679,18.6,-0.5046465050387093,0.0,65.3175,68.97521739130435
2018-03-01,MIG - capital goods,Italy,100.2,"Index, 2021=100",99.1,23.622727272727275,21.679,-0.10225293145429594,0.0,66.1531818181818,65.3175
2018-04-01,MIG - capital goods,Italy,101.3,"Index, 2021=100",100.2,19.645238095238096,23.622727272727275,0.47425564352743266,0.0,71.95904761904762,66.1531818181818
2018-05-01,MIG - capital goods,Italy,101.4,"Index, 2021=100",101.3,21.566086956521737,19.645238095238096,0.5388658853656386,0.0,76.86217391304348,71.95904761904762
2018-06-01,MIG - capital goods,Italy,102.7,"Index, 2021=100",101.4,21.92761904761905,21.566086956521737,-0.5831886971683538,-0.4130092757360921,74.4047619047619,76.86217391304348
2018-07-01,MIG - capital goods,Italy,101.5,"Index, 2021=100",102.7,22.253636363636364,21.92761904761905,0.5294960350409211,0.0,74.2540909090909,74.4047619047619
2018-08-01,MIG - capital goods,Italy,103.5,"Index, 2021=100",101.5,23.94347826086957,22.253636363636364,-0.20893271379353645,0.0,72.52826086956522,74.2540909090909
2018-09-01,MIG - capital goods,Italy,102.0,"Index, 2021=100",103.5,27.837,23.94347826086957,0.6564596940208821,0.0,78.89099999999999,72.52826086956522
2018-10-01,MIG - capital goods,Italy,102.1,"Index, 2021=100",102.0,25.539565217391303,27.837,0.12149689586130322,0.0,81.03217391304348,78.89099999999999
2018-11-01,MIG - capital goods,Italy,99.5,"Index, 2021=100",102.1,24.633636363636366,25.539565217391303,-1.3685992177175907,0.0,64.74818181818182,81.03217391304348
2018-12-01,MIG - capital goods,Italy,101.1,"Index, 2021=100",99.5,23.666190476190476,24.633636363636366,-0.2447966896801907,2.07348679679867,56.26285714285714,64.74818181818182
2019-01-01,MIG - capital goods,Italy,99.9,"Index, 2021=100",101.1,21.39782608695652,23.666190476190476,0.35962477880472876,0.0,59.025217391304345,56.26285714285714
2019-02-01,MIG - capital goods,Italy,100.7,"Index, 2021=100",99.9,18.0035,21.39782608695652,0.1517462342010795,0.0,63.9605,59.025217391304345
2019-03-01,MIG - capital goods,Italy,101.0,"Index, 2021=100",100.7,15.697619047619046,18.0035,-0.17808513427363806,0.0,66.13857142857144,63.9605
2019-04-01,MIG - capital goods,Italy,98.2,"Index, 2021=100",101.0,15.041818181818183,15.697619047619046,0.3628493694964929,0.0,71.20954545454545,66.13857142857144
2019-05-01,MIG - capital goods,Italy,101.2,"Index, 2021=100",98.2,13.298695652173913,15.041818181818183,-0.7347359961140314,0.0,71.17260869565217,71.20954545454545
2019-06-01,MIG - capital goods,Italy,101.5,"Index, 2021=100",101.2,10.5225,13.298695652173913,-0.33975076992957615,0.0,64.2205,71.17260869565217
2019-07-01,MIG - capital goods,Italy,100.3,"Index, 2021=100",101.5,10.941304347826087,10.5225,0.3395291323618024,-4.251048097619388,63.9191304347826,64.2205
2019-08-01,MIG - capital goods,Italy,98.6,"Index, 2021=100",100.3,10.029545454545454,10.941304347826087,-0.3748389650611249,0.0,59.041818181818186,63.9191304347826
2019-09-01,MIG - capital goods,Italy,101.1,"Index, 2021=100",98.6,9.568095238095239,10.029545454545454,0.48197852185687173,0.0,62.826666666666675,59.041818181818186
2019-10-01,MIG - capital goods,Italy,99.2,"Index, 2021=100",101.1,10.30913043478261,9.568095238095239,-0.3400181888327622,0.0,59.71304347826087,62.826666666666675
2019-11-01,MIG - capital goods,Italy,99.5,"Index, 2021=100",99.2,14.763809523809524,10.30913043478261,0.4635132466348744,0.0,63.21190476190476,59.71304347826087
2019-12-01,MIG - capital goods,Italy,97.6,"Index, 2021=100",99.5,13.031363636363636,14.763809523809524,0.4622502963974788,1.090508505035817,67.31,63.21190476190476
2020-01-01,MIG - capital goods,Italy,101.4,"Index, 2021=100",97.6,11.144782608695651,13.031363636363636,1.4414572982744303,0.0,63.82478260869566,67.31
2020-02-01,MIG - capital goods,Italy,101.5,"Index, 2021=100",101.4,9.3725,11.144782608695651,-0.8114535624060095,0.0,55.702,63.82478260869566
2020-03-01,MIG - capital goods,Italy,61.1,"Index, 2021=100",101.5,8.622727272727273,9.3725,-1.9239758097171007,-8.007737426749562,31.993636363636366,55.702
2020-04-01,MIG - capital goods,Italy,46.4,"Index, 2021=100",61.1,6.54,8.622727272727273,1.3138212739143362,3.0940649462160628,18.546818181818182,31.993636363636366
2020-05-01,MIG - capital goods,Italy,78.1,"Index, 2021=100",46.4,4.575714285714286,6.54,0.7414620048035757,0.0,29.344285714285714,18.546818181818182
2020-06-01,MIG - capital goods,Italy,85.2,"Index, 2021=100",78.1,4.991818181818181,4.575714285714286,-0.674179631293128,-3.149840310433884,40.26681818181818,29.344285714285714
2020-07-01,MIG - capital goods,Italy,94.2,"Index, 2021=100",85.2,4.879565217391304,4.991818181818181,-0.07202838847948002,0.0,43.24217391304348,40.26681818181818
2020-08-01,MIG - capital goods,Italy,98.2,"Index, 2021=100",94.2,7.533333333333333,4.879565217391304,-0.7379957308695794,0.0,44.75904761904762,43.24217391304348
2020-09-01,MIG - capital goods,Italy,94.6,"Index, 2021=100",98.2,11.161818181818182,7.533333333333333,-0.5826109751692493,0.0,40.90954545454545,44.75904761904762
2020-10-01,MIG - capital goods,Italy,98.0,"Index, 2021=100",94.6,13.955454545454545,11.161818181818182,-0.291036694449014,0.0,40.18954545454546,40.90954545454545
2020-11-01,MIG - capital goods,Italy,96.8,"Index, 2021=100",98.0,13.794285714285715,13.955454545454545,-0.1676225177801478,0.0,42.69238095238095,40.18954545454546
2020-12-01,MIG - capital goods,Italy,96.7,"Index, 2021=100",96.8,16.34565217391304,13.794285714285715,-0.06503074006202851,0.563137829641395,50.03217391304348,42.69238095238095
2021-01-01,MIG - capital goods,Italy,100.2,"Index, 2021=100",96.7,20.476190476190474,16.34565217391304,-0.5778110950222807,3.899417998430563,54.60476190476191,50.03217391304348
2021-02-01,MIG - capital goods,Italy,97.2,"Index, 2021=100",100.2,17.4085,20.476190476190474,0.26866362438390906,0.0,62.2765,54.60476190476191
2021-03-01,MIG - capital goods,Italy,97.7,"Index, 2021=100",97.2,17.795217391304348,17.4085,0.3009824618650811,3.5419347237958796,65.41,62.2765
2021-04-01,MIG - capital goods,Italy,101.2,"Index, 2021=100",97.7,20.775454545454547,17.795217391304348,0.5129892999970512,5.991632222929873,64.71954545454545,65.41
2021-05-01,MIG - capital goods,Italy,99.0,"Index, 2021=100",101.2,25.285238095238096,20.775454545454547,0.8992703670969532,0.0,68.5352380952381,64.71954545454545
2021-06-01,MIG - capital goods,Italy,100.4,"Index, 2021=100",99.0,29.238636363636363,25.285238095238096,0.36360474028399664,2.2925007532095663,73.1640909090909,68.5352380952381
2021-07-01,MIG - capital goods,Italy,101.9,"Index, 2021=100",100.4,36.13954545454545,29.238636363636363,0.019142986170709916,-9.851298268875022,75.1659090909091,73.1640909090909
2021-08-01,MIG - capital goods,Italy,102.2,"Index, 2021=100",101.9,44.30409090909091,36.13954545454545,-0.3147083142103972,0.0,70.81590909090909,75.1659090909091
2021-09-01,MIG - capital goods,Italy,100.0,"Index, 2021=100",102.2,64.45363636363636,44.30409090909091,1.015760795186652,0.4390282348823775,74.48863636363636,70.81590909090909
2021-10-01,MIG - capital goods,Italy,99.0,"Index, 2021=100",100.0,87.69238095238094,64.45363636363636,0.7705932795655408,2.361261487325598,83.53809523809524,74.48863636363636
2021-11-01,MIG - capital goods,Italy,101.3,"Index, 2021=100",99.0,81.92136363636364,87.69238095238094,-0.5218341421272874,-1.0130750354233125,81.05,83.53809523809524
2021-12-01,MIG - capital goods,Italy,97.7,"Index, 2021=100",101.3,112.80739130434783,81.92136363636364,-0.49656758152090014,1.7069751201240932,74.26347826086956,81.05
2022-01-01,MIG - capital goods,Italy,97.3,"Index, 2021=100",97.7,84.06952380952382,112.80739130434783,0.8522287791057341,1.4985078326623733,86.50523809523808,74.26347826086956
2022-02-01,MIG - capital goods,Italy,100.0,"Index, 2021=100",97.3,81.164,84.06952380952382,0.20967705216092372,0.6492342056890332,97.12899999999999,86.50523809523808
2022-03-01,MIG - capital goods,Italy,101.0,"Index, 2021=100",100.0,129.18304347826088,81.164,1.1589724435645128,1.020230642989599,117.24521739130434,97.12899999999999
2022-04-01,MIG - capital goods,Italy,102.3,"Index, 2021=100",101.0,101.06238095238095,129.18304347826088,-0.41804567878166843,0.0,105.17095238095239,117.24521739130434
2022-05-01,MIG - capital goods,Italy,101.5,"Index, 2021=100",102.3,88.58863636363637,101.06238095238095,0.8079062673307621,0.4644825107300398,113.11136363636363,105.17095238095239
2022-06-01,MIG - capital goods,Italy,97.7,"Index, 2021=100",101.5,106.29454545454546,88.58863636363637,0.2666071424046354,-2.121493222584776,122.68772727272727,113.11136363636363
2022-07-01,MIG - capital goods,Italy,100.6,"Index, 2021=100",97.7,171.41666666666666,106.29454545454546,-1.5284523643533043,0.0,111.92571428571429,122.68772727272727
2022-08-01,MIG - capital goods,Italy,103.9,"Index, 2021=100",100.6,235.68391304347824,171.41666666666666,-0.8625649365210946,-2.904996658248558,100.47608695652173,111.92571428571429
2022-09-01,MIG - capital goods,Italy,102.3,"Index, 2021=100",103.9,190.24181818181816,235.68391304347824,-0.6092331240191604,0.5554531127177963,89.74954545454545,100.47608695652173
2022-10-01,MIG - capital goods,Italy,102.5,"Index, 2021=100",102.3,72.15047619047618,190.24181818181816,0.8249900068007756,2.4641871317219377,93.33190476190477,89.74954545454545
2022-11-01,MIG - capital goods,Italy,103.2,"Index, 2021=100",102.5,96.28181818181817,72.15047619047618,-0.31727729228827767,0.0,91.41545454545455,93.33190476190477
2022-12-01,MIG - capital goods,Italy,106.7,"Index, 2021=100",103.2,113.99181818181819,96.28181818181817,-0.5175798710392452,-2.8790551863806995,81.06272727272727,91.41545454545455
2023-01-01,MIG - capital goods,Italy,107.4,"Index, 2021=100",106.7,63.004090909090905,113.99181818181819,0.16272770514393026,0.0,82.51590909090909,81.06272727272727
2023-02-01,MIG - capital goods,Italy,105.0,"Index, 2021=100",107.4,53.352999999999994,63.004090909090905,-0.3578309492217428,0.0,82.58500000000001,82.51590909090909
2023-03-01,MIG - capital goods,Italy,107.0,"Index, 2021=100",105.0,44.18782608695652,53.352999999999994,-0.5444578687975978,0.0,78.43434782608696,82.58500000000001
2023-04-01,MIG - capital goods,Italy,104.2,"Index, 2021=100",107.0,42.585,44.18782608695652,0.7779760977112515,0.0,84.8305,78.43434782608696
2023-05-01,MIG - capital goods,Italy,106.4,"Index, 2021=100",104.2,31.335652173913044,42.585,-0.9911199872566404,0.0,75.77478260869565,84.8305
2023-06-01,MIG - capital goods,Italy,106.8,"Index, 2021=100",106.4,32.39909090909091,31.335652173913044,0.10438583996063543,0.4626838105740375,74.83909090909091,75.77478260869565
2023-07-01,MIG - capital goods,Italy,105.2,"Index, 2021=100",106.8,29.665714285714287,32.39909090909091,0.3105036346079896,0.0,80.10809523809523,74.83909090909091
2023-08-01,MIG - capital goods,Italy,105.5,"Index, 2021=100",105.2,33.52304347826087,29.665714285714287,0.2634335721723802,0.0,86.11608695652174,80.10809523809523
2023-09-01,MIG - capital goods,Italy,106.1,"Index, 2021=100",105.5,36.52761904761905,33.52304347826087,0.4709271233739839,0.0,93.72238095238096,86.11608695652174
2023-10-01,MIG - capital goods,Italy,105.4,"Index, 2021=100",106.1,43.264545454545456,36.52761904761905,-0.16534366151930893,0.0,90.59590909090909,93.72238095238096
2023-11-01,MIG - capital goods,Italy,105.1,"Index, 2021=100",105.4,43.269090909090906,43.264545454545456,-0.571544726123262,-2.4651491943871404,82.94,90.59590909090909
2023-12-01,MIG - capital goods,Italy,107.7,"Index, 2021=100",105.1,35.318571428571424,43.269090909090906,0.011208893183722398,0.0,77.87857142857143,82.94
2004-01-01,MIG - consumer goods,Italy,115.1,"Index, 2021=100",115.1,11.36,11.36,0.44154017195044576,0.0,31.236363636363638,29.77608695652174
2004-02-01,MIG - consumer goods,Italy,115.9,"Index, 2021=100",115.1,10.7975,11.36,-0.08581088034809001,2.694076911628696,30.8585,31.236363636363638
2004-03-01,MIG - consumer goods,Italy,114.9,"Index, 2021=100",115.9,10.900434782608697,10.7975,0.2813203494904621,-0.667869132781252,33.63434782608696,30.8585
2004-04-01,MIG - consumer goods,Italy,115.4,"Index, 2021=100",114.9,10.974545454545455,10.900434782608697,-0.6033863591783445,0.0,33.59090909090909,33.63434782608696
2004-05-01,MIG - consumer goods,Italy,114.4,"Index, 2021=100",115.4,11.221904761904762,10.974545454545455,0.5969780334499486,0.0,37.56761904761905,33.59090909090909
2004-06-01,MIG - consumer goods,Italy,111.8,"Index, 2021=100",114.4,10.607727272727272,11.221904761904762,-0.0108376887124877,-0.8697021883599181,35.18363636363636,37.56761904761905
2004-07-01,MIG - consumer goods,Italy,113.4,"Index, 2021=100",111.8,10.656818181818181,10.607727272727272,-0.18225670383212336,0.0,38.221363636363634,35.18363636363636
2004-08-01,MIG - consumer goods,Italy,109.8,"Index, 2021=100",113.4,12.030909090909091,10.656818181818181,0.41307128781677527,0.0,42.74409090909091,38.221363636363634
2004-09-01,MIG - consumer goods,Italy,111.5,"Index, 2021=100",109.8,12.784999999999998,12.030909090909091,0.020228290770040784,-1.6071356282661176,43.19681818181818,42.74409090909091
2004-10-01,MIG - consumer goods,Italy,111.4,"Index, 2021=100",111.5,12.065238095238096,12.784999999999998,0.8379242805985881,0.0,49.776666666666664,43.19681818181818
2004-11-01,MIG - consumer goods,Italy,109.3,"Index, 2021=100",111.4,12.959545454545456,12.065238095238096,-0.22862171681724705,0.0,43.110454545454544,49.776666666666664
2004-12-01,MIG - consumer goods,Italy,109.7,"Index, 2021=100",109.3,14.537391304347826,12.959545454545456,-0.8713033012256369,-3.1596202022297115,39.60217391304348,43.110454545454544
2005-01-01,MIG - consumer goods,Italy,110.0,"Index, 2021=100",109.7,14.123333333333331,14.537391304347826,0.2661415106984759,2.159954265104334,44.31238095238095,39.60217391304348
2005-02-01,MIG - consumer goods,Italy,109.6,"Index, 2021=100",110.0,16.8315,14.123333333333331,0.33553585232891664,0.0,45.475,44.31238095238095
2005-03-01,MIG - consumer goods,Italy,107.2,"Index, 2021=100",109.6,18.585217391304347,16.8315,0.5751930208570617,3.0421593263989704,53.071739130434786,45.475
2005-04-01,MIG - consumer goods,Italy,110.6,"Index, 2021=100",107.2,14.80857142857143,18.585217391304347,-0.5666684540474421,0.0,51.88380952380952,53.071739130434786
2005-05-01,MIG - consumer goods,Italy,108.3,"Index, 2021=100",110.6,14.289090909090909,14.80857142857143,-0.10846214234396483,0.0,48.64545454545455,51.88380952380952
2005-06-01,MIG - consumer goods,Italy,109.6,"Index, 2021=100",108.3,14.356363636363636,14.289090909090909,0.503989891285571,0.3374585671050337,54.35454545454545,48.64545454545455
2005-07-01,MIG - consumer goods,Italy,109.0,"Index, 2021=100",109.6,15.540952380952382,14.356363636363636,0.563468443674944,0.0,57.52,54.35454545454545
2005-08-01,MIG - consumer goods,Italy,112.5,"Index, 2021=100",109.0,15.107826086956523,15.540952380952382,0.718752317958703,0.0,63.98347826086956,57.52
2005-09-01,MIG - consumer goods,Italy,112.2,"Index, 2021=100",112.5,14.746363636363638,15.107826086956523,1.1148474280757803,-1.6643240899907965,62.908181818181816,63.98347826086956
2005-10-01,MIG - consumer goods,Italy,110.9,"Index, 2021=100",112.2,15.534761904761906,14.746363636363638,-1.0533079897254418,0.0,58.53857142857142,62.908181818181816
2005-11-01,MIG - consumer goods,Italy,110.9,"Index, 2021=100",110.9,19.15909090909091,15.534761904761906,-1.2341397270208476,0.0,55.24181818181818,58.53857142857142
2005-12-01,MIG - consumer goods,Italy,112.0,"Index, 2021=100",110.9,22.903636363636362,19.15909090909091,-0.03924653272715153,2.9526028347999587,56.84136363636364,55.24181818181818
2006-01-01,MIG - consumer goods,Italy,108.8,"Index, 2021=100",112.0,25.694999999999997,22.903636363636362,0.19348656521120655,-0.15180339953147387,62.77409090909091,56.84136363636364
2006-02-01,MIG - consumer goods,Italy,110.8,"Index, 2021=100",108.8,22.324,25.694999999999997,-0.6518974343740799,0.0,60.21,62.77409090909091
2006-03-01,MIG - consumer goods,Italy,112.6,"Index, 2021=100",110.8,26.028260869565216,22.324,-0.07863751143875931,-1.827456416166897,62.06478260869565,60.21
2006-04-01,MIG - consumer goods,Italy,111.8,"Index, 2021=100",112.6,21.387999999999998,26.028260869565216,0.6237237514902355,0.0,70.173,62.06478260869565
2006-05-01,MIG - consumer goods,Italy,116.0,"Index, 2021=100",111.8,19.692608695652176,21.387999999999998,-0.3540726086115883,0.0,69.77695652173912,70.173
2006-06-01,MIG - consumer goods,Italy,115.3,"Index, 2021=100",116.0,19.58409090909091,19.692608695652176,-0.31545669169778073,-1.1833322763183536,68.5559090909091,69.77695652173912
2006-07-01,MIG - consumer goods,Italy,113.0,"Index, 2021=100",115.3,19.847619047619048,19.58409090909091,0.28310573574819875,0.0,73.67428571428572,68.5559090909091
2006-08-01,MIG - consumer goods,Italy,112.9,"Index, 2021=100",113.0,17.97826086956522,19.847619047619048,-0.1782674258490434,0.0,73.2304347826087,73.67428571428572
2006-09-01,MIG - consumer goods,Italy,114.2,"Index, 2021=100",112.9,15.951428571428572,17.97826086956522,-1.0773599355773278,-1.1265879387430244,61.95857142857143,73.2304347826087
2006-10-01,MIG - consumer goods,Italy,114.7,"Index, 2021=100",114.2,14.200454545454546,15.951428571428572,-0.713482353040865,-1.0147867419479089,57.808181818181815,61.95857142857143
2006-11-01,MIG - consumer goods,Italy,115.1,"Index, 2021=100",114.7,19.87272727272727,14.200454545454546,-0.6336040683167151,0.0,58.76136363636363,57.808181818181815
2006-12-01,MIG - consumer goods,Italy,117.9,"Index, 2021=100",115.1,16.45809523809524,19.87272727272727,0.06279864252157119,1.7594994847040366,62.41952380952381,58.76136363636363
2007-01-01,MIG - consumer goods,Italy,115.0,"Index, 2021=100",117.9,13.603478260869565,16.45809523809524,-0.8815456486489374,0.0,53.748695652173915,62.41952380952381
2007-02-01,MIG - consumer goods,Italy,115.4,"Index, 2021=100",115.0,9.310500000000001,13.603478260869565,0.5012149220613668,0.0,57.516999999999996,53.748695652173915
2007-03-01,MIG - consumer goods,Italy,115.9,"Index, 2021=100",115.4,10.338636363636363,9.310500000000001,0.001407425353364094,-0.689195928658093,62.05045454545455,57.516999999999996
2007-04-01,MIG - consumer goods,Italy,112.9,"Index, 2021=100",115.9,8.91904761904762,10.338636363636363,0.23160567911181562,0.0,67.64428571428572,62.05045454545455
2007-05-01,MIG - consumer goods,Italy,114.4,"Index, 2021=100",112.9,11.71391304347826,8.91904761904762,-0.29762578435044224,0.0,67.36478260869566,67.64428571428572
2007-06-01,MIG - consumer goods,Italy,111.3,"Index, 2021=100",114.4,10.586190476190476,11.71391304347826,0.16535936703141824,0.0,71.04571428571428,67.36478260869566
2007-07-01,MIG - consumer goods,Italy,112.9,"Index, 2021=100",111.3,14.946363636363635,10.586190476190476,0.18880782596297765,0.0,76.80863636363637,71.04571428571428
2007-08-01,MIG - consumer goods,Italy,115.3,"Index, 2021=100",112.9,14.281304347826088,14.946363636363635,-0.5681005018139146,0.0,70.76086956521739,76.80863636363637
2007-09-01,MIG - consumer goods,Italy,114.8,"Index, 2021=100",115.3,17.057,14.281304347826088,1.0001793364551819,1.1859376565060231,76.929,70.76086956521739
2007-10-01,MIG - consumer goods,Italy,115.6,"Index, 2021=100",114.8,20.13478260869565,17.057,0.10198579635873983,0.0,82.34,76.929
2007-11-01,MIG - consumer goods,Italy,114.9,"Index, 2021=100",115.6,22.223636363636363,20.13478260869565,0.6128810878526092,0.0,92.53045454545455,82.34
2007-12-01,MIG - consumer goods,Italy,111.9,"Index, 2021=100",114.9,23.133333333333333,22.223636363636363,-0.28925766272037334,-0.831933850195447,90.99,92.53045454545455
2008-01-01,MIG - consumer goods,Italy,117.2,"Index, 2021=100",111.9,24.26347826086956,23.133333333333333,-0.13761859893639725,0.0,92.13391304347826,90.99
2008-02-01,MIG - consumer goods,Italy,116.6,"Index, 2021=100",117.2,22.760952380952382,24.26347826086956,0.2608943406309443,-2.502179452682496,95.08047619047619,92.13391304347826
2008-03-01,MIG - consumer goods,Italy,114.3,"Index, 2021=100",116.6,23.693333333333335,22.760952380952382,1.0041522754151373,4.248635030337986,103.45190476190476,95.08047619047619
2008-04-01,MIG - consumer goods,Italy,115.9,"Index, 2021=100",114.3,25.75318181818182,23.693333333333335,0.06105421820469373,0.0,109.07136363636364,103.45190476190476
2008-05-01,MIG - consumer goods,Italy,111.9,"Index, 2021=100",115.9,25.01409090909091,25.75318181818182,1.3761117623094206,0.0,123.11181818181818,109.07136363636364
2008-06-01,MIG - consumer goods,Italy,115.4,"Index, 2021=100",111.9,26.552380952380954,25.01409090909091,1.1146900143738558,0.0,132.32238095238094,123.11181818181818
2008-07-01,MIG - consumer goods,Italy,112.8,"Index, 2021=100",115.4,25.088260869565215,26.552380952380954,0.5718559213874487,0.0,133.20652173913044,132.32238095238094
2008-08-01,MIG - consumer goods,Italy,110.5,"Index, 2021=100",112.8,24.035238095238096,25.088260869565215,-0.46951606860925593,0.0,113.24333333333334,133.20652173913044
2008-09-01,MIG - consumer goods,Italy,110.6,"Index, 2021=100",110.5,30.28409090909091,24.035238095238096,0.2624296377427312,-0.7550683370320911,97.97363636363637,113.24333333333334
2008-10-01,MIG - consumer goods,Italy,111.2,"Index, 2021=100",110.6,26.14260869565217,30.28409090909091,-2.8871890830034372,-5.276020721573241,71.58217391304348,97.97363636363637
2008-11-01,MIG - consumer goods,Italy,110.8,"Index, 2021=100",111.2,23.5355,26.14260869565217,-1.0616536689944311,0.0,52.2995,71.58217391304348
2008-12-01,MIG - consumer goods,Italy,109.8,"Index, 2021=100",110.8,21.674347826086954,23.5355,-0.2694383119813248,-2.158283290921576,39.70782608695652,52.2995
2009-01-01,MIG - consumer goods,Italy,107.6,"Index, 2021=100",109.8,23.224999999999998,21.674347826086954,1.9606284214617051,0.0,43.09227272727273,39.70782608695652
2009-02-01,MIG - consumer goods,Italy,106.8,"Index, 2021=100",107.6,17.725,23.224999999999998,0.07516411002784573,0.0,43.326499999999996,43.09227272727273
2009-03-01,MIG - consumer goods,Italy,98.5,"Index, 2021=100",106.8,12.2,17.725,1.147539934894266,1.9198599485884802,46.540454545454544,43.326499999999996
2009-04-01,MIG - consumer goods,Italy,101.4,"Index, 2021=100",98.5,11.327272727272726,12.2,-0.6897706760210826,0.0,50.279545454545456,46.540454545454544
2009-05-01,MIG - consumer goods,Italy,103.5,"Index, 2021=100",101.4,11.00952380952381,11.327272727272726,0.9371855413099275,2.9437593321208158,57.36904761904762,50.279545454545456
2009-06-01,MIG - consumer goods,Italy,103.6,"Index, 2021=100",103.5,10.796818181818182,11.00952380952381,1.0697891624848404,0.0,68.60954545454545,57.36904761904762
2009-07-01,MIG - consumer goods,Italy,104.7,"Index, 2021=100",103.6,9.393478260869566,10.796818181818182,-0.8584497443655938,0.0,64.49217391304347,68.60954545454545
2009-08-01,MIG - consumer goods,Italy,105.4,"Index, 2021=100",104.7,8.778571428571428,9.393478260869566,1.168814769853965,0.0,72.50857142857143,64.49217391304347
2009-09-01,MIG - consumer goods,Italy,105.0,"Index, 2021=100",105.4,9.418181818181818,8.778571428571428,0.12040182675501683,0.7555170574307397,67.56409090909091,72.50857142857143
2009-10-01,MIG - consumer goods,Italy,105.6,"Index, 2021=100",105.0,10.340909090909092,9.418181818181818,0.8389514187941388,0.0,72.76954545454545,67.56409090909091
2009-11-01,MIG - consumer goods,Italy,107.4,"Index, 2021=100",105.6,9.738095238095237,10.340909090909092,-0.14885123884919385,0.0,76.65761904761905,72.76954545454545
2009-12-01,MIG - consumer goods,Italy,108.5,"Index, 2021=100",107.4,11.4,9.738095238095237,-0.8450010635890879,1.281714088367376,74.48652173913044,76.65761904761905
2010-01-01,MIG - consumer goods,Italy,108.4,"Index, 2021=100",108.5,14.44047619047619,11.4,-0.48138524271346517,0.0,76.28285714285714,74.48652173913044
2010-02-01,MIG - consumer goods,Italy,106.9,"Index, 2021=100",108.4,13.715,14.44047619047619,-0.21414063782099357,0.0,73.639,76.28285714285714
2010-03-01,MIG - consumer goods,Italy,106.0,"Index, 2021=100",106.9,11.954782608695652,13.715,-0.5233596426999279,1.5544096531485574,78.82739130434783,73.639
2010-04-01,MIG - consumer goods,Italy,104.6,"Index, 2021=100",106.0,13.493181818181819,11.954782608695652,-0.18357082280701043,0.0,84.71818181818182,78.82739130434783
2010-05-01,MIG - consumer goods,Italy,106.3,"Index, 2021=100",104.6,16.781904761904762,13.493181818181819,-1.323271263136311,0.0,75.8052380952381,84.71818181818182
2010-06-01,MIG - consumer goods,Italy,108.7,"Index, 2021=100",106.3,19.222727272727273,16.781904761904762,0.525869862586917,0.0,74.7609090909091,75.8052380952381
2010-07-01,MIG - consumer goods,Italy,108.6,"Index, 2021=100",108.7,19.469545454545454,19.222727272727273,0.04754485195679738,0.0,75.40590909090909,74.7609090909091
2010-08-01,MIG - consumer goods,Italy,105.7,"Index, 2021=100",108.6,18.13090909090909,19.469545454545454,-0.07161403937119563,0.0,77.03954545454545,75.40590909090909
2010-09-01,MIG - consumer goods,Italy,108.3,"Index, 2021=100",105.7,18.943181818181817,18.13090909090909,-0.1487126906627298,0.0,77.71272727272728,77.03954545454545
2010-10-01,MIG - consumer goods,Italy,107.4,"Index, 2021=100",108.3,18.497619047619047,18.943181818181817,0.7103428057964077,-0.4584134038079942,82.6647619047619,77.71272727272728
2010-11-01,MIG - consumer goods,Italy,105.7,"Index, 2021=100",107.4,19.477272727272727,18.497619047619047,0.09961570270309454,0.0,85.24090909090908,82.6647619047619
2010-12-01,MIG - consumer goods,Italy,104.8,"Index, 2021=100",105.7,24.09478260869565,19.477272727272727,-0.1169385540431611,1.0894693635716877,91.54173913043478,85.24090909090908
2011-01-01,MIG - consumer goods,Italy,103.7,"Index, 2021=100",104.8,22.343809523809526,24.09478260869565,-0.13316626923827257,0.0,96.58714285714285,91.54173913043478
2011-02-01,MIG - consumer goods,Italy,106.2,"Index, 2021=100",103.7,21.761,22.343809523809526,0.1062714600527813,0.0,103.6405,96.58714285714285
2011-03-01,MIG - consumer goods,Italy,107.4,"Index, 2021=100",106.2,23.722608695652173,21.761,1.0735774048683804,0.0,114.64347826086957,103.6405
2011-04-01,MIG - consumer goods,Italy,109.5,"Index, 2021=100",107.4,22.854761904761904,23.722608695652173,0.9191065185128502,0.0,123.45380952380954,114.64347826086957
2011-05-01,MIG - consumer goods,Italy,106.6,"Index, 2021=100",109.5,22.989545454545453,22.854761904761904,-0.754449697870264,0.0,114.98272727272727,123.45380952380954
2011-06-01,MIG - consumer goods,Italy,105.3,"Index, 2021=100",106.6,22.613636363636363,22.989545454545453,-0.5053044665651589,1.5367288900477356,113.83318181818181,114.98272727272727
2011-07-01,MIG - consumer goods,Italy,105.3,"Index, 2021=100",105.3,21.51142857142857,22.613636363636363,-0.18652846565540906,0.0,116.63285714285715,113.83318181818181
2011-08-01,MIG - consumer goods,Italy,106.2,"Index, 2021=100",105.3,21.93565217391304,21.51142857142857,-1.0228125161863917,0.0,110.3095652173913,116.63285714285715
2011-09-01,MIG - consumer goods,Italy,102.0,"Index, 2021=100",106.2,23.39363636363636,21.93565217391304,0.43959634290727284,0.0,112.9740909090909,110.3095652173913
2011-10-01,MIG - consumer goods,Italy,102.0,"Index, 2021=100",102.0,22.554761904761904,23.39363636363636,-0.15278013183668757,0.0,109.55000000000001,112.9740909090909
2011-11-01,MIG - consumer goods,Italy,103.4,"Index, 2021=100",102.0,23.736363636363638,22.554761904761904,0.8939539270283243,0.0,110.58909090909091,109.55000000000001
2011-12-01,MIG - consumer goods,Italy,103.8,"Index, 2021=100",103.4,22.296818181818182,23.736363636363638,-0.356458994127559,-4.916568331324604,107.99863636363635,110.58909090909091
2012-01-01,MIG - consumer goods,Italy,100.2,"Index, 2021=100",103.8,21.865454545454543,22.296818181818182,0.20632540358179952,0.0,110.53136363636364,107.99863636363635
2012-02-01,MIG - consumer goods,Italy,99.4,"Index, 2021=100",100.2,25.41142857142857,21.865454545454543,-0.029054799009691847,0.0,119.39190476190477,110.53136363636364
2012-03-01,MIG - consumer goods,Italy,102.5,"Index, 2021=100",99.4,23.80727272727273,25.41142857142857,0.784751689386223,0.0,125.44545454545455,119.39190476190477
2012-04-01,MIG - consumer goods,Italy,100.8,"Index, 2021=100",102.5,24.78952380952381,23.80727272727273,0.24063874434988755,0.0,120.05666666666667,125.44545454545455
2012-05-01,MIG - consumer goods,Italy,101.7,"Index, 2021=100",100.8,24.196521739130436,24.78952380952381,-0.3856336478636065,0.0,110.2891304347826,120.05666666666667
2012-06-01,MIG - consumer goods,Italy,99.9,"Index, 2021=100",101.7,23.673333333333332,24.196521739130436,-0.36812562156261563,1.490841835031829,95.15571428571428,110.2891304347826
2012-07-01,MIG - consumer goods,Italy,100.6,"Index, 2021=100",99.9,24.332727272727276,23.673333333333332,0.6703576310954897,0.0,102.49454545454546,95.15571428571428
2012-08-01,MIG - consumer goods,Italy,101.5,"Index, 2021=100",100.6,24.05652173913043,24.332727272727276,0.889111873743037,0.0,113.35608695652174,102.49454545454546
2012-09-01,MIG - consumer goods,Italy,102.0,"Index, 2021=100",101.5,25.825499999999998,24.05652173913043,0.366716761812549,0.0,112.917,113.35608695652174
2012-10-01,MIG - consumer goods,Italy,98.8,"Index, 2021=100",102.0,26.702173913043477,25.825499999999998,-0.2515652750980356,0.0,111.7108695652174,112.917
2012-11-01,MIG - consumer goods,Italy,98.3,"Index, 2021=100",98.8,27.24909090909091,26.702173913043477,-0.07773850880404555,0.0,109.13818181818182,111.7108695652174
2012-12-01,MIG - consumer goods,Italy,98.4,"Index, 2021=100",98.3,27.22333333333333,27.24909090909091,-0.28562219812972955,0.9944110031743462,109.44380952380953,109.13818181818182
2013-01-01,MIG - consumer goods,Italy,100.4,"Index, 2021=100",98.4,26.51782608695652,27.22333333333333,0.31250565033261724,0.0,112.81173913043479,109.44380952380953
2013-02-01,MIG - consumer goods,Italy,99.4,"Index, 2021=100",100.4,26.3165,26.51782608695652,0.16430715373994836,0.0,116.11800000000001,112.81173913043479
2013-03-01,MIG - consumer goods,Italy,97.3,"Index, 2021=100",99.4,32.31666666666666,26.3165,-0.383542027094866,0.0,108.47333333333333,116.11800000000001
2013-04-01,MIG - consumer goods,Italy,95.6,"Index, 2021=100",97.3,28.575,32.31666666666666,-0.25921885392347294,0.0,102.24818181818182,108.47333333333333
2013-05-01,MIG - consumer goods,Italy,98.7,"Index, 2021=100",95.6,26.73304347826087,28.575,0.16248527258302423,-1.3607161850187028,102.50130434782609,102.24818181818182
2013-06-01,MIG - consumer goods,Italy,96.5,"Index, 2021=100",98.7,26.23,26.73304347826087,0.1894274611148,0.0,102.9195,102.50130434782609
2013-07-01,MIG - consumer goods,Italy,97.6,"Index, 2021=100",96.5,26.070434782608697,26.23,0.6182980381651376,0.0,107.85434782608696,102.9195
2013-08-01,MIG - consumer goods,Italy,98.6,"Index, 2021=100",97.6,25.55181818181818,26.070434782608697,-0.07052223294410298,0.0,111.28045454545455,107.85434782608696
2013-09-01,MIG - consumer goods,Italy,98.9,"Index, 2021=100",98.6,26.478571428571428,25.55181818181818,0.06362224893820845,0.0,111.8047619047619,111.28045454545455
2013-10-01,MIG - consumer goods,Italy,99.8,"Index, 2021=100",98.9,25.868695652173916,26.478571428571428,0.13725652508100525,0.0,109.07652173913044,111.8047619047619
2013-11-01,MIG - consumer goods,Italy,96.7,"Index, 2021=100",99.8,27.18047619047619,25.868695652173916,-0.11144201084991862,0.0,107.96,109.07652173913044
2013-12-01,MIG - consumer goods,Italy,96.9,"Index, 2021=100",96.7,27.702727272727273,27.18047619047619,0.6426503974155726,1.006536826380158,110.79363636363637,107.96
2014-01-01,MIG - consumer goods,Italy,98.6,"Index, 2021=100",96.9,26.253913043478263,27.702727272727273,-0.19812368810882713,0.0,108.19739130434782,110.79363636363637
2014-02-01,MIG - consumer goods,Italy,100.1,"Index, 2021=100",98.6,23.849,26.253913043478263,-0.044531303873754494,0.0,108.88700000000001,108.19739130434782
2014-03-01,MIG - consumer goods,Italy,96.4,"Index, 2021=100",100.1,22.767142857142858,23.849,0.0514680128382354,0.0,107.48095238095237,108.88700000000001
2014-04-01,MIG - consumer goods,Italy,98.1,"Index, 2021=100",96.4,20.423181818181817,22.767142857142858,-0.018508882722691297,0.0,107.84772727272728,107.48095238095237
2014-05-01,MIG - consumer goods,Italy,96.8,"Index, 2021=100",98.1,19.08818181818182,20.423181818181817,0.10496074182617701,0.0,109.53909090909092,107.84772727272728
2014-06-01,MIG - consumer goods,Italy,99.3,"Index, 2021=100",96.8,17.39190476190476,19.08818181818182,0.3545000070992207,0.42851134062250246,111.79523809523809,109.53909090909092
2014-07-01,MIG - consumer goods,Italy,97.4,"Index, 2021=100",99.3,16.50565217391304,17.39190476190476,-0.4381447112306579,0.0,106.86434782608696,111.79523809523809
2014-08-01,MIG - consumer goods,Italy,99.1,"Index, 2021=100",97.4,17.497142857142858,16.50565217391304,0.08722188445673984,0.0,101.60809523809523,106.86434782608696
2014-09-01,MIG - consumer goods,Italy,96.8,"Index, 2021=100",99.1,20.74863636363636,17.497142857142858,-0.16107172026645272,0.0,97.27454545454545,101.60809523809523
2014-10-01,MIG - consumer goods,Italy,96.6,"Index, 2021=100",96.8,21.268260869565218,20.74863636363636,-0.2764119863445895,0.0,87.42521739130434,97.27454545454545
2014-11-01,MIG - consumer goods,Italy,97.5,"Index, 2021=100",96.6,22.978,21.268260869565218,-0.9869169148213338,-9.796069628596289,79.3355,87.42521739130434
2014-12-01,MIG - consumer goods,Italy,97.4,"Index, 2021=100",97.5,22.520869565217392,22.978,-1.2412203634377712,0.0,62.17565217391304,79.3355
2015-01-01,MIG - consumer goods,Italy,98.2,"Index, 2021=100",97.4,19.755,22.520869565217392,-1.689378075003543,0.0,48.08363636363636,62.17565217391304
2015-02-01,MIG - consumer goods,Italy,96.5,"Index, 2021=100",98.2,22.566,19.755,1.030226324080852,0.0,58.0955,48.08363636363636
2015-03-01,MIG - consumer goods,Italy,97.4,"Index, 2021=100",96.5,21.856818181818184,22.566,-0.2471285840319799,0.0,55.88545454545454,58.0955
2015-04-01,MIG - consumer goods,Italy,97.4,"Index, 2021=100",97.4,22.078181818181818,21.856818181818184,0.7630852782137214,0.0,59.35181818181818,55.88545454545454
2015-05-01,MIG - consumer goods,Italy,98.7,"Index, 2021=100",97.4,20.548571428571428,22.078181818181818,0.9306750388082086,0.0,64.1047619047619,59.35181818181818
2015-06-01,MIG - consumer goods,Italy,98.4,"Index, 2021=100",98.7,20.520454545454545,20.548571428571428,-0.3949488388902102,2.4056171564772404,61.47772727272727,64.1047619047619
2015-07-01,MIG - consumer goods,Italy,97.9,"Index, 2021=100",98.4,20.858260869565218,20.520454545454545,-0.8969936335129175,0.0,56.56130434782609,61.47772727272727
2015-08-01,MIG - consumer goods,Italy,98.4,"Index, 2021=100",97.9,19.576190476190476,20.858260869565218,-0.6689537169882939,0.0,46.58428571428571,56.56130434782609
2015-09-01,MIG - consumer goods,Italy,96.0,"Index, 2021=100",98.4,19.16,19.576190476190476,0.4134260838296521,0.0,47.62318181818182,46.58428571428571
2015-10-01,MIG - consumer goods,Italy,97.4,"Index, 2021=100",96.0,18.243636363636366,19.16,-0.17098247375992967,0.0,48.43,47.62318181818182
2015-11-01,MIG - consumer goods,Italy,99.8,"Index, 2021=100",97.4,17.202380952380953,18.243636363636366,-0.3748783969247207,0.0,44.26761904761905,48.43
2015-12-01,MIG - consumer goods,Italy,98.2,"Index, 2021=100",99.8,15.640869565217391,17.202380952380953,-0.7698627351357819,-1.9668139100704445,37.97130434782609,44.26761904761905
2016-01-01,MIG - consumer goods,Italy,100.0,"Index, 2021=100",98.2,13.904285714285715,15.640869565217391,-1.2929579520638326,0.0,30.98095238095238,37.97130434782609
2016-02-01,MIG - consumer goods,Italy,99.0,"Index, 2021=100",100.0,12.476666666666667,13.904285714285715,-0.22939651791615284,0.0,32.163333333333334,30.98095238095238
2016-03-01,MIG - consumer goods,Italy,96.5,"Index, 2021=100",99.0,12.267826086956523,12.476666666666667,0.9962287899781237,0.0,38.21565217391304,32.163333333333334
2016-04-01,MIG - consumer goods,Italy,99.0,"Index, 2021=100",96.5,11.979999999999999,12.267826086956523,-0.15187983491624749,0.0,41.583333333333336,38.21565217391304
2016-05-01,MIG - consumer goods,Italy,97.6,"Index, 2021=100",99.0,13.04090909090909,11.979999999999999,0.6792464128472383,0.0,46.84909090909091,41.583333333333336
2016-06-01,MIG - consumer goods,Italy,96.7,"Index, 2021=100",97.6,14.41590909090909,13.04090909090909,-0.1770446016289529,0.582575139176583,48.24727272727273,46.84909090909091
2016-07-01,MIG - consumer goods,Italy,98.9,"Index, 2021=100",96.7,14.241904761904761,14.41590909090909,-0.4528878840711025,0.0,44.951904761904764,48.24727272727273
2016-08-01,MIG - consumer goods,Italy,98.6,"Index, 2021=100",98.9,11.980869565217391,14.241904761904761,0.1189274105169856,0.0,45.843043478260874,44.951904761904764
2016-09-01,MIG - consumer goods,Italy,99.1,"Index, 2021=100",98.6,12.282272727272726,11.980869565217391,0.24870447283671346,1.4727297897900193,46.567727272727275,45.843043478260874
2016-10-01,MIG - consumer goods,Italy,98.6,"Index, 2021=100",99.1,16.093809523809526,12.282272727272726,0.41093056832079616,0.0,49.522380952380956,46.567727272727275
2016-11-01,MIG - consumer goods,Italy,98.9,"Index, 2021=100",98.6,17.90590909090909,16.093809523809526,-0.5793797051617606,7.91404059403762,44.73409090909091,49.522380952380956
2016-12-01,MIG - consumer goods,Italy,100.5,"Index, 2021=100",98.9,17.689545454545456,17.90590909090909,0.7086845393102761,2.0404579621780123,53.365,44.73409090909091
2017-01-01,MIG - consumer goods,Italy,96.3,"Index, 2021=100",100.5,20.12272727272727,17.689545454545456,0.08901653408704874,0.0,54.59409090909091,53.365
2017-02-01,MIG - consumer goods,Italy,97.9,"Index, 2021=100",96.3,19.553,20.12272727272727,-0.03179032404754296,0.0,54.8695,54.59409090909091
2017-03-01,MIG - consumer goods,Italy,100.9,"Index, 2021=100",97.9,15.799130434782608,19.553,-1.4425063041961181,0.0,51.589130434782604,54.8695
2017-04-01,MIG - consumer goods,Italy,101.0,"Index, 2021=100",100.9,16.058,15.799130434782608,0.21703780157455996,0.0,52.44500000000001,51.589130434782604
2017-05-01,MIG - consumer goods,Italy,100.8,"Index, 2021=100",101.0,15.669130434782607,16.058,-0.8328997339371286,-4.41644778310952,50.326521739130435,52.44500000000001
2017-06-01,MIG - consumer goods,Italy,102.6,"Index, 2021=100",100.8,15.134545454545453,15.669130434782607,-0.26420964099602673,0.0,46.36818181818182,50.326521739130435
2017-07-01,MIG - consumer goods,Italy,103.2,"Index, 2021=100",102.6,15.095714285714285,15.134545454545453,-0.1449934034705647,0.0,48.47857142857143,46.36818181818182
2017-08-01,MIG - consumer goods,Italy,102.5,"Index, 2021=100",103.2,15.99304347826087,15.095714285714285,-0.1520757414392232,0.0,51.70434782608696,48.47857142857143
2017-09-01,MIG - consumer goods,Italy,102.2,"Index, 2021=100",102.5,17.302857142857142,15.99304347826087,0.32443706724488564,0.0,56.152857142857144,51.70434782608696
2017-10-01,MIG - consumer goods,Italy,101.6,"Index, 2021=100",102.2,17.10363636363636,17.302857142857142,-0.3486109778555899,0.0,57.50772727272727,56.152857142857144
2017-11-01,MIG - consumer goods,Italy,101.9,"Index, 2021=100",101.6,19.57090909090909,17.10363636363636,0.12556813519738738,0.21630901693183507,62.71409090909091,57.50772727272727
2017-12-01,MIG - consumer goods,Italy,106.2,"Index, 2021=100",101.9,20.795238095238094,19.57090909090909,-0.1117328946322315,0.0,64.39619047619047,62.71409090909091
2018-01-01,MIG - consumer goods,Italy,105.2,"Index, 2021=100",106.2,18.6,20.795238095238094,0.7325011228803984,0.0,68.97521739130435,64.39619047619047
2018-02-01,MIG - consumer goods,Italy,101.3,"Index, 2021=100",105.2,21.679,18.6,-0.5046465050387093,0.0,65.3175,68.97521739130435
2018-03-01,MIG - consumer goods,Italy,104.1,"Index, 2021=100",101.3,23.622727272727275,21.679,-0.10225293145429594,0.0,66.1531818181818,65.3175
2018-04-01,MIG - consumer goods,Italy,102.9,"Index, 2021=100",104.1,19.645238095238096,23.622727272727275,0.47425564352743266,0.0,71.95904761904762,66.1531818181818
2018-05-01,MIG - consumer goods,Italy,103.0,"Index, 2021=100",102.9,21.566086956521737,19.645238095238096,0.5388658853656386,0.0,76.86217391304348,71.95904761904762
2018-06-01,MIG - consumer goods,Italy,102.9,"Index, 2021=100",103.0,21.92761904761905,21.566086956521737,-0.5831886971683538,-0.4130092757360921,74.4047619047619,76.86217391304348
2018-07-01,MIG - consumer goods,Italy,101.7,"Index, 2021=100",102.9,22.253636363636364,21.92761904761905,0.5294960350409211,0.0,74.2540909090909,74.4047619047619
2018-08-01,MIG - consumer goods,Italy,102.0,"Index, 2021=100",101.7,23.94347826086957,22.253636363636364,-0.20893271379353645,0.0,72.52826086956522,74.2540909090909
2018-09-01,MIG - consumer goods,Italy,102.4,"Index, 2021=100",102.0,27.837,23.94347826086957,0.6564596940208821,0.0,78.89099999999999,72.52826086956522
2018-10-01,MIG - consumer goods,Italy,103.2,"Index, 2021=100",102.4,25.539565217391303,27.837,0.12149689586130322,0.0,81.03217391304348,78.89099999999999
2018-11-01,MIG - consumer goods,Italy,102.6,"Index, 2021=100",103.2,24.633636363636366,25.539565217391303,-1.3685992177175907,0.0,64.74818181818182,81.03217391304348
2018-12-01,MIG - consumer goods,Italy,101.1,"Index, 2021=100",102.6,23.666190476190476,24.633636363636366,-0.2447966896801907,2.07348679679867,56.26285714285714,64.74818181818182
2019-01-01,MIG - consumer goods,Italy,103.2,"Index, 2021=100",101.1,21.39782608695652,23.666190476190476,0.35962477880472876,0.0,59.025217391304345,56.26285714285714
2019-02-01,MIG - consumer goods,Italy,105.1,"Index, 2021=100",103.2,18.0035,21.39782608695652,0.1517462342010795,0.0,63.9605,59.025217391304345
2019-03-01,MIG - consumer goods,Italy,102.9,"Index, 2021=100",105.1,15.697619047619046,18.0035,-0.17808513427363806,0.0,66.13857142857144,63.9605
2019-04-01,MIG - consumer goods,Italy,102.0,"Index, 2021=100",102.9,15.041818181818183,15.697619047619046,0.3628493694964929,0.0,71.20954545454545,66.13857142857144
2019-05-01,MIG - consumer goods,Italy,104.7,"Index, 2021=100",102.0,13.298695652173913,15.041818181818183,-0.7347359961140314,0.0,71.17260869565217,71.20954545454545
2019-06-01,MIG - consumer goods,Italy,102.6,"Index, 2021=100",104.7,10.5225,13.298695652173913,-0.33975076992957615,0.0,64.2205,71.17260869565217
2019-07-01,MIG - consumer goods,Italy,102.9,"Index, 2021=100",102.6,10.941304347826087,10.5225,0.3395291323618024,-4.251048097619388,63.9191304347826,64.2205
2019-08-01,MIG - consumer goods,Italy,102.6,"Index, 2021=100",102.9,10.029545454545454,10.941304347826087,-0.3748389650611249,0.0,59.041818181818186,63.9191304347826
2019-09-01,MIG - consumer goods,Italy,102.6,"Index, 2021=100",102.6,9.568095238095239,10.029545454545454,0.48197852185687173,0.0,62.826666666666675,59.041818181818186
2019-10-01,MIG - consumer goods,Italy,103.8,"Index, 2021=100",102.6,10.30913043478261,9.568095238095239,-0.3400181888327622,0.0,59.71304347826087,62.826666666666675
2019-11-01,MIG - consumer goods,Italy,103.5,"Index, 2021=100",103.8,14.763809523809524,10.30913043478261,0.4635132466348744,0.0,63.21190476190476,59.71304347826087
2019-12-01,MIG - consumer goods,Italy,101.5,"Index, 2021=100",103.5,13.031363636363636,14.763809523809524,0.4622502963974788,1.090508505035817,67.31,63.21190476190476
2020-01-01,MIG - consumer goods,Italy,103.8,"Index, 2021=100",101.5,11.144782608695651,13.031363636363636,1.4414572982744303,0.0,63.82478260869566,67.31
2020-02-01,MIG - consumer goods,Italy,100.5,"Index, 2021=100",103.8,9.3725,11.144782608695651,-0.8114535624060095,0.0,55.702,63.82478260869566
2020-03-01,MIG - consumer goods,Italy,73.4,"Index, 2021=100",100.5,8.622727272727273,9.3725,-1.9239758097171007,-8.007737426749562,31.993636363636366,55.702
2020-04-01,MIG - consumer goods,Italy,62.0,"Index, 2021=100",73.4,6.54,8.622727272727273,1.3138212739143362,3.0940649462160628,18.546818181818182,31.993636363636366
2020-05-01,MIG - consumer goods,Italy,84.0,"Index, 2021=100",62.0,4.575714285714286,6.54,0.7414620048035757,0.0,29.344285714285714,18.546818181818182
2020-06-01,MIG - consumer goods,Italy,90.5,"Index, 2021=100",84.0,4.991818181818181,4.575714285714286,-0.674179631293128,-3.149840310433884,40.26681818181818,29.344285714285714
2020-07-01,MIG - consumer goods,Italy,94.3,"Index, 2021=100",90.5,4.879565217391304,4.991818181818181,-0.07202838847948002,0.0,43.24217391304348,40.26681818181818
2020-08-01,MIG - consumer goods,Italy,102.0,"Index, 2021=100",94.3,7.533333333333333,4.879565217391304,-0.7379957308695794,0.0,44.75904761904762,43.24217391304348
2020-09-01,MIG - consumer goods,Italy,96.4,"Index, 2021=100",102.0,11.161818181818182,7.533333333333333,-0.5826109751692493,0.0,40.90954545454545,44.75904761904762
2020-10-01,MIG - consumer goods,Italy,98.7,"Index, 2021=100",96.4,13.955454545454545,11.161818181818182,-0.291036694449014,0.0,40.18954545454546,40.90954545454545
2020-11-01,MIG - consumer goods,Italy,92.3,"Index, 2021=100",98.7,13.794285714285715,13.955454545454545,-0.1676225177801478,0.0,42.69238095238095,40.18954545454546
2020-12-01,MIG - consumer goods,Italy,92.9,"Index, 2021=100",92.3,16.34565217391304,13.794285714285715,-0.06503074006202851,0.563137829641395,50.03217391304348,42.69238095238095
2021-01-01,MIG - consumer goods,Italy,97.3,"Index, 2021=100",92.9,20.476190476190474,16.34565217391304,-0.5778110950222807,3.899417998430563,54.60476190476191,50.03217391304348
2021-02-01,MIG - consumer goods,Italy,98.0,"Index, 2021=100",97.3,17.4085,20.476190476190474,0.26866362438390906,0.0,62.2765,54.60476190476191
2021-03-01,MIG - consumer goods,Italy,96.5,"Index, 2021=100",98.0,17.795217391304348,17.4085,0.3009824618650811,3.5419347237958796,65.41,62.2765
2021-04-01,MIG - consumer goods,Italy,97.0,"Index, 2021=100",96.5,20.775454545454547,17.795217391304348,0.5129892999970512,5.991632222929873,64.71954545454545,65.41
2021-05-01,MIG - consumer goods,Italy,97.7,"Index, 2021=100",97.0,25.285238095238096,20.775454545454547,0.8992703670969532,0.0,68.5352380952381,64.71954545454545
2021-06-01,MIG - consumer goods,Italy,99.8,"Index, 2021=100",97.7,29.238636363636363,25.285238095238096,0.36360474028399664,2.2925007532095663,73.1640909090909,68.5352380952381
2021-07-01,MIG - consumer goods,Italy,100.9,"Index, 2021=100",99.8,36.13954545454545,29.238636363636363,0.019142986170709916,-9.851298268875022,75.1659090909091,73.1640909090909
2021-08-01,MIG - consumer goods,Italy,97.9,"Index, 2021=100",100.9,44.30409090909091,36.13954545454545,-0.3147083142103972,0.0,70.81590909090909,75.1659090909091
2021-09-01,MIG - consumer goods,Italy,101.5,"Index, 2021=100",97.9,64.45363636363636,44.30409090909091,1.015760795186652,0.4390282348823775,74.48863636363636,70.81590909090909
2021-10-01,MIG - consumer goods,Italy,102.2,"Index, 2021=100",101.5,87.69238095238094,64.45363636363636,0.7705932795655408,2.361261487325598,83.53809523809524,74.48863636363636
2021-11-01,MIG - consumer goods,Italy,102.6,"Index, 2021=100",102.2,81.92136363636364,87.69238095238094,-0.5218341421272874,-1.0130750354233125,81.05,83.53809523809524
2021-12-01,MIG - consumer goods,Italy,101.2,"Index, 2021=100",102.6,112.80739130434783,81.92136363636364,-0.49656758152090014,1.7069751201240932,74.26347826086956,81.05
2022-01-01,MIG - consumer goods,Italy,97.1,"Index, 2021=100",101.2,84.06952380952382,112.80739130434783,0.8522287791057341,1.4985078326623733,86.50523809523808,74.26347826086956
2022-02-01,MIG - consumer goods,Italy,103.5,"Index, 2021=100",97.1,81.164,84.06952380952382,0.20967705216092372,0.6492342056890332,97.12899999999999,86.50523809523808
2022-03-01,MIG - consumer goods,Italy,105.5,"Index, 2021=100",103.5,129.18304347826088,81.164,1.1589724435645128,1.020230642989599,117.24521739130434,97.12899999999999
2022-04-01,MIG - consumer goods,Italy,106.8,"Index, 2021=100",105.5,101.06238095238095,129.18304347826088,-0.41804567878166843,0.0,105.17095238095239,117.24521739130434
2022-05-01,MIG - consumer goods,Italy,104.9,"Index, 2021=100",106.8,88.58863636363637,101.06238095238095,0.8079062673307621,0.4644825107300398,113.11136363636363,105.17095238095239
2022-06-01,MIG - consumer goods,Italy,102.2,"Index, 2021=100",104.9,106.29454545454546,88.58863636363637,0.2666071424046354,-2.121493222584776,122.68772727272727,113.11136363636363
2022-07-01,MIG - consumer goods,Italy,102.2,"Index, 2021=100",102.2,171.41666666666666,106.29454545454546,-1.5284523643533043,0.0,111.92571428571429,122.68772727272727
2022-08-01,MIG - consumer goods,Italy,103.3,"Index, 2021=100",102.2,235.68391304347824,171.41666666666666,-0.8625649365210946,-2.904996658248558,100.47608695652173,111.92571428571429
2022-09-01,MIG - consumer goods,Italy,104.4,"Index, 2021=100",103.3,190.24181818181816,235.68391304347824,-0.6092331240191604,0.5554531127177963,89.74954545454545,100.47608695652173
2022-10-01,MIG - consumer goods,Italy,100.3,"Index, 2021=100",104.4,72.15047619047618,190.24181818181816,0.8249900068007756,2.4641871317219377,93.33190476190477,89.74954545454545
2022-11-01,MIG - consumer goods,Italy,100.6,"Index, 2021=100",100.3,96.28181818181817,72.15047619047618,-0.31727729228827767,0.0,91.41545454545455,93.33190476190477
2022-12-01,MIG - consumer goods,Italy,100.7,"Index, 2021=100",100.6,113.99181818181819,96.28181818181817,-0.5175798710392452,-2.8790551863806995,81.06272727272727,91.41545454545455
2023-01-01,MIG - consumer goods,Italy,101.7,"Index, 2021=100",100.7,63.004090909090905,113.99181818181819,0.16272770514393026,0.0,82.51590909090909,81.06272727272727
2023-02-01,MIG - consumer goods,Italy,101.0,"Index, 2021=100",101.7,53.352999999999994,63.004090909090905,-0.3578309492217428,0.0,82.58500000000001,82.51590909090909
2023-03-01,MIG - consumer goods,Italy,99.9,"Index, 2021=100",101.0,44.18782608695652,53.352999999999994,-0.5444578687975978,0.0,78.43434782608696,82.58500000000001
2023-04-01,MIG - consumer goods,Italy,98.6,"Index, 2021=100",99.9,42.585,44.18782608695652,0.7779760977112515,0.0,84.8305,78.43434782608696
2023-05-01,MIG - consumer goods,Italy,99.4,"Index, 2021=100",98.6,31.335652173913044,42.585,-0.9911199872566404,0.0,75.77478260869565,84.8305
2023-06-01,MIG - consumer goods,Italy,99.1,"Index, 2021=100",99.4,32.39909090909091,31.335652173913044,0.10438583996063543,0.4626838105740375,74.83909090909091,75.77478260869565
2023-07-01,MIG - consumer goods,Italy,98.7,"Index, 2021=100",99.1,29.665714285714287,32.39909090909091,0.3105036346079896,0.0,80.10809523809523,74.83909090909091
2023-08-01,MIG - consumer goods,Italy,98.8,"Index, 2021=100",98.7,33.52304347826087,29.665714285714287,0.2634335721723802,0.0,86.11608695652174,80.10809523809523
2023-09-01,MIG - consumer goods,Italy,97.7,"Index, 2021=100",98.8,36.52761904761905,33.52304347826087,0.4709271233739839,0.0,93.72238095238096,86.11608695652174
2023-10-01,MIG - consumer goods,Italy,97.0,"Index, 2021=100",97.7,43.264545454545456,36.52761904761905,-0.16534366151930893,0.0,90.59590909090909,93.72238095238096
2023-11-01,MIG - consumer goods,Italy,94.8,"Index, 2021=100",97.0,43.269090909090906,43.264545454545456,-0.571544726123262,-2.4651491943871404,82.94,90.59590909090909
2023-12-01,MIG - consumer goods,Italy,99.3,"Index, 2021=100",94.8,35.318571428571424,43.269090909090906,0.011208893183722398,0.0,77.87857142857143,82.94
2004-01-01,MIG - durable consumer goods,Italy,134.8,"Index, 2021=100",134.8,11.36,11.36,0.44154017195044576,0.0,31.236363636363638,29.77608695652174
2004-02-01,MIG - durable consumer goods,Italy,134.7,"Index, 2021=100",134.8,10.7975,11.36,-0.08581088034809001,2.694076911628696,30.8585,31.236363636363638
2004-03-01,MIG - durable consumer goods,Italy,133.5,"Index, 2021=100",134.7,10.900434782608697,10.7975,0.2813203494904621,-0.667869132781252,33.63434782608696,30.8585
2004-04-01,MIG - durable consumer goods,Italy,133.6,"Index, 2021=100",133.5,10.974545454545455,10.900434782608697,-0.6033863591783445,0.0,33.59090909090909,33.63434782608696
2004-05-01,MIG - durable consumer goods,Italy,128.3,"Index, 2021=100",133.6,11.221904761904762,10.974545454545455,0.5969780334499486,0.0,37.56761904761905,33.59090909090909
2004-06-01,MIG - durable consumer goods,Italy,128.2,"Index, 2021=100",128.3,10.607727272727272,11.221904761904762,-0.0108376887124877,-0.8697021883599181,35.18363636363636,37.56761904761905
2004-07-01,MIG - durable consumer goods,Italy,131.0,"Index, 2021=100",128.2,10.656818181818181,10.607727272727272,-0.18225670383212336,0.0,38.221363636363634,35.18363636363636
2004-08-01,MIG - durable consumer goods,Italy,124.4,"Index, 2021=100",131.0,12.030909090909091,10.656818181818181,0.41307128781677527,0.0,42.74409090909091,38.221363636363634
2004-09-01,MIG - durable consumer goods,Italy,129.7,"Index, 2021=100",124.4,12.784999999999998,12.030909090909091,0.020228290770040784,-1.6071356282661176,43.19681818181818,42.74409090909091
2004-10-01,MIG - durable consumer goods,Italy,128.2,"Index, 2021=100",129.7,12.065238095238096,12.784999999999998,0.8379242805985881,0.0,49.776666666666664,43.19681818181818
2004-11-01,MIG - durable consumer goods,Italy,125.4,"Index, 2021=100",128.2,12.959545454545456,12.065238095238096,-0.22862171681724705,0.0,43.110454545454544,49.776666666666664
2004-12-01,MIG - durable consumer goods,Italy,129.5,"Index, 2021=100",125.4,14.537391304347826,12.959545454545456,-0.8713033012256369,-3.1596202022297115,39.60217391304348,43.110454545454544
2005-01-01,MIG - durable consumer goods,Italy,127.0,"Index, 2021=100",129.5,14.123333333333331,14.537391304347826,0.2661415106984759,2.159954265104334,44.31238095238095,39.60217391304348
2005-02-01,MIG - durable consumer goods,Italy,126.5,"Index, 2021=100",127.0,16.8315,14.123333333333331,0.33553585232891664,0.0,45.475,44.31238095238095
2005-03-01,MIG - durable consumer goods,Italy,122.2,"Index, 2021=100",126.5,18.585217391304347,16.8315,0.5751930208570617,3.0421593263989704,53.071739130434786,45.475
2005-04-01,MIG - durable consumer goods,Italy,131.4,"Index, 2021=100",122.2,14.80857142857143,18.585217391304347,-0.5666684540474421,0.0,51.88380952380952,53.071739130434786
2005-05-01,MIG - durable consumer goods,Italy,132.3,"Index, 2021=100",131.4,14.289090909090909,14.80857142857143,-0.10846214234396483,0.0,48.64545454545455,51.88380952380952
2005-06-01,MIG - durable consumer goods,Italy,128.9,"Index, 2021=100",132.3,14.356363636363636,14.289090909090909,0.503989891285571,0.3374585671050337,54.35454545454545,48.64545454545455
2005-07-01,MIG - durable consumer goods,Italy,129.1,"Index, 2021=100",128.9,15.540952380952382,14.356363636363636,0.563468443674944,0.0,57.52,54.35454545454545
2005-08-01,MIG - durable consumer goods,Italy,131.1,"Index, 2021=100",129.1,15.107826086956523,15.540952380952382,0.718752317958703,0.0,63.98347826086956,57.52
2005-09-01,MIG - durable consumer goods,Italy,128.6,"Index, 2021=100",131.1,14.746363636363638,15.107826086956523,1.1148474280757803,-1.6643240899907965,62.908181818181816,63.98347826086956
2005-10-01,MIG - durable consumer goods,Italy,122.8,"Index, 2021=100",128.6,15.534761904761906,14.746363636363638,-1.0533079897254418,0.0,58.53857142857142,62.908181818181816
2005-11-01,MIG - durable consumer goods,Italy,126.8,"Index, 2021=100",122.8,19.15909090909091,15.534761904761906,-1.2341397270208476,0.0,55.24181818181818,58.53857142857142
2005-12-01,MIG - durable consumer goods,Italy,126.0,"Index, 2021=100",126.8,22.903636363636362,19.15909090909091,-0.03924653272715153,2.9526028347999587,56.84136363636364,55.24181818181818
2006-01-01,MIG - durable consumer goods,Italy,120.8,"Index, 2021=100",126.0,25.694999999999997,22.903636363636362,0.19348656521120655,-0.15180339953147387,62.77409090909091,56.84136363636364
2006-02-01,MIG - durable consumer goods,Italy,124.6,"Index, 2021=100",120.8,22.324,25.694999999999997,-0.6518974343740799,0.0,60.21,62.77409090909091
2006-03-01,MIG - durable consumer goods,Italy,133.0,"Index, 2021=100",124.6,26.028260869565216,22.324,-0.07863751143875931,-1.827456416166897,62.06478260869565,60.21
2006-04-01,MIG - durable consumer goods,Italy,122.0,"Index, 2021=100",133.0,21.387999999999998,26.028260869565216,0.6237237514902355,0.0,70.173,62.06478260869565
2006-05-01,MIG - durable consumer goods,Italy,133.9,"Index, 2021=100",122.0,19.692608695652176,21.387999999999998,-0.3540726086115883,0.0,69.77695652173912,70.173
2006-06-01,MIG - durable consumer goods,Italy,129.6,"Index, 2021=100",133.9,19.58409090909091,19.692608695652176,-0.31545669169778073,-1.1833322763183536,68.5559090909091,69.77695652173912
2006-07-01,MIG - durable consumer goods,Italy,125.7,"Index, 2021=100",129.6,19.847619047619048,19.58409090909091,0.28310573574819875,0.0,73.67428571428572,68.5559090909091
2006-08-01,MIG - durable consumer goods,Italy,125.9,"Index, 2021=100",125.7,17.97826086956522,19.847619047619048,-0.1782674258490434,0.0,73.2304347826087,73.67428571428572
2006-09-01,MIG - durable consumer goods,Italy,124.3,"Index, 2021=100",125.9,15.951428571428572,17.97826086956522,-1.0773599355773278,-1.1265879387430244,61.95857142857143,73.2304347826087
2006-10-01,MIG - durable consumer goods,Italy,128.3,"Index, 2021=100",124.3,14.200454545454546,15.951428571428572,-0.713482353040865,-1.0147867419479089,57.808181818181815,61.95857142857143
2006-11-01,MIG - durable consumer goods,Italy,129.7,"Index, 2021=100",128.3,19.87272727272727,14.200454545454546,-0.6336040683167151,0.0,58.76136363636363,57.808181818181815
2006-12-01,MIG - durable consumer goods,Italy,134.7,"Index, 2021=100",129.7,16.45809523809524,19.87272727272727,0.06279864252157119,1.7594994847040366,62.41952380952381,58.76136363636363
2007-01-01,MIG - durable consumer goods,Italy,126.7,"Index, 2021=100",134.7,13.603478260869565,16.45809523809524,-0.8815456486489374,0.0,53.748695652173915,62.41952380952381
2007-02-01,MIG - durable consumer goods,Italy,127.1,"Index, 2021=100",126.7,9.310500000000001,13.603478260869565,0.5012149220613668,0.0,57.516999999999996,53.748695652173915
2007-03-01,MIG - durable consumer goods,Italy,127.2,"Index, 2021=100",127.1,10.338636363636363,9.310500000000001,0.001407425353364094,-0.689195928658093,62.05045454545455,57.516999999999996
2007-04-01,MIG - durable consumer goods,Italy,127.5,"Index, 2021=100",127.2,8.91904761904762,10.338636363636363,0.23160567911181562,0.0,67.64428571428572,62.05045454545455
2007-05-01,MIG - durable consumer goods,Italy,129.4,"Index, 2021=100",127.5,11.71391304347826,8.91904761904762,-0.29762578435044224,0.0,67.36478260869566,67.64428571428572
2007-06-01,MIG - durable consumer goods,Italy,127.8,"Index, 2021=100",129.4,10.586190476190476,11.71391304347826,0.16535936703141824,0.0,71.04571428571428,67.36478260869566
2007-07-01,MIG - durable consumer goods,Italy,131.6,"Index, 2021=100",127.8,14.946363636363635,10.586190476190476,0.18880782596297765,0.0,76.80863636363637,71.04571428571428
2007-08-01,MIG - durable consumer goods,Italy,132.7,"Index, 2021=100",131.6,14.281304347826088,14.946363636363635,-0.5681005018139146,0.0,70.76086956521739,76.80863636363637
2007-09-01,MIG - durable consumer goods,Italy,130.8,"Index, 2021=100",132.7,17.057,14.281304347826088,1.0001793364551819,1.1859376565060231,76.929,70.76086956521739
2007-10-01,MIG - durable consumer goods,Italy,131.3,"Index, 2021=100",130.8,20.13478260869565,17.057,0.10198579635873983,0.0,82.34,76.929
2007-11-01,MIG - durable consumer goods,Italy,126.8,"Index, 2021=100",131.3,22.223636363636363,20.13478260869565,0.6128810878526092,0.0,92.53045454545455,82.34
2007-12-01,MIG - durable consumer goods,Italy,120.7,"Index, 2021=100",126.8,23.133333333333333,22.223636363636363,-0.28925766272037334,-0.831933850195447,90.99,92.53045454545455
2008-01-01,MIG - durable consumer goods,Italy,127.8,"Index, 2021=100",120.7,24.26347826086956,23.133333333333333,-0.13761859893639725,0.0,92.13391304347826,90.99
2008-02-01,MIG - durable consumer goods,Italy,130.7,"Index, 2021=100",127.8,22.760952380952382,24.26347826086956,0.2608943406309443,-2.502179452682496,95.08047619047619,92.13391304347826
2008-03-01,MIG - durable consumer goods,Italy,127.6,"Index, 2021=100",130.7,23.693333333333335,22.760952380952382,1.0041522754151373,4.248635030337986,103.45190476190476,95.08047619047619
2008-04-01,MIG - durable consumer goods,Italy,130.0,"Index, 2021=100",127.6,25.75318181818182,23.693333333333335,0.06105421820469373,0.0,109.07136363636364,103.45190476190476
2008-05-01,MIG - durable consumer goods,Italy,130.4,"Index, 2021=100",130.0,25.01409090909091,25.75318181818182,1.3761117623094206,0.0,123.11181818181818,109.07136363636364
2008-06-01,MIG - durable consumer goods,Italy,131.8,"Index, 2021=100",130.4,26.552380952380954,25.01409090909091,1.1146900143738558,0.0,132.32238095238094,123.11181818181818
2008-07-01,MIG - durable consumer goods,Italy,128.5,"Index, 2021=100",131.8,25.088260869565215,26.552380952380954,0.5718559213874487,0.0,133.20652173913044,132.32238095238094
2008-08-01,MIG - durable consumer goods,Italy,119.6,"Index, 2021=100",128.5,24.035238095238096,25.088260869565215,-0.46951606860925593,0.0,113.24333333333334,133.20652173913044
2008-09-01,MIG - durable consumer goods,Italy,123.2,"Index, 2021=100",119.6,30.28409090909091,24.035238095238096,0.2624296377427312,-0.7550683370320911,97.97363636363637,113.24333333333334
2008-10-01,MIG - durable consumer goods,Italy,125.4,"Index, 2021=100",123.2,26.14260869565217,30.28409090909091,-2.8871890830034372,-5.276020721573241,71.58217391304348,97.97363636363637
2008-11-01,MIG - durable consumer goods,Italy,107.2,"Index, 2021=100",125.4,23.5355,26.14260869565217,-1.0616536689944311,0.0,52.2995,71.58217391304348
2008-12-01,MIG - durable consumer goods,Italy,110.0,"Index, 2021=100",107.2,21.674347826086954,23.5355,-0.2694383119813248,-2.158283290921576,39.70782608695652,52.2995
2009-01-01,MIG - durable consumer goods,Italy,109.1,"Index, 2021=100",110.0,23.224999999999998,21.674347826086954,1.9606284214617051,0.0,43.09227272727273,39.70782608695652
2009-02-01,MIG - durable consumer goods,Italy,101.4,"Index, 2021=100",109.1,17.725,23.224999999999998,0.07516411002784573,0.0,43.326499999999996,43.09227272727273
2009-03-01,MIG - durable consumer goods,Italy,101.2,"Index, 2021=100",101.4,12.2,17.725,1.147539934894266,1.9198599485884802,46.540454545454544,43.326499999999996
2009-04-01,MIG - durable consumer goods,Italy,103.9,"Index, 2021=100",101.2,11.327272727272726,12.2,-0.6897706760210826,0.0,50.279545454545456,46.540454545454544
2009-05-01,MIG - durable consumer goods,Italy,95.6,"Index, 2021=100",103.9,11.00952380952381,11.327272727272726,0.9371855413099275,2.9437593321208158,57.36904761904762,50.279545454545456
2009-06-01,MIG - durable consumer goods,Italy,96.0,"Index, 2021=100",95.6,10.796818181818182,11.00952380952381,1.0697891624848404,0.0,68.60954545454545,57.36904761904762
2009-07-01,MIG - durable consumer goods,Italy,97.9,"Index, 2021=100",96.0,9.393478260869566,10.796818181818182,-0.8584497443655938,0.0,64.49217391304347,68.60954545454545
2009-08-01,MIG - durable consumer goods,Italy,108.3,"Index, 2021=100",97.9,8.778571428571428,9.393478260869566,1.168814769853965,0.0,72.50857142857143,64.49217391304347
2009-09-01,MIG - durable consumer goods,Italy,105.2,"Index, 2021=100",108.3,9.418181818181818,8.778571428571428,0.12040182675501683,0.7555170574307397,67.56409090909091,72.50857142857143
2009-10-01,MIG - durable consumer goods,Italy,104.6,"Index, 2021=100",105.2,10.340909090909092,9.418181818181818,0.8389514187941388,0.0,72.76954545454545,67.56409090909091
2009-11-01,MIG - durable consumer goods,Italy,102.2,"Index, 2021=100",104.6,9.738095238095237,10.340909090909092,-0.14885123884919385,0.0,76.65761904761905,72.76954545454545
2009-12-01,MIG - durable consumer goods,Italy,96.1,"Index, 2021=100",102.2,11.4,9.738095238095237,-0.8450010635890879,1.281714088367376,74.48652173913044,76.65761904761905
2010-01-01,MIG - durable consumer goods,Italy,103.1,"Index, 2021=100",96.1,14.44047619047619,11.4,-0.48138524271346517,0.0,76.28285714285714,74.48652173913044
2010-02-01,MIG - durable consumer goods,Italy,101.8,"Index, 2021=100",103.1,13.715,14.44047619047619,-0.21414063782099357,0.0,73.639,76.28285714285714
2010-03-01,MIG - durable consumer goods,Italy,101.2,"Index, 2021=100",101.8,11.954782608695652,13.715,-0.5233596426999279,1.5544096531485574,78.82739130434783,73.639
2010-04-01,MIG - durable consumer goods,Italy,98.8,"Index, 2021=100",101.2,13.493181818181819,11.954782608695652,-0.18357082280701043,0.0,84.71818181818182,78.82739130434783
2010-05-01,MIG - durable consumer goods,Italy,100.0,"Index, 2021=100",98.8,16.781904761904762,13.493181818181819,-1.323271263136311,0.0,75.8052380952381,84.71818181818182
2010-06-01,MIG - durable consumer goods,Italy,99.2,"Index, 2021=100",100.0,19.222727272727273,16.781904761904762,0.525869862586917,0.0,74.7609090909091,75.8052380952381
2010-07-01,MIG - durable consumer goods,Italy,101.6,"Index, 2021=100",99.2,19.469545454545454,19.222727272727273,0.04754485195679738,0.0,75.40590909090909,74.7609090909091
2010-08-01,MIG - durable consumer goods,Italy,104.9,"Index, 2021=100",101.6,18.13090909090909,19.469545454545454,-0.07161403937119563,0.0,77.03954545454545,75.40590909090909
2010-09-01,MIG - durable consumer goods,Italy,99.5,"Index, 2021=100",104.9,18.943181818181817,18.13090909090909,-0.1487126906627298,0.0,77.71272727272728,77.03954545454545
2010-10-01,MIG - durable consumer goods,Italy,98.6,"Index, 2021=100",99.5,18.497619047619047,18.943181818181817,0.7103428057964077,-0.4584134038079942,82.6647619047619,77.71272727272728
2010-11-01,MIG - durable consumer goods,Italy,102.1,"Index, 2021=100",98.6,19.477272727272727,18.497619047619047,0.09961570270309454,0.0,85.24090909090908,82.6647619047619
2010-12-01,MIG - durable consumer goods,Italy,98.1,"Index, 2021=100",102.1,24.09478260869565,19.477272727272727,-0.1169385540431611,1.0894693635716877,91.54173913043478,85.24090909090908
2011-01-01,MIG - durable consumer goods,Italy,95.1,"Index, 2021=100",98.1,22.343809523809526,24.09478260869565,-0.13316626923827257,0.0,96.58714285714285,91.54173913043478
2011-02-01,MIG - durable consumer goods,Italy,96.6,"Index, 2021=100",95.1,21.761,22.343809523809526,0.1062714600527813,0.0,103.6405,96.58714285714285
2011-03-01,MIG - durable consumer goods,Italy,94.9,"Index, 2021=100",96.6,23.722608695652173,21.761,1.0735774048683804,0.0,114.64347826086957,103.6405
2011-04-01,MIG - durable consumer goods,Italy,104.0,"Index, 2021=100",94.9,22.854761904761904,23.722608695652173,0.9191065185128502,0.0,123.45380952380954,114.64347826086957
2011-05-01,MIG - durable consumer goods,Italy,99.3,"Index, 2021=100",104.0,22.989545454545453,22.854761904761904,-0.754449697870264,0.0,114.98272727272727,123.45380952380954
2011-06-01,MIG - durable consumer goods,Italy,99.1,"Index, 2021=100",99.3,22.613636363636363,22.989545454545453,-0.5053044665651589,1.5367288900477356,113.83318181818181,114.98272727272727
2011-07-01,MIG - durable consumer goods,Italy,102.2,"Index, 2021=100",99.1,21.51142857142857,22.613636363636363,-0.18652846565540906,0.0,116.63285714285715,113.83318181818181
2011-08-01,MIG - durable consumer goods,Italy,90.3,"Index, 2021=100",102.2,21.93565217391304,21.51142857142857,-1.0228125161863917,0.0,110.3095652173913,116.63285714285715
2011-09-01,MIG - durable consumer goods,Italy,94.0,"Index, 2021=100",90.3,23.39363636363636,21.93565217391304,0.43959634290727284,0.0,112.9740909090909,110.3095652173913
2011-10-01,MIG - durable consumer goods,Italy,92.0,"Index, 2021=100",94.0,22.554761904761904,23.39363636363636,-0.15278013183668757,0.0,109.55000000000001,112.9740909090909
2011-11-01,MIG - durable consumer goods,Italy,92.7,"Index, 2021=100",92.0,23.736363636363638,22.554761904761904,0.8939539270283243,0.0,110.58909090909091,109.55000000000001
2011-12-01,MIG - durable consumer goods,Italy,92.6,"Index, 2021=100",92.7,22.296818181818182,23.736363636363638,-0.356458994127559,-4.916568331324604,107.99863636363635,110.58909090909091
2012-01-01,MIG - durable consumer goods,Italy,92.3,"Index, 2021=100",92.6,21.865454545454543,22.296818181818182,0.20632540358179952,0.0,110.53136363636364,107.99863636363635
2012-02-01,MIG - durable consumer goods,Italy,90.8,"Index, 2021=100",92.3,25.41142857142857,21.865454545454543,-0.029054799009691847,0.0,119.39190476190477,110.53136363636364
2012-03-01,MIG - durable consumer goods,Italy,90.3,"Index, 2021=100",90.8,23.80727272727273,25.41142857142857,0.784751689386223,0.0,125.44545454545455,119.39190476190477
2012-04-01,MIG - durable consumer goods,Italy,91.7,"Index, 2021=100",90.3,24.78952380952381,23.80727272727273,0.24063874434988755,0.0,120.05666666666667,125.44545454545455
2012-05-01,MIG - durable consumer goods,Italy,91.8,"Index, 2021=100",91.7,24.196521739130436,24.78952380952381,-0.3856336478636065,0.0,110.2891304347826,120.05666666666667
2012-06-01,MIG - durable consumer goods,Italy,91.4,"Index, 2021=100",91.8,23.673333333333332,24.196521739130436,-0.36812562156261563,1.490841835031829,95.15571428571428,110.2891304347826
2012-07-01,MIG - durable consumer goods,Italy,88.1,"Index, 2021=100",91.4,24.332727272727276,23.673333333333332,0.6703576310954897,0.0,102.49454545454546,95.15571428571428
2012-08-01,MIG - durable consumer goods,Italy,86.9,"Index, 2021=100",88.1,24.05652173913043,24.332727272727276,0.889111873743037,0.0,113.35608695652174,102.49454545454546
2012-09-01,MIG - durable consumer goods,Italy,90.2,"Index, 2021=100",86.9,25.825499999999998,24.05652173913043,0.366716761812549,0.0,112.917,113.35608695652174
2012-10-01,MIG - durable consumer goods,Italy,89.9,"Index, 2021=100",90.2,26.702173913043477,25.825499999999998,-0.2515652750980356,0.0,111.7108695652174,112.917
2012-11-01,MIG - durable consumer goods,Italy,88.5,"Index, 2021=100",89.9,27.24909090909091,26.702173913043477,-0.07773850880404555,0.0,109.13818181818182,111.7108695652174
2012-12-01,MIG - durable consumer goods,Italy,88.9,"Index, 2021=100",88.5,27.22333333333333,27.24909090909091,-0.28562219812972955,0.9944110031743462,109.44380952380953,109.13818181818182
2013-01-01,MIG - durable consumer goods,Italy,85.4,"Index, 2021=100",88.9,26.51782608695652,27.22333333333333,0.31250565033261724,0.0,112.81173913043479,109.44380952380953
2013-02-01,MIG - durable consumer goods,Italy,86.3,"Index, 2021=100",85.4,26.3165,26.51782608695652,0.16430715373994836,0.0,116.11800000000001,112.81173913043479
2013-03-01,MIG - durable consumer goods,Italy,87.4,"Index, 2021=100",86.3,32.31666666666666,26.3165,-0.383542027094866,0.0,108.47333333333333,116.11800000000001
2013-04-01,MIG - durable consumer goods,Italy,83.0,"Index, 2021=100",87.4,28.575,32.31666666666666,-0.25921885392347294,0.0,102.24818181818182,108.47333333333333
2013-05-01,MIG - durable consumer goods,Italy,84.6,"Index, 2021=100",83.0,26.73304347826087,28.575,0.16248527258302423,-1.3607161850187028,102.50130434782609,102.24818181818182
2013-06-01,MIG - durable consumer goods,Italy,85.4,"Index, 2021=100",84.6,26.23,26.73304347826087,0.1894274611148,0.0,102.9195,102.50130434782609
2013-07-01,MIG - durable consumer goods,Italy,82.1,"Index, 2021=100",85.4,26.070434782608697,26.23,0.6182980381651376,0.0,107.85434782608696,102.9195
2013-08-01,MIG - durable consumer goods,Italy,84.7,"Index, 2021=100",82.1,25.55181818181818,26.070434782608697,-0.07052223294410298,0.0,111.28045454545455,107.85434782608696
2013-09-01,MIG - durable consumer goods,Italy,83.4,"Index, 2021=100",84.7,26.478571428571428,25.55181818181818,0.06362224893820845,0.0,111.8047619047619,111.28045454545455
2013-10-01,MIG - durable consumer goods,Italy,81.9,"Index, 2021=100",83.4,25.868695652173916,26.478571428571428,0.13725652508100525,0.0,109.07652173913044,111.8047619047619
2013-11-01,MIG - durable consumer goods,Italy,80.4,"Index, 2021=100",81.9,27.18047619047619,25.868695652173916,-0.11144201084991862,0.0,107.96,109.07652173913044
2013-12-01,MIG - durable consumer goods,Italy,82.2,"Index, 2021=100",80.4,27.702727272727273,27.18047619047619,0.6426503974155726,1.006536826380158,110.79363636363637,107.96
2014-01-01,MIG - durable consumer goods,Italy,84.8,"Index, 2021=100",82.2,26.253913043478263,27.702727272727273,-0.19812368810882713,0.0,108.19739130434782,110.79363636363637
2014-02-01,MIG - durable consumer goods,Italy,83.3,"Index, 2021=100",84.8,23.849,26.253913043478263,-0.044531303873754494,0.0,108.88700000000001,108.19739130434782
2014-03-01,MIG - durable consumer goods,Italy,84.6,"Index, 2021=100",83.3,22.767142857142858,23.849,0.0514680128382354,0.0,107.48095238095237,108.88700000000001
2014-04-01,MIG - durable consumer goods,Italy,85.4,"Index, 2021=100",84.6,20.423181818181817,22.767142857142858,-0.018508882722691297,0.0,107.84772727272728,107.48095238095237
2014-05-01,MIG - durable consumer goods,Italy,83.0,"Index, 2021=100",85.4,19.08818181818182,20.423181818181817,0.10496074182617701,0.0,109.53909090909092,107.84772727272728
2014-06-01,MIG - durable consumer goods,Italy,88.3,"Index, 2021=100",83.0,17.39190476190476,19.08818181818182,0.3545000070992207,0.42851134062250246,111.79523809523809,109.53909090909092
2014-07-01,MIG - durable consumer goods,Italy,82.7,"Index, 2021=100",88.3,16.50565217391304,17.39190476190476,-0.4381447112306579,0.0,106.86434782608696,111.79523809523809
2014-08-01,MIG - durable consumer goods,Italy,83.4,"Index, 2021=100",82.7,17.497142857142858,16.50565217391304,0.08722188445673984,0.0,101.60809523809523,106.86434782608696
2014-09-01,MIG - durable consumer goods,Italy,82.3,"Index, 2021=100",83.4,20.74863636363636,17.497142857142858,-0.16107172026645272,0.0,97.27454545454545,101.60809523809523
2014-10-01,MIG - durable consumer goods,Italy,83.4,"Index, 2021=100",82.3,21.268260869565218,20.74863636363636,-0.2764119863445895,0.0,87.42521739130434,97.27454545454545
2014-11-01,MIG - durable consumer goods,Italy,85.8,"Index, 2021=100",83.4,22.978,21.268260869565218,-0.9869169148213338,-9.796069628596289,79.3355,87.42521739130434
2014-12-01,MIG - durable consumer goods,Italy,87.9,"Index, 2021=100",85.8,22.520869565217392,22.978,-1.2412203634377712,0.0,62.17565217391304,79.3355
2015-01-01,MIG - durable consumer goods,Italy,86.6,"Index, 2021=100",87.9,19.755,22.520869565217392,-1.689378075003543,0.0,48.08363636363636,62.17565217391304
2015-02-01,MIG - durable consumer goods,Italy,83.1,"Index, 2021=100",86.6,22.566,19.755,1.030226324080852,0.0,58.0955,48.08363636363636
2015-03-01,MIG - durable consumer goods,Italy,79.9,"Index, 2021=100",83.1,21.856818181818184,22.566,-0.2471285840319799,0.0,55.88545454545454,58.0955
2015-04-01,MIG - durable consumer goods,Italy,83.2,"Index, 2021=100",79.9,22.078181818181818,21.856818181818184,0.7630852782137214,0.0,59.35181818181818,55.88545454545454
2015-05-01,MIG - durable consumer goods,Italy,81.0,"Index, 2021=100",83.2,20.548571428571428,22.078181818181818,0.9306750388082086,0.0,64.1047619047619,59.35181818181818
2015-06-01,MIG - durable consumer goods,Italy,82.7,"Index, 2021=100",81.0,20.520454545454545,20.548571428571428,-0.3949488388902102,2.4056171564772404,61.47772727272727,64.1047619047619
2015-07-01,MIG - durable consumer goods,Italy,84.5,"Index, 2021=100",82.7,20.858260869565218,20.520454545454545,-0.8969936335129175,0.0,56.56130434782609,61.47772727272727
2015-08-01,MIG - durable consumer goods,Italy,90.1,"Index, 2021=100",84.5,19.576190476190476,20.858260869565218,-0.6689537169882939,0.0,46.58428571428571,56.56130434782609
2015-09-01,MIG - durable consumer goods,Italy,84.2,"Index, 2021=100",90.1,19.16,19.576190476190476,0.4134260838296521,0.0,47.62318181818182,46.58428571428571
2015-10-01,MIG - durable consumer goods,Italy,87.1,"Index, 2021=100",84.2,18.243636363636366,19.16,-0.17098247375992967,0.0,48.43,47.62318181818182
2015-11-01,MIG - durable consumer goods,Italy,84.4,"Index, 2021=100",87.1,17.202380952380953,18.243636363636366,-0.3748783969247207,0.0,44.26761904761905,48.43
2015-12-01,MIG - durable consumer goods,Italy,83.0,"Index, 2021=100",84.4,15.640869565217391,17.202380952380953,-0.7698627351357819,-1.9668139100704445,37.97130434782609,44.26761904761905
2016-01-01,MIG - durable consumer goods,Italy,89.6,"Index, 2021=100",83.0,13.904285714285715,15.640869565217391,-1.2929579520638326,0.0,30.98095238095238,37.97130434782609
2016-02-01,MIG - durable consumer goods,Italy,89.4,"Index, 2021=100",89.6,12.476666666666667,13.904285714285715,-0.22939651791615284,0.0,32.163333333333334,30.98095238095238
2016-03-01,MIG - durable consumer goods,Italy,88.4,"Index, 2021=100",89.4,12.267826086956523,12.476666666666667,0.9962287899781237,0.0,38.21565217391304,32.163333333333334
2016-04-01,MIG - durable consumer goods,Italy,88.3,"Index, 2021=100",88.4,11.979999999999999,12.267826086956523,-0.15187983491624749,0.0,41.583333333333336,38.21565217391304
2016-05-01,MIG - durable consumer goods,Italy,87.1,"Index, 2021=100",88.3,13.04090909090909,11.979999999999999,0.6792464128472383,0.0,46.84909090909091,41.583333333333336
2016-06-01,MIG - durable consumer goods,Italy,83.3,"Index, 2021=100",87.1,14.41590909090909,13.04090909090909,-0.1770446016289529,0.582575139176583,48.24727272727273,46.84909090909091
2016-07-01,MIG - durable consumer goods,Italy,87.5,"Index, 2021=100",83.3,14.241904761904761,14.41590909090909,-0.4528878840711025,0.0,44.951904761904764,48.24727272727273
2016-08-01,MIG - durable consumer goods,Italy,88.1,"Index, 2021=100",87.5,11.980869565217391,14.241904761904761,0.1189274105169856,0.0,45.843043478260874,44.951904761904764
2016-09-01,MIG - durable consumer goods,Italy,85.4,"Index, 2021=100",88.1,12.282272727272726,11.980869565217391,0.24870447283671346,1.4727297897900193,46.567727272727275,45.843043478260874
2016-10-01,MIG - durable consumer goods,Italy,84.3,"Index, 2021=100",85.4,16.093809523809526,12.282272727272726,0.41093056832079616,0.0,49.522380952380956,46.567727272727275
2016-11-01,MIG - durable consumer goods,Italy,86.1,"Index, 2021=100",84.3,17.90590909090909,16.093809523809526,-0.5793797051617606,7.91404059403762,44.73409090909091,49.522380952380956
2016-12-01,MIG - durable consumer goods,Italy,89.0,"Index, 2021=100",86.1,17.689545454545456,17.90590909090909,0.7086845393102761,2.0404579621780123,53.365,44.73409090909091
2017-01-01,MIG - durable consumer goods,Italy,86.6,"Index, 2021=100",89.0,20.12272727272727,17.689545454545456,0.08901653408704874,0.0,54.59409090909091,53.365
2017-02-01,MIG - durable consumer goods,Italy,91.8,"Index, 2021=100",86.6,19.553,20.12272727272727,-0.03179032404754296,0.0,54.8695,54.59409090909091
2017-03-01,MIG - durable consumer goods,Italy,89.5,"Index, 2021=100",91.8,15.799130434782608,19.553,-1.4425063041961181,0.0,51.589130434782604,54.8695
2017-04-01,MIG - durable consumer goods,Italy,88.7,"Index, 2021=100",89.5,16.058,15.799130434782608,0.21703780157455996,0.0,52.44500000000001,51.589130434782604
2017-05-01,MIG - durable consumer goods,Italy,93.0,"Index, 2021=100",88.7,15.669130434782607,16.058,-0.8328997339371286,-4.41644778310952,50.326521739130435,52.44500000000001
2017-06-01,MIG - durable consumer goods,Italy,90.0,"Index, 2021=100",93.0,15.134545454545453,15.669130434782607,-0.26420964099602673,0.0,46.36818181818182,50.326521739130435
2017-07-01,MIG - durable consumer goods,Italy,93.4,"Index, 2021=100",90.0,15.095714285714285,15.134545454545453,-0.1449934034705647,0.0,48.47857142857143,46.36818181818182
2017-08-01,MIG - durable consumer goods,Italy,90.5,"Index, 2021=100",93.4,15.99304347826087,15.095714285714285,-0.1520757414392232,0.0,51.70434782608696,48.47857142857143
2017-09-01,MIG - durable consumer goods,Italy,95.4,"Index, 2021=100",90.5,17.302857142857142,15.99304347826087,0.32443706724488564,0.0,56.152857142857144,51.70434782608696
2017-10-01,MIG - durable consumer goods,Italy,91.3,"Index, 2021=100",95.4,17.10363636363636,17.302857142857142,-0.3486109778555899,0.0,57.50772727272727,56.152857142857144
2017-11-01,MIG - durable consumer goods,Italy,94.7,"Index, 2021=100",91.3,19.57090909090909,17.10363636363636,0.12556813519738738,0.21630901693183507,62.71409090909091,57.50772727272727
2017-12-01,MIG - durable consumer goods,Italy,99.2,"Index, 2021=100",94.7,20.795238095238094,19.57090909090909,-0.1117328946322315,0.0,64.39619047619047,62.71409090909091
2018-01-01,MIG - durable consumer goods,Italy,90.6,"Index, 2021=100",99.2,18.6,20.795238095238094,0.7325011228803984,0.0,68.97521739130435,64.39619047619047
2018-02-01,MIG - durable consumer goods,Italy,90.1,"Index, 2021=100",90.6,21.679,18.6,-0.5046465050387093,0.0,65.3175,68.97521739130435
2018-03-01,MIG - durable consumer goods,Italy,93.5,"Index, 2021=100",90.1,23.622727272727275,21.679,-0.10225293145429594,0.0,66.1531818181818,65.3175
2018-04-01,MIG - durable consumer goods,Italy,91.9,"Index, 2021=100",93.5,19.645238095238096,23.622727272727275,0.47425564352743266,0.0,71.95904761904762,66.1531818181818
2018-05-01,MIG - durable consumer goods,Italy,90.6,"Index, 2021=100",91.9,21.566086956521737,19.645238095238096,0.5388658853656386,0.0,76.86217391304348,71.95904761904762
2018-06-01,MIG - durable consumer goods,Italy,90.1,"Index, 2021=100",90.6,21.92761904761905,21.566086956521737,-0.5831886971683538,-0.4130092757360921,74.4047619047619,76.86217391304348
2018-07-01,MIG - durable consumer goods,Italy,86.3,"Index, 2021=100",90.1,22.253636363636364,21.92761904761905,0.5294960350409211,0.0,74.2540909090909,74.4047619047619
2018-08-01,MIG - durable consumer goods,Italy,91.9,"Index, 2021=100",86.3,23.94347826086957,22.253636363636364,-0.20893271379353645,0.0,72.52826086956522,74.2540909090909
2018-09-01,MIG - durable consumer goods,Italy,91.1,"Index, 2021=100",91.9,27.837,23.94347826086957,0.6564596940208821,0.0,78.89099999999999,72.52826086956522
2018-10-01,MIG - durable consumer goods,Italy,92.5,"Index, 2021=100",91.1,25.539565217391303,27.837,0.12149689586130322,0.0,81.03217391304348,78.89099999999999
2018-11-01,MIG - durable consumer goods,Italy,91.6,"Index, 2021=100",92.5,24.633636363636366,25.539565217391303,-1.3685992177175907,0.0,64.74818181818182,81.03217391304348
2018-12-01,MIG - durable consumer goods,Italy,92.7,"Index, 2021=100",91.6,23.666190476190476,24.633636363636366,-0.2447966896801907,2.07348679679867,56.26285714285714,64.74818181818182
2019-01-01,MIG - durable consumer goods,Italy,90.2,"Index, 2021=100",92.7,21.39782608695652,23.666190476190476,0.35962477880472876,0.0,59.025217391304345,56.26285714285714
2019-02-01,MIG - durable consumer goods,Italy,91.1,"Index, 2021=100",90.2,18.0035,21.39782608695652,0.1517462342010795,0.0,63.9605,59.025217391304345
2019-03-01,MIG - durable consumer goods,Italy,90.6,"Index, 2021=100",91.1,15.697619047619046,18.0035,-0.17808513427363806,0.0,66.13857142857144,63.9605
2019-04-01,MIG - durable consumer goods,Italy,89.2,"Index, 2021=100",90.6,15.041818181818183,15.697619047619046,0.3628493694964929,0.0,71.20954545454545,66.13857142857144
2019-05-01,MIG - durable consumer goods,Italy,93.6,"Index, 2021=100",89.2,13.298695652173913,15.041818181818183,-0.7347359961140314,0.0,71.17260869565217,71.20954545454545
2019-06-01,MIG - durable consumer goods,Italy,90.6,"Index, 2021=100",93.6,10.5225,13.298695652173913,-0.33975076992957615,0.0,64.2205,71.17260869565217
2019-07-01,MIG - durable consumer goods,Italy,92.7,"Index, 2021=100",90.6,10.941304347826087,10.5225,0.3395291323618024,-4.251048097619388,63.9191304347826,64.2205
2019-08-01,MIG - durable consumer goods,Italy,94.6,"Index, 2021=100",92.7,10.029545454545454,10.941304347826087,-0.3748389650611249,0.0,59.041818181818186,63.9191304347826
2019-09-01,MIG - durable consumer goods,Italy,93.0,"Index, 2021=100",94.6,9.568095238095239,10.029545454545454,0.48197852185687173,0.0,62.826666666666675,59.041818181818186
2019-10-01,MIG - durable consumer goods,Italy,91.1,"Index, 2021=100",93.0,10.30913043478261,9.568095238095239,-0.3400181888327622,0.0,59.71304347826087,62.826666666666675
2019-11-01,MIG - durable consumer goods,Italy,94.3,"Index, 2021=100",91.1,14.763809523809524,10.30913043478261,0.4635132466348744,0.0,63.21190476190476,59.71304347826087
2019-12-01,MIG - durable consumer goods,Italy,92.9,"Index, 2021=100",94.3,13.031363636363636,14.763809523809524,0.4622502963974788,1.090508505035817,67.31,63.21190476190476
2020-01-01,MIG - durable consumer goods,Italy,97.6,"Index, 2021=100",92.9,11.144782608695651,13.031363636363636,1.4414572982744303,0.0,63.82478260869566,67.31
2020-02-01,MIG - durable consumer goods,Italy,93.3,"Index, 2021=100",97.6,9.3725,11.144782608695651,-0.8114535624060095,0.0,55.702,63.82478260869566
2020-03-01,MIG - durable consumer goods,Italy,39.0,"Index, 2021=100",93.3,8.622727272727273,9.3725,-1.9239758097171007,-8.007737426749562,31.993636363636366,55.702
2020-04-01,MIG - durable consumer goods,Italy,9.7,"Index, 2021=100",39.0,6.54,8.622727272727273,1.3138212739143362,3.0940649462160628,18.546818181818182,31.993636363636366
2020-05-01,MIG - durable consumer goods,Italy,61.3,"Index, 2021=100",9.7,4.575714285714286,6.54,0.7414620048035757,0.0,29.344285714285714,18.546818181818182
2020-06-01,MIG - durable consumer goods,Italy,79.8,"Index, 2021=100",61.3,4.991818181818181,4.575714285714286,-0.674179631293128,-3.149840310433884,40.26681818181818,29.344285714285714
2020-07-01,MIG - durable consumer goods,Italy,87.8,"Index, 2021=100",79.8,4.879565217391304,4.991818181818181,-0.07202838847948002,0.0,43.24217391304348,40.26681818181818
2020-08-01,MIG - durable consumer goods,Italy,105.9,"Index, 2021=100",87.8,7.533333333333333,4.879565217391304,-0.7379957308695794,0.0,44.75904761904762,43.24217391304348
2020-09-01,MIG - durable consumer goods,Italy,100.5,"Index, 2021=100",105.9,11.161818181818182,7.533333333333333,-0.5826109751692493,0.0,40.90954545454545,44.75904761904762
2020-10-01,MIG - durable consumer goods,Italy,103.8,"Index, 2021=100",100.5,13.955454545454545,11.161818181818182,-0.291036694449014,0.0,40.18954545454546,40.90954545454545
2020-11-01,MIG - durable consumer goods,Italy,95.8,"Index, 2021=100",103.8,13.794285714285715,13.955454545454545,-0.1676225177801478,0.0,42.69238095238095,40.18954545454546
2020-12-01,MIG - durable consumer goods,Italy,99.0,"Index, 2021=100",95.8,16.34565217391304,13.794285714285715,-0.06503074006202851,0.563137829641395,50.03217391304348,42.69238095238095
2021-01-01,MIG - durable consumer goods,Italy,101.7,"Index, 2021=100",99.0,20.476190476190474,16.34565217391304,-0.5778110950222807,3.899417998430563,54.60476190476191,50.03217391304348
2021-02-01,MIG - durable consumer goods,Italy,98.3,"Index, 2021=100",101.7,17.4085,20.476190476190474,0.26866362438390906,0.0,62.2765,54.60476190476191
2021-03-01,MIG - durable consumer goods,Italy,96.6,"Index, 2021=100",98.3,17.795217391304348,17.4085,0.3009824618650811,3.5419347237958796,65.41,62.2765
2021-04-01,MIG - durable consumer goods,Italy,98.7,"Index, 2021=100",96.6,20.775454545454547,17.795217391304348,0.5129892999970512,5.991632222929873,64.71954545454545,65.41
2021-05-01,MIG - durable consumer goods,Italy,98.6,"Index, 2021=100",98.7,25.285238095238096,20.775454545454547,0.8992703670969532,0.0,68.5352380952381,64.71954545454545
2021-06-01,MIG - durable consumer goods,Italy,97.8,"Index, 2021=100",98.6,29.238636363636363,25.285238095238096,0.36360474028399664,2.2925007532095663,73.1640909090909,68.5352380952381
2021-07-01,MIG - durable consumer goods,Italy,98.6,"Index, 2021=100",97.8,36.13954545454545,29.238636363636363,0.019142986170709916,-9.851298268875022,75.1659090909091,73.1640909090909
2021-08-01,MIG - durable consumer goods,Italy,96.6,"Index, 2021=100",98.6,44.30409090909091,36.13954545454545,-0.3147083142103972,0.0,70.81590909090909,75.1659090909091
2021-09-01,MIG - durable consumer goods,Italy,100.6,"Index, 2021=100",96.6,64.45363636363636,44.30409090909091,1.015760795186652,0.4390282348823775,74.48863636363636,70.81590909090909
2021-10-01,MIG - durable consumer goods,Italy,102.4,"Index, 2021=100",100.6,87.69238095238094,64.45363636363636,0.7705932795655408,2.361261487325598,83.53809523809524,74.48863636363636
2021-11-01,MIG - durable consumer goods,Italy,103.7,"Index, 2021=100",102.4,81.92136363636364,87.69238095238094,-0.5218341421272874,-1.0130750354233125,81.05,83.53809523809524
2021-12-01,MIG - durable consumer goods,Italy,99.2,"Index, 2021=100",103.7,112.80739130434783,81.92136363636364,-0.49656758152090014,1.7069751201240932,74.26347826086956,81.05
2022-01-01,MIG - durable consumer goods,Italy,96.2,"Index, 2021=100",99.2,84.06952380952382,112.80739130434783,0.8522287791057341,1.4985078326623733,86.50523809523808,74.26347826086956
2022-02-01,MIG - durable consumer goods,Italy,104.2,"Index, 2021=100",96.2,81.164,84.06952380952382,0.20967705216092372,0.6492342056890332,97.12899999999999,86.50523809523808
2022-03-01,MIG - durable consumer goods,Italy,105.5,"Index, 2021=100",104.2,129.18304347826088,81.164,1.1589724435645128,1.020230642989599,117.24521739130434,97.12899999999999
2022-04-01,MIG - durable consumer goods,Italy,105.6,"Index, 2021=100",105.5,101.06238095238095,129.18304347826088,-0.41804567878166843,0.0,105.17095238095239,117.24521739130434
2022-05-01,MIG - durable consumer goods,Italy,106.5,"Index, 2021=100",105.6,88.58863636363637,101.06238095238095,0.8079062673307621,0.4644825107300398,113.11136363636363,105.17095238095239
2022-06-01,MIG - durable consumer goods,Italy,103.9,"Index, 2021=100",106.5,106.29454545454546,88.58863636363637,0.2666071424046354,-2.121493222584776,122.68772727272727,113.11136363636363
2022-07-01,MIG - durable consumer goods,Italy,103.1,"Index, 2021=100",103.9,171.41666666666666,106.29454545454546,-1.5284523643533043,0.0,111.92571428571429,122.68772727272727
2022-08-01,MIG - durable consumer goods,Italy,99.5,"Index, 2021=100",103.1,235.68391304347824,171.41666666666666,-0.8625649365210946,-2.904996658248558,100.47608695652173,111.92571428571429
2022-09-01,MIG - durable consumer goods,Italy,100.4,"Index, 2021=100",99.5,190.24181818181816,235.68391304347824,-0.6092331240191604,0.5554531127177963,89.74954545454545,100.47608695652173
2022-10-01,MIG - durable consumer goods,Italy,97.8,"Index, 2021=100",100.4,72.15047619047618,190.24181818181816,0.8249900068007756,2.4641871317219377,93.33190476190477,89.74954545454545
2022-11-01,MIG - durable consumer goods,Italy,99.9,"Index, 2021=100",97.8,96.28181818181817,72.15047619047618,-0.31727729228827767,0.0,91.41545454545455,93.33190476190477
2022-12-01,MIG - durable consumer goods,Italy,96.5,"Index, 2021=100",99.9,113.99181818181819,96.28181818181817,-0.5175798710392452,-2.8790551863806995,81.06272727272727,91.41545454545455
2023-01-01,MIG - durable consumer goods,Italy,99.7,"Index, 2021=100",96.5,63.004090909090905,113.99181818181819,0.16272770514393026,0.0,82.51590909090909,81.06272727272727
2023-02-01,MIG - durable consumer goods,Italy,97.5,"Index, 2021=100",99.7,53.352999999999994,63.004090909090905,-0.3578309492217428,0.0,82.58500000000001,82.51590909090909
2023-03-01,MIG - durable consumer goods,Italy,98.8,"Index, 2021=100",97.5,44.18782608695652,53.352999999999994,-0.5444578687975978,0.0,78.43434782608696,82.58500000000001
2023-04-01,MIG - durable consumer goods,Italy,96.6,"Index, 2021=100",98.8,42.585,44.18782608695652,0.7779760977112515,0.0,84.8305,78.43434782608696
2023-05-01,MIG - durable consumer goods,Italy,96.7,"Index, 2021=100",96.6,31.335652173913044,42.585,-0.9911199872566404,0.0,75.77478260869565,84.8305
2023-06-01,MIG - durable consumer goods,Italy,95.7,"Index, 2021=100",96.7,32.39909090909091,31.335652173913044,0.10438583996063543,0.4626838105740375,74.83909090909091,75.77478260869565
2023-07-01,MIG - durable consumer goods,Italy,91.2,"Index, 2021=100",95.7,29.665714285714287,32.39909090909091,0.3105036346079896,0.0,80.10809523809523,74.83909090909091
2023-08-01,MIG - durable consumer goods,Italy,95.6,"Index, 2021=100",91.2,33.52304347826087,29.665714285714287,0.2634335721723802,0.0,86.11608695652174,80.10809523809523
2023-09-01,MIG - durable consumer goods,Italy,92.8,"Index, 2021=100",95.6,36.52761904761905,33.52304347826087,0.4709271233739839,0.0,93.72238095238096,86.11608695652174
2023-10-01,MIG - durable consumer goods,Italy,93.0,"Index, 2021=100",92.8,43.264545454545456,36.52761904761905,-0.16534366151930893,0.0,90.59590909090909,93.72238095238096
2023-11-01,MIG - durable consumer goods,Italy,90.5,"Index, 2021=100",93.0,43.269090909090906,43.264545454545456,-0.571544726123262,-2.4651491943871404,82.94,90.59590909090909
2023-12-01,MIG - durable consumer goods,Italy,95.2,"Index, 2021=100",90.5,35.318571428571424,43.269090909090906,0.011208893183722398,0.0,77.87857142857143,82.94
2004-01-01,MIG - intermediate goods,Italy,131.4,"Index, 2021=100",131.4,11.36,11.36,0.44154017195044576,0.0,31.236363636363638,29.77608695652174
2004-02-01,MIG - intermediate goods,Italy,132.3,"Index, 2021=100",131.4,10.7975,11.36,-0.08581088034809001,2.694076911628696,30.8585,31.236363636363638
2004-03-01,MIG - intermediate goods,Italy,128.9,"Index, 2021=100",132.3,10.900434782608697,10.7975,0.2813203494904621,-0.667869132781252,33.63434782608696,30.8585
2004-04-01,MIG - intermediate goods,Italy,133.1,"Index, 2021=100",128.9,10.974545454545455,10.900434782608697,-0.6033863591783445,0.0,33.59090909090909,33.63434782608696
2004-05-01,MIG - intermediate goods,Italy,133.2,"Index, 2021=100",133.1,11.221904761904762,10.974545454545455,0.5969780334499486,0.0,37.56761904761905,33.59090909090909
2004-06-01,MIG - intermediate goods,Italy,134.0,"Index, 2021=100",133.2,10.607727272727272,11.221904761904762,-0.0108376887124877,-0.8697021883599181,35.18363636363636,37.56761904761905
2004-07-01,MIG - intermediate goods,Italy,133.4,"Index, 2021=100",134.0,10.656818181818181,10.607727272727272,-0.18225670383212336,0.0,38.221363636363634,35.18363636363636
2004-08-01,MIG - intermediate goods,Italy,128.8,"Index, 2021=100",133.4,12.030909090909091,10.656818181818181,0.41307128781677527,0.0,42.74409090909091,38.221363636363634
2004-09-01,MIG - intermediate goods,Italy,133.1,"Index, 2021=100",128.8,12.784999999999998,12.030909090909091,0.020228290770040784,-1.6071356282661176,43.19681818181818,42.74409090909091
2004-10-01,MIG - intermediate goods,Italy,134.2,"Index, 2021=100",133.1,12.065238095238096,12.784999999999998,0.8379242805985881,0.0,49.776666666666664,43.19681818181818
2004-11-01,MIG - intermediate goods,Italy,132.2,"Index, 2021=100",134.2,12.959545454545456,12.065238095238096,-0.22862171681724705,0.0,43.110454545454544,49.776666666666664
2004-12-01,MIG - intermediate goods,Italy,131.1,"Index, 2021=100",132.2,14.537391304347826,12.959545454545456,-0.8713033012256369,-3.1596202022297115,39.60217391304348,43.110454545454544
2005-01-01,MIG - intermediate goods,Italy,131.8,"Index, 2021=100",131.1,14.123333333333331,14.537391304347826,0.2661415106984759,2.159954265104334,44.31238095238095,39.60217391304348
2005-02-01,MIG - intermediate goods,Italy,131.5,"Index, 2021=100",131.8,16.8315,14.123333333333331,0.33553585232891664,0.0,45.475,44.31238095238095
2005-03-01,MIG - intermediate goods,Italy,131.9,"Index, 2021=100",131.5,18.585217391304347,16.8315,0.5751930208570617,3.0421593263989704,53.071739130434786,45.475
2005-04-01,MIG - intermediate goods,Italy,132.0,"Index, 2021=100",131.9,14.80857142857143,18.585217391304347,-0.5666684540474421,0.0,51.88380952380952,53.071739130434786
2005-05-01,MIG - intermediate goods,Italy,128.4,"Index, 2021=100",132.0,14.289090909090909,14.80857142857143,-0.10846214234396483,0.0,48.64545454545455,51.88380952380952
2005-06-01,MIG - intermediate goods,Italy,127.8,"Index, 2021=100",128.4,14.356363636363636,14.289090909090909,0.503989891285571,0.3374585671050337,54.35454545454545,48.64545454545455
2005-07-01,MIG - intermediate goods,Italy,131.4,"Index, 2021=100",127.8,15.540952380952382,14.356363636363636,0.563468443674944,0.0,57.52,54.35454545454545
2005-08-01,MIG - intermediate goods,Italy,133.1,"Index, 2021=100",131.4,15.107826086956523,15.540952380952382,0.718752317958703,0.0,63.98347826086956,57.52
2005-09-01,MIG - intermediate goods,Italy,130.7,"Index, 2021=100",133.1,14.746363636363638,15.107826086956523,1.1148474280757803,-1.6643240899907965,62.908181818181816,63.98347826086956
2005-10-01,MIG - intermediate goods,Italy,130.9,"Index, 2021=100",130.7,15.534761904761906,14.746363636363638,-1.0533079897254418,0.0,58.53857142857142,62.908181818181816
2005-11-01,MIG - intermediate goods,Italy,132.9,"Index, 2021=100",130.9,19.15909090909091,15.534761904761906,-1.2341397270208476,0.0,55.24181818181818,58.53857142857142
2005-12-01,MIG - intermediate goods,Italy,134.1,"Index, 2021=100",132.9,22.903636363636362,19.15909090909091,-0.03924653272715153,2.9526028347999587,56.84136363636364,55.24181818181818
2006-01-01,MIG - intermediate goods,Italy,131.2,"Index, 2021=100",134.1,25.694999999999997,22.903636363636362,0.19348656521120655,-0.15180339953147387,62.77409090909091,56.84136363636364
2006-02-01,MIG - intermediate goods,Italy,131.6,"Index, 2021=100",131.2,22.324,25.694999999999997,-0.6518974343740799,0.0,60.21,62.77409090909091
2006-03-01,MIG - intermediate goods,Italy,132.1,"Index, 2021=100",131.6,26.028260869565216,22.324,-0.07863751143875931,-1.827456416166897,62.06478260869565,60.21
2006-04-01,MIG - intermediate goods,Italy,132.6,"Index, 2021=100",132.1,21.387999999999998,26.028260869565216,0.6237237514902355,0.0,70.173,62.06478260869565
2006-05-01,MIG - intermediate goods,Italy,135.4,"Index, 2021=100",132.6,19.692608695652176,21.387999999999998,-0.3540726086115883,0.0,69.77695652173912,70.173
2006-06-01,MIG - intermediate goods,Italy,135.1,"Index, 2021=100",135.4,19.58409090909091,19.692608695652176,-0.31545669169778073,-1.1833322763183536,68.5559090909091,69.77695652173912
2006-07-01,MIG - intermediate goods,Italy,134.2,"Index, 2021=100",135.1,19.847619047619048,19.58409090909091,0.28310573574819875,0.0,73.67428571428572,68.5559090909091
2006-08-01,MIG - intermediate goods,Italy,136.2,"Index, 2021=100",134.2,17.97826086956522,19.847619047619048,-0.1782674258490434,0.0,73.2304347826087,73.67428571428572
2006-09-01,MIG - intermediate goods,Italy,135.2,"Index, 2021=100",136.2,15.951428571428572,17.97826086956522,-1.0773599355773278,-1.1265879387430244,61.95857142857143,73.2304347826087
2006-10-01,MIG - intermediate goods,Italy,135.5,"Index, 2021=100",135.2,14.200454545454546,15.951428571428572,-0.713482353040865,-1.0147867419479089,57.808181818181815,61.95857142857143
2006-11-01,MIG - intermediate goods,Italy,135.7,"Index, 2021=100",135.5,19.87272727272727,14.200454545454546,-0.6336040683167151,0.0,58.76136363636363,57.808181818181815
2006-12-01,MIG - intermediate goods,Italy,147.7,"Index, 2021=100",135.7,16.45809523809524,19.87272727272727,0.06279864252157119,1.7594994847040366,62.41952380952381,58.76136363636363
2007-01-01,MIG - intermediate goods,Italy,136.8,"Index, 2021=100",147.7,13.603478260869565,16.45809523809524,-0.8815456486489374,0.0,53.748695652173915,62.41952380952381
2007-02-01,MIG - intermediate goods,Italy,136.9,"Index, 2021=100",136.8,9.310500000000001,13.603478260869565,0.5012149220613668,0.0,57.516999999999996,53.748695652173915
2007-03-01,MIG - intermediate goods,Italy,136.9,"Index, 2021=100",136.9,10.338636363636363,9.310500000000001,0.001407425353364094,-0.689195928658093,62.05045454545455,57.516999999999996
2007-04-01,MIG - intermediate goods,Italy,135.7,"Index, 2021=100",136.9,8.91904761904762,10.338636363636363,0.23160567911181562,0.0,67.64428571428572,62.05045454545455
2007-05-01,MIG - intermediate goods,Italy,137.4,"Index, 2021=100",135.7,11.71391304347826,8.91904761904762,-0.29762578435044224,0.0,67.36478260869566,67.64428571428572
2007-06-01,MIG - intermediate goods,Italy,137.7,"Index, 2021=100",137.4,10.586190476190476,11.71391304347826,0.16535936703141824,0.0,71.04571428571428,67.36478260869566
2007-07-01,MIG - intermediate goods,Italy,136.9,"Index, 2021=100",137.7,14.946363636363635,10.586190476190476,0.18880782596297765,0.0,76.80863636363637,71.04571428571428
2007-08-01,MIG - intermediate goods,Italy,141.5,"Index, 2021=100",136.9,14.281304347826088,14.946363636363635,-0.5681005018139146,0.0,70.76086956521739,76.80863636363637
2007-09-01,MIG - intermediate goods,Italy,137.8,"Index, 2021=100",141.5,17.057,14.281304347826088,1.0001793364551819,1.1859376565060231,76.929,70.76086956521739
2007-10-01,MIG - intermediate goods,Italy,135.3,"Index, 2021=100",137.8,20.13478260869565,17.057,0.10198579635873983,0.0,82.34,76.929
2007-11-01,MIG - intermediate goods,Italy,133.6,"Index, 2021=100",135.3,22.223636363636363,20.13478260869565,0.6128810878526092,0.0,92.53045454545455,82.34
2007-12-01,MIG - intermediate goods,Italy,137.0,"Index, 2021=100",133.6,23.133333333333333,22.223636363636363,-0.28925766272037334,-0.831933850195447,90.99,92.53045454545455
2008-01-01,MIG - intermediate goods,Italy,137.5,"Index, 2021=100",137.0,24.26347826086956,23.133333333333333,-0.13761859893639725,0.0,92.13391304347826,90.99
2008-02-01,MIG - intermediate goods,Italy,137.6,"Index, 2021=100",137.5,22.760952380952382,24.26347826086956,0.2608943406309443,-2.502179452682496,95.08047619047619,92.13391304347826
2008-03-01,MIG - intermediate goods,Italy,136.5,"Index, 2021=100",137.6,23.693333333333335,22.760952380952382,1.0041522754151373,4.248635030337986,103.45190476190476,95.08047619047619
2008-04-01,MIG - intermediate goods,Italy,136.3,"Index, 2021=100",136.5,25.75318181818182,23.693333333333335,0.06105421820469373,0.0,109.07136363636364,103.45190476190476
2008-05-01,MIG - intermediate goods,Italy,131.3,"Index, 2021=100",136.3,25.01409090909091,25.75318181818182,1.3761117623094206,0.0,123.11181818181818,109.07136363636364
2008-06-01,MIG - intermediate goods,Italy,132.7,"Index, 2021=100",131.3,26.552380952380954,25.01409090909091,1.1146900143738558,0.0,132.32238095238094,123.11181818181818
2008-07-01,MIG - intermediate goods,Italy,131.7,"Index, 2021=100",132.7,25.088260869565215,26.552380952380954,0.5718559213874487,0.0,133.20652173913044,132.32238095238094
2008-08-01,MIG - intermediate goods,Italy,129.0,"Index, 2021=100",131.7,24.035238095238096,25.088260869565215,-0.46951606860925593,0.0,113.24333333333334,133.20652173913044
2008-09-01,MIG - intermediate goods,Italy,125.4,"Index, 2021=100",129.0,30.28409090909091,24.035238095238096,0.2624296377427312,-0.7550683370320911,97.97363636363637,113.24333333333334
2008-10-01,MIG - intermediate goods,Italy,120.1,"Index, 2021=100",125.4,26.14260869565217,30.28409090909091,-2.8871890830034372,-5.276020721573241,71.58217391304348,97.97363636363637
2008-11-01,MIG - intermediate goods,Italy,114.6,"Index, 2021=100",120.1,23.5355,26.14260869565217,-1.0616536689944311,0.0,52.2995,71.58217391304348
2008-12-01,MIG - intermediate goods,Italy,105.0,"Index, 2021=100",114.6,21.674347826086954,23.5355,-0.2694383119813248,-2.158283290921576,39.70782608695652,52.2995
2009-01-01,MIG - intermediate goods,Italy,102.3,"Index, 2021=100",105.0,23.224999999999998,21.674347826086954,1.9606284214617051,0.0,43.09227272727273,39.70782608695652
2009-02-01,MIG - intermediate goods,Italy,95.0,"Index, 2021=100",102.3,17.725,23.224999999999998,0.07516411002784573,0.0,43.326499999999996,43.09227272727273
2009-03-01,MIG - intermediate goods,Italy,91.6,"Index, 2021=100",95.0,12.2,17.725,1.147539934894266,1.9198599485884802,46.540454545454544,43.326499999999996
2009-04-01,MIG - intermediate goods,Italy,90.7,"Index, 2021=100",91.6,11.327272727272726,12.2,-0.6897706760210826,0.0,50.279545454545456,46.540454545454544
2009-05-01,MIG - intermediate goods,Italy,93.4,"Index, 2021=100",90.7,11.00952380952381,11.327272727272726,0.9371855413099275,2.9437593321208158,57.36904761904762,50.279545454545456
2009-06-01,MIG - intermediate goods,Italy,92.9,"Index, 2021=100",93.4,10.796818181818182,11.00952380952381,1.0697891624848404,0.0,68.60954545454545,57.36904761904762
2009-07-01,MIG - intermediate goods,Italy,98.6,"Index, 2021=100",92.9,9.393478260869566,10.796818181818182,-0.8584497443655938,0.0,64.49217391304347,68.60954545454545
2009-08-01,MIG - intermediate goods,Italy,87.1,"Index, 2021=100",98.6,8.778571428571428,9.393478260869566,1.168814769853965,0.0,72.50857142857143,64.49217391304347
2009-09-01,MIG - intermediate goods,Italy,100.2,"Index, 2021=100",87.1,9.418181818181818,8.778571428571428,0.12040182675501683,0.7555170574307397,67.56409090909091,72.50857142857143
2009-10-01,MIG - intermediate goods,Italy,101.3,"Index, 2021=100",100.2,10.340909090909092,9.418181818181818,0.8389514187941388,0.0,72.76954545454545,67.56409090909091
2009-11-01,MIG - intermediate goods,Italy,100.2,"Index, 2021=100",101.3,9.738095238095237,10.340909090909092,-0.14885123884919385,0.0,76.65761904761905,72.76954545454545
2009-12-01,MIG - intermediate goods,Italy,98.6,"Index, 2021=100",100.2,11.4,9.738095238095237,-0.8450010635890879,1.281714088367376,74.48652173913044,76.65761904761905
2010-01-01,MIG - intermediate goods,Italy,100.4,"Index, 2021=100",98.6,14.44047619047619,11.4,-0.48138524271346517,0.0,76.28285714285714,74.48652173913044
2010-02-01,MIG - intermediate goods,Italy,102.0,"Index, 2021=100",100.4,13.715,14.44047619047619,-0.21414063782099357,0.0,73.639,76.28285714285714
2010-03-01,MIG - intermediate goods,Italy,102.4,"Index, 2021=100",102.0,11.954782608695652,13.715,-0.5233596426999279,1.5544096531485574,78.82739130434783,73.639
2010-04-01,MIG - intermediate goods,Italy,103.8,"Index, 2021=100",102.4,13.493181818181819,11.954782608695652,-0.18357082280701043,0.0,84.71818181818182,78.82739130434783
2010-05-01,MIG - intermediate goods,Italy,103.6,"Index, 2021=100",103.8,16.781904761904762,13.493181818181819,-1.323271263136311,0.0,75.8052380952381,84.71818181818182
2010-06-01,MIG - intermediate goods,Italy,105.5,"Index, 2021=100",103.6,19.222727272727273,16.781904761904762,0.525869862586917,0.0,74.7609090909091,75.8052380952381
2010-07-01,MIG - intermediate goods,Italy,106.5,"Index, 2021=100",105.5,19.469545454545454,19.222727272727273,0.04754485195679738,0.0,75.40590909090909,74.7609090909091
2010-08-01,MIG - intermediate goods,Italy,104.1,"Index, 2021=100",106.5,18.13090909090909,19.469545454545454,-0.07161403937119563,0.0,77.03954545454545,75.40590909090909
2010-09-01,MIG - intermediate goods,Italy,106.9,"Index, 2021=100",104.1,18.943181818181817,18.13090909090909,-0.1487126906627298,0.0,77.71272727272728,77.03954545454545
2010-10-01,MIG - intermediate goods,Italy,106.7,"Index, 2021=100",106.9,18.497619047619047,18.943181818181817,0.7103428057964077,-0.4584134038079942,82.6647619047619,77.71272727272728
2010-11-01,MIG - intermediate goods,Italy,108.6,"Index, 2021=100",106.7,19.477272727272727,18.497619047619047,0.09961570270309454,0.0,85.24090909090908,82.6647619047619
2010-12-01,MIG - intermediate goods,Italy,109.4,"Index, 2021=100",108.6,24.09478260869565,19.477272727272727,-0.1169385540431611,1.0894693635716877,91.54173913043478,85.24090909090908
2011-01-01,MIG - intermediate goods,Italy,106.9,"Index, 2021=100",109.4,22.343809523809526,24.09478260869565,-0.13316626923827257,0.0,96.58714285714285,91.54173913043478
2011-02-01,MIG - intermediate goods,Italy,110.4,"Index, 2021=100",106.9,21.761,22.343809523809526,0.1062714600527813,0.0,103.6405,96.58714285714285
2011-03-01,MIG - intermediate goods,Italy,108.1,"Index, 2021=100",110.4,23.722608695652173,21.761,1.0735774048683804,0.0,114.64347826086957,103.6405
2011-04-01,MIG - intermediate goods,Italy,110.0,"Index, 2021=100",108.1,22.854761904761904,23.722608695652173,0.9191065185128502,0.0,123.45380952380954,114.64347826086957
2011-05-01,MIG - intermediate goods,Italy,107.2,"Index, 2021=100",110.0,22.989545454545453,22.854761904761904,-0.754449697870264,0.0,114.98272727272727,123.45380952380954
2011-06-01,MIG - intermediate goods,Italy,106.0,"Index, 2021=100",107.2,22.613636363636363,22.989545454545453,-0.5053044665651589,1.5367288900477356,113.83318181818181,114.98272727272727
2011-07-01,MIG - intermediate goods,Italy,106.2,"Index, 2021=100",106.0,21.51142857142857,22.613636363636363,-0.18652846565540906,0.0,116.63285714285715,113.83318181818181
2011-08-01,MIG - intermediate goods,Italy,111.4,"Index, 2021=100",106.2,21.93565217391304,21.51142857142857,-1.0228125161863917,0.0,110.3095652173913,116.63285714285715
2011-09-01,MIG - intermediate goods,Italy,103.8,"Index, 2021=100",111.4,23.39363636363636,21.93565217391304,0.43959634290727284,0.0,112.9740909090909,110.3095652173913
2011-10-01,MIG - intermediate goods,Italy,103.4,"Index, 2021=100",103.8,22.554761904761904,23.39363636363636,-0.15278013183668757,0.0,109.55000000000001,112.9740909090909
2011-11-01,MIG - intermediate goods,Italy,103.4,"Index, 2021=100",103.4,23.736363636363638,22.554761904761904,0.8939539270283243,0.0,110.58909090909091,109.55000000000001
2011-12-01,MIG - intermediate goods,Italy,104.1,"Index, 2021=100",103.4,22.296818181818182,23.736363636363638,-0.356458994127559,-4.916568331324604,107.99863636363635,110.58909090909091
2012-01-01,MIG - intermediate goods,Italy,100.6,"Index, 2021=100",104.1,21.865454545454543,22.296818181818182,0.20632540358179952,0.0,110.53136363636364,107.99863636363635
2012-02-01,MIG - intermediate goods,Italy,97.6,"Index, 2021=100",100.6,25.41142857142857,21.865454545454543,-0.029054799009691847,0.0,119.39190476190477,110.53136363636364
2012-03-01,MIG - intermediate goods,Italy,100.1,"Index, 2021=100",97.6,23.80727272727273,25.41142857142857,0.784751689386223,0.0,125.44545454545455,119.39190476190477
2012-04-01,MIG - intermediate goods,Italy,97.2,"Index, 2021=100",100.1,24.78952380952381,23.80727272727273,0.24063874434988755,0.0,120.05666666666667,125.44545454545455
2012-05-01,MIG - intermediate goods,Italy,99.4,"Index, 2021=100",97.2,24.196521739130436,24.78952380952381,-0.3856336478636065,0.0,110.2891304347826,120.05666666666667
2012-06-01,MIG - intermediate goods,Italy,97.1,"Index, 2021=100",99.4,23.673333333333332,24.196521739130436,-0.36812562156261563,1.490841835031829,95.15571428571428,110.2891304347826
2012-07-01,MIG - intermediate goods,Italy,96.8,"Index, 2021=100",97.1,24.332727272727276,23.673333333333332,0.6703576310954897,0.0,102.49454545454546,95.15571428571428
2012-08-01,MIG - intermediate goods,Italy,98.3,"Index, 2021=100",96.8,24.05652173913043,24.332727272727276,0.889111873743037,0.0,113.35608695652174,102.49454545454546
2012-09-01,MIG - intermediate goods,Italy,96.1,"Index, 2021=100",98.3,25.825499999999998,24.05652173913043,0.366716761812549,0.0,112.917,113.35608695652174
2012-10-01,MIG - intermediate goods,Italy,95.2,"Index, 2021=100",96.1,26.702173913043477,25.825499999999998,-0.2515652750980356,0.0,111.7108695652174,112.917
2012-11-01,MIG - intermediate goods,Italy,93.0,"Index, 2021=100",95.2,27.24909090909091,26.702173913043477,-0.07773850880404555,0.0,109.13818181818182,111.7108695652174
2012-12-01,MIG - intermediate goods,Italy,92.0,"Index, 2021=100",93.0,27.22333333333333,27.24909090909091,-0.28562219812972955,0.9944110031743462,109.44380952380953,109.13818181818182
2013-01-01,MIG - intermediate goods,Italy,94.6,"Index, 2021=100",92.0,26.51782608695652,27.22333333333333,0.31250565033261724,0.0,112.81173913043479,109.44380952380953
2013-02-01,MIG - intermediate goods,Italy,95.2,"Index, 2021=100",94.6,26.3165,26.51782608695652,0.16430715373994836,0.0,116.11800000000001,112.81173913043479
2013-03-01,MIG - intermediate goods,Italy,93.8,"Index, 2021=100",95.2,32.31666666666666,26.3165,-0.383542027094866,0.0,108.47333333333333,116.11800000000001
2013-04-01,MIG - intermediate goods,Italy,93.5,"Index, 2021=100",93.8,28.575,32.31666666666666,-0.25921885392347294,0.0,102.24818181818182,108.47333333333333
2013-05-01,MIG - intermediate goods,Italy,94.8,"Index, 2021=100",93.5,26.73304347826087,28.575,0.16248527258302423,-1.3607161850187028,102.50130434782609,102.24818181818182
2013-06-01,MIG - intermediate goods,Italy,96.5,"Index, 2021=100",94.8,26.23,26.73304347826087,0.1894274611148,0.0,102.9195,102.50130434782609
2013-07-01,MIG - intermediate goods,Italy,96.4,"Index, 2021=100",96.5,26.070434782608697,26.23,0.6182980381651376,0.0,107.85434782608696,102.9195
2013-08-01,MIG - intermediate goods,Italy,97.1,"Index, 2021=100",96.4,25.55181818181818,26.070434782608697,-0.07052223294410298,0.0,111.28045454545455,107.85434782608696
2013-09-01,MIG - intermediate goods,Italy,96.5,"Index, 2021=100",97.1,26.478571428571428,25.55181818181818,0.06362224893820845,0.0,111.8047619047619,111.28045454545455
2013-10-01,MIG - intermediate goods,Italy,97.4,"Index, 2021=100",96.5,25.868695652173916,26.478571428571428,0.13725652508100525,0.0,109.07652173913044,111.8047619047619
2013-11-01,MIG - intermediate goods,Italy,97.4,"Index, 2021=100",97.4,27.18047619047619,25.868695652173916,-0.11144201084991862,0.0,107.96,109.07652173913044
2013-12-01,MIG - intermediate goods,Italy,97.3,"Index, 2021=100",97.4,27.702727272727273,27.18047619047619,0.6426503974155726,1.006536826380158,110.79363636363637,107.96
2014-01-01,MIG - intermediate goods,Italy,97.9,"Index, 2021=100",97.3,26.253913043478263,27.702727272727273,-0.19812368810882713,0.0,108.19739130434782,110.79363636363637
2014-02-01,MIG - intermediate goods,Italy,96.8,"Index, 2021=100",97.9,23.849,26.253913043478263,-0.044531303873754494,0.0,108.88700000000001,108.19739130434782
2014-03-01,MIG - intermediate goods,Italy,96.5,"Index, 2021=100",96.8,22.767142857142858,23.849,0.0514680128382354,0.0,107.48095238095237,108.88700000000001
2014-04-01,MIG - intermediate goods,Italy,97.0,"Index, 2021=100",96.5,20.423181818181817,22.767142857142858,-0.018508882722691297,0.0,107.84772727272728,107.48095238095237
2014-05-01,MIG - intermediate goods,Italy,95.4,"Index, 2021=100",97.0,19.08818181818182,20.423181818181817,0.10496074182617701,0.0,109.53909090909092,107.84772727272728
2014-06-01,MIG - intermediate goods,Italy,96.0,"Index, 2021=100",95.4,17.39190476190476,19.08818181818182,0.3545000070992207,0.42851134062250246,111.79523809523809,109.53909090909092
2014-07-01,MIG - intermediate goods,Italy,95.7,"Index, 2021=100",96.0,16.50565217391304,17.39190476190476,-0.4381447112306579,0.0,106.86434782608696,111.79523809523809
2014-08-01,MIG - intermediate goods,Italy,93.8,"Index, 2021=100",95.7,17.497142857142858,16.50565217391304,0.08722188445673984,0.0,101.60809523809523,106.86434782608696
2014-09-01,MIG - intermediate goods,Italy,95.4,"Index, 2021=100",93.8,20.74863636363636,17.497142857142858,-0.16107172026645272,0.0,97.27454545454545,101.60809523809523
2014-10-01,MIG - intermediate goods,Italy,94.2,"Index, 2021=100",95.4,21.268260869565218,20.74863636363636,-0.2764119863445895,0.0,87.42521739130434,97.27454545454545
2014-11-01,MIG - intermediate goods,Italy,94.1,"Index, 2021=100",94.2,22.978,21.268260869565218,-0.9869169148213338,-9.796069628596289,79.3355,87.42521739130434
2014-12-01,MIG - intermediate goods,Italy,94.2,"Index, 2021=100",94.1,22.520869565217392,22.978,-1.2412203634377712,0.0,62.17565217391304,79.3355
2015-01-01,MIG - intermediate goods,Italy,94.3,"Index, 2021=100",94.2,19.755,22.520869565217392,-1.689378075003543,0.0,48.08363636363636,62.17565217391304
2015-02-01,MIG - intermediate goods,Italy,94.1,"Index, 2021=100",94.3,22.566,19.755,1.030226324080852,0.0,58.0955,48.08363636363636
2015-03-01,MIG - intermediate goods,Italy,94.9,"Index, 2021=100",94.1,21.856818181818184,22.566,-0.2471285840319799,0.0,55.88545454545454,58.0955
2015-04-01,MIG - intermediate goods,Italy,94.6,"Index, 2021=100",94.9,22.078181818181818,21.856818181818184,0.7630852782137214,0.0,59.35181818181818,55.88545454545454
2015-05-01,MIG - intermediate goods,Italy,95.3,"Index, 2021=100",94.6,20.548571428571428,22.078181818181818,0.9306750388082086,0.0,64.1047619047619,59.35181818181818
2015-06-01,MIG - intermediate goods,Italy,94.9,"Index, 2021=100",95.3,20.520454545454545,20.548571428571428,-0.3949488388902102,2.4056171564772404,61.47772727272727,64.1047619047619
2015-07-01,MIG - intermediate goods,Italy,94.6,"Index, 2021=100",94.9,20.858260869565218,20.520454545454545,-0.8969936335129175,0.0,56.56130434782609,61.47772727272727
2015-08-01,MIG - intermediate goods,Italy,93.9,"Index, 2021=100",94.6,19.576190476190476,20.858260869565218,-0.6689537169882939,0.0,46.58428571428571,56.56130434782609
2015-09-01,MIG - intermediate goods,Italy,95.0,"Index, 2021=100",93.9,19.16,19.576190476190476,0.4134260838296521,0.0,47.62318181818182,46.58428571428571
2015-10-01,MIG - intermediate goods,Italy,95.8,"Index, 2021=100",95.0,18.243636363636366,19.16,-0.17098247375992967,0.0,48.43,47.62318181818182
2015-11-01,MIG - intermediate goods,Italy,96.2,"Index, 2021=100",95.8,17.202380952380953,18.243636363636366,-0.3748783969247207,0.0,44.26761904761905,48.43
2015-12-01,MIG - intermediate goods,Italy,94.8,"Index, 2021=100",96.2,15.640869565217391,17.202380952380953,-0.7698627351357819,-1.9668139100704445,37.97130434782609,44.26761904761905
2016-01-01,MIG - intermediate goods,Italy,97.0,"Index, 2021=100",94.8,13.904285714285715,15.640869565217391,-1.2929579520638326,0.0,30.98095238095238,37.97130434782609
2016-02-01,MIG - intermediate goods,Italy,97.1,"Index, 2021=100",97.0,12.476666666666667,13.904285714285715,-0.22939651791615284,0.0,32.163333333333334,30.98095238095238
2016-03-01,MIG - intermediate goods,Italy,95.8,"Index, 2021=100",97.1,12.267826086956523,12.476666666666667,0.9962287899781237,0.0,38.21565217391304,32.163333333333334
2016-04-01,MIG - intermediate goods,Italy,98.3,"Index, 2021=100",95.8,11.979999999999999,12.267826086956523,-0.15187983491624749,0.0,41.583333333333336,38.21565217391304
2016-05-01,MIG - intermediate goods,Italy,97.3,"Index, 2021=100",98.3,13.04090909090909,11.979999999999999,0.6792464128472383,0.0,46.84909090909091,41.583333333333336
2016-06-01,MIG - intermediate goods,Italy,95.6,"Index, 2021=100",97.3,14.41590909090909,13.04090909090909,-0.1770446016289529,0.582575139176583,48.24727272727273,46.84909090909091
2016-07-01,MIG - intermediate goods,Italy,97.3,"Index, 2021=100",95.6,14.241904761904761,14.41590909090909,-0.4528878840711025,0.0,44.951904761904764,48.24727272727273
2016-08-01,MIG - intermediate goods,Italy,98.0,"Index, 2021=100",97.3,11.980869565217391,14.241904761904761,0.1189274105169856,0.0,45.843043478260874,44.951904761904764
2016-09-01,MIG - intermediate goods,Italy,97.3,"Index, 2021=100",98.0,12.282272727272726,11.980869565217391,0.24870447283671346,1.4727297897900193,46.567727272727275,45.843043478260874
2016-10-01,MIG - intermediate goods,Italy,96.8,"Index, 2021=100",97.3,16.093809523809526,12.282272727272726,0.41093056832079616,0.0,49.522380952380956,46.567727272727275
2016-11-01,MIG - intermediate goods,Italy,98.6,"Index, 2021=100",96.8,17.90590909090909,16.093809523809526,-0.5793797051617606,7.91404059403762,44.73409090909091,49.522380952380956
2016-12-01,MIG - intermediate goods,Italy,99.3,"Index, 2021=100",98.6,17.689545454545456,17.90590909090909,0.7086845393102761,2.0404579621780123,53.365,44.73409090909091
2017-01-01,MIG - intermediate goods,Italy,96.7,"Index, 2021=100",99.3,20.12272727272727,17.689545454545456,0.08901653408704874,0.0,54.59409090909091,53.365
2017-02-01,MIG - intermediate goods,Italy,99.0,"Index, 2021=100",96.7,19.553,20.12272727272727,-0.03179032404754296,0.0,54.8695,54.59409090909091
2017-03-01,MIG - intermediate goods,Italy,100.0,"Index, 2021=100",99.0,15.799130434782608,19.553,-1.4425063041961181,0.0,51.589130434782604,54.8695
2017-04-01,MIG - intermediate goods,Italy,99.6,"Index, 2021=100",100.0,16.058,15.799130434782608,0.21703780157455996,0.0,52.44500000000001,51.589130434782604
2017-05-01,MIG - intermediate goods,Italy,99.1,"Index, 2021=100",99.6,15.669130434782607,16.058,-0.8328997339371286,-4.41644778310952,50.326521739130435,52.44500000000001
2017-06-01,MIG - intermediate goods,Italy,100.5,"Index, 2021=100",99.1,15.134545454545453,15.669130434782607,-0.26420964099602673,0.0,46.36818181818182,50.326521739130435
2017-07-01,MIG - intermediate goods,Italy,101.0,"Index, 2021=100",100.5,15.095714285714285,15.134545454545453,-0.1449934034705647,0.0,48.47857142857143,46.36818181818182
2017-08-01,MIG - intermediate goods,Italy,104.2,"Index, 2021=100",101.0,15.99304347826087,15.095714285714285,-0.1520757414392232,0.0,51.70434782608696,48.47857142857143
2017-09-01,MIG - intermediate goods,Italy,100.6,"Index, 2021=100",104.2,17.302857142857142,15.99304347826087,0.32443706724488564,0.0,56.152857142857144,51.70434782608696
2017-10-01,MIG - intermediate goods,Italy,101.4,"Index, 2021=100",100.6,17.10363636363636,17.302857142857142,-0.3486109778555899,0.0,57.50772727272727,56.152857142857144
2017-11-01,MIG - intermediate goods,Italy,102.8,"Index, 2021=100",101.4,19.57090909090909,17.10363636363636,0.12556813519738738,0.21630901693183507,62.71409090909091,57.50772727272727
2017-12-01,MIG - intermediate goods,Italy,105.3,"Index, 2021=100",102.8,20.795238095238094,19.57090909090909,-0.1117328946322315,0.0,64.39619047619047,62.71409090909091
2018-01-01,MIG - intermediate goods,Italy,102.3,"Index, 2021=100",105.3,18.6,20.795238095238094,0.7325011228803984,0.0,68.97521739130435,64.39619047619047
2018-02-01,MIG - intermediate goods,Italy,100.9,"Index, 2021=100",102.3,21.679,18.6,-0.5046465050387093,0.0,65.3175,68.97521739130435
2018-03-01,MIG - intermediate goods,Italy,101.3,"Index, 2021=100",100.9,23.622727272727275,21.679,-0.10225293145429594,0.0,66.1531818181818,65.3175
2018-04-01,MIG - intermediate goods,Italy,100.2,"Index, 2021=100",101.3,19.645238095238096,23.622727272727275,0.47425564352743266,0.0,71.95904761904762,66.1531818181818
2018-05-01,MIG - intermediate goods,Italy,100.9,"Index, 2021=100",100.2,21.566086956521737,19.645238095238096,0.5388658853656386,0.0,76.86217391304348,71.95904761904762
2018-06-01,MIG - intermediate goods,Italy,101.3,"Index, 2021=100",100.9,21.92761904761905,21.566086956521737,-0.5831886971683538,-0.4130092757360921,74.4047619047619,76.86217391304348
2018-07-01,MIG - intermediate goods,Italy,100.0,"Index, 2021=100",101.3,22.253636363636364,21.92761904761905,0.5294960350409211,0.0,74.2540909090909,74.4047619047619
2018-08-01,MIG - intermediate goods,Italy,99.6,"Index, 2021=100",100.0,23.94347826086957,22.253636363636364,-0.20893271379353645,0.0,72.52826086956522,74.2540909090909
2018-09-01,MIG - intermediate goods,Italy,101.7,"Index, 2021=100",99.6,27.837,23.94347826086957,0.6564596940208821,0.0,78.89099999999999,72.52826086956522
2018-10-01,MIG - intermediate goods,Italy,101.2,"Index, 2021=100",101.7,25.539565217391303,27.837,0.12149689586130322,0.0,81.03217391304348,78.89099999999999
2018-11-01,MIG - intermediate goods,Italy,98.0,"Index, 2021=100",101.2,24.633636363636366,25.539565217391303,-1.3685992177175907,0.0,64.74818181818182,81.03217391304348
2018-12-01,MIG - intermediate goods,Italy,99.7,"Index, 2021=100",98.0,23.666190476190476,24.633636363636366,-0.2447966896801907,2.07348679679867,56.26285714285714,64.74818181818182
2019-01-01,MIG - intermediate goods,Italy,99.0,"Index, 2021=100",99.7,21.39782608695652,23.666190476190476,0.35962477880472876,0.0,59.025217391304345,56.26285714285714
2019-02-01,MIG - intermediate goods,Italy,99.5,"Index, 2021=100",99.0,18.0035,21.39782608695652,0.1517462342010795,0.0,63.9605,59.025217391304345
2019-03-01,MIG - intermediate goods,Italy,98.8,"Index, 2021=100",99.5,15.697619047619046,18.0035,-0.17808513427363806,0.0,66.13857142857144,63.9605
2019-04-01,MIG - intermediate goods,Italy,97.5,"Index, 2021=100",98.8,15.041818181818183,15.697619047619046,0.3628493694964929,0.0,71.20954545454545,66.13857142857144
2019-05-01,MIG - intermediate goods,Italy,98.9,"Index, 2021=100",97.5,13.298695652173913,15.041818181818183,-0.7347359961140314,0.0,71.17260869565217,71.20954545454545
2019-06-01,MIG - intermediate goods,Italy,98.3,"Index, 2021=100",98.9,10.5225,13.298695652173913,-0.33975076992957615,0.0,64.2205,71.17260869565217
2019-07-01,MIG - intermediate goods,Italy,98.3,"Index, 2021=100",98.3,10.941304347826087,10.5225,0.3395291323618024,-4.251048097619388,63.9191304347826,64.2205
2019-08-01,MIG - intermediate goods,Italy,96.5,"Index, 2021=100",98.3,10.029545454545454,10.941304347826087,-0.3748389650611249,0.0,59.041818181818186,63.9191304347826
2019-09-01,MIG - intermediate goods,Italy,96.8,"Index, 2021=100",96.5,9.568095238095239,10.029545454545454,0.48197852185687173,0.0,62.826666666666675,59.041818181818186
2019-10-01,MIG - intermediate goods,Italy,96.3,"Index, 2021=100",96.8,10.30913043478261,9.568095238095239,-0.3400181888327622,0.0,59.71304347826087,62.826666666666675
2019-11-01,MIG - intermediate goods,Italy,97.1,"Index, 2021=100",96.3,14.763809523809524,10.30913043478261,0.4635132466348744,0.0,63.21190476190476,59.71304347826087
2019-12-01,MIG - intermediate goods,Italy,94.3,"Index, 2021=100",97.1,13.031363636363636,14.763809523809524,0.4622502963974788,1.090508505035817,67.31,63.21190476190476
2020-01-01,MIG - intermediate goods,Italy,98.2,"Index, 2021=100",94.3,11.144782608695651,13.031363636363636,1.4414572982744303,0.0,63.82478260869566,67.31
2020-02-01,MIG - intermediate goods,Italy,97.0,"Index, 2021=100",98.2,9.3725,11.144782608695651,-0.8114535624060095,0.0,55.702,63.82478260869566
2020-03-01,MIG - intermediate goods,Italy,70.1,"Index, 2021=100",97.0,8.622727272727273,9.3725,-1.9239758097171007,-8.007737426749562,31.993636363636366,55.702
2020-04-01,MIG - intermediate goods,Italy,50.5,"Index, 2021=100",70.1,6.54,8.622727272727273,1.3138212739143362,3.0940649462160628,18.546818181818182,31.993636363636366
2020-05-01,MIG - intermediate goods,Italy,76.4,"Index, 2021=100",50.5,4.575714285714286,6.54,0.7414620048035757,0.0,29.344285714285714,18.546818181818182
2020-06-01,MIG - intermediate goods,Italy,82.7,"Index, 2021=100",76.4,4.991818181818181,4.575714285714286,-0.674179631293128,-3.149840310433884,40.26681818181818,29.344285714285714
2020-07-01,MIG - intermediate goods,Italy,87.9,"Index, 2021=100",82.7,4.879565217391304,4.991818181818181,-0.07202838847948002,0.0,43.24217391304348,40.26681818181818
2020-08-01,MIG - intermediate goods,Italy,94.0,"Index, 2021=100",87.9,7.533333333333333,4.879565217391304,-0.7379957308695794,0.0,44.75904761904762,43.24217391304348
2020-09-01,MIG - intermediate goods,Italy,93.4,"Index, 2021=100",94.0,11.161818181818182,7.533333333333333,-0.5826109751692493,0.0,40.90954545454545,44.75904761904762
2020-10-01,MIG - intermediate goods,Italy,96.4,"Index, 2021=100",93.4,13.955454545454545,11.161818181818182,-0.291036694449014,0.0,40.18954545454546,40.90954545454545
2020-11-01,MIG - intermediate goods,Italy,96.9,"Index, 2021=100",96.4,13.794285714285715,13.955454545454545,-0.1676225177801478,0.0,42.69238095238095,40.18954545454546
2020-12-01,MIG - intermediate goods,Italy,98.6,"Index, 2021=100",96.9,16.34565217391304,13.794285714285715,-0.06503074006202851,0.563137829641395,50.03217391304348,42.69238095238095
2021-01-01,MIG - intermediate goods,Italy,101.3,"Index, 2021=100",98.6,20.476190476190474,16.34565217391304,-0.5778110950222807,3.899417998430563,54.60476190476191,50.03217391304348
2021-02-01,MIG - intermediate goods,Italy,98.9,"Index, 2021=100",101.3,17.4085,20.476190476190474,0.26866362438390906,0.0,62.2765,54.60476190476191
2021-03-01,MIG - intermediate goods,Italy,99.6,"Index, 2021=100",98.9,17.795217391304348,17.4085,0.3009824618650811,3.5419347237958796,65.41,62.2765
2021-04-01,MIG - intermediate goods,Italy,100.1,"Index, 2021=100",99.6,20.775454545454547,17.795217391304348,0.5129892999970512,5.991632222929873,64.71954545454545,65.41
2021-05-01,MIG - intermediate goods,Italy,99.0,"Index, 2021=100",100.1,25.285238095238096,20.775454545454547,0.8992703670969532,0.0,68.5352380952381,64.71954545454545
2021-06-01,MIG - intermediate goods,Italy,99.7,"Index, 2021=100",99.0,29.238636363636363,25.285238095238096,0.36360474028399664,2.2925007532095663,73.1640909090909,68.5352380952381
2021-07-01,MIG - intermediate goods,Italy,100.1,"Index, 2021=100",99.7,36.13954545454545,29.238636363636363,0.019142986170709916,-9.851298268875022,75.1659090909091,73.1640909090909
2021-08-01,MIG - intermediate goods,Italy,99.1,"Index, 2021=100",100.1,44.30409090909091,36.13954545454545,-0.3147083142103972,0.0,70.81590909090909,75.1659090909091
2021-09-01,MIG - intermediate goods,Italy,100.6,"Index, 2021=100",99.1,64.45363636363636,44.30409090909091,1.015760795186652,0.4390282348823775,74.48863636363636,70.81590909090909
2021-10-01,MIG - intermediate goods,Italy,99.9,"Index, 2021=100",100.6,87.69238095238094,64.45363636363636,0.7705932795655408,2.361261487325598,83.53809523809524,74.48863636363636
2021-11-01,MIG - intermediate goods,Italy,101.0,"Index, 2021=100",99.9,81.92136363636364,87.69238095238094,-0.5218341421272874,-1.0130750354233125,81.05,83.53809523809524
2021-12-01,MIG - intermediate goods,Italy,100.8,"Index, 2021=100",101.0,112.80739130434783,81.92136363636364,-0.49656758152090014,1.7069751201240932,74.26347826086956,81.05
2022-01-01,MIG - intermediate goods,Italy,97.0,"Index, 2021=100",100.8,84.06952380952382,112.80739130434783,0.8522287791057341,1.4985078326623733,86.50523809523808,74.26347826086956
2022-02-01,MIG - intermediate goods,Italy,100.1,"Index, 2021=100",97.0,81.164,84.06952380952382,0.20967705216092372,0.6492342056890332,97.12899999999999,86.50523809523808
2022-03-01,MIG - intermediate goods,Italy,99.2,"Index, 2021=100",100.1,129.18304347826088,81.164,1.1589724435645128,1.020230642989599,117.24521739130434,97.12899999999999
2022-04-01,MIG - intermediate goods,Italy,101.5,"Index, 2021=100",99.2,101.06238095238095,129.18304347826088,-0.41804567878166843,0.0,105.17095238095239,117.24521739130434
2022-05-01,MIG - intermediate goods,Italy,99.4,"Index, 2021=100",101.5,88.58863636363637,101.06238095238095,0.8079062673307621,0.4644825107300398,113.11136363636363,105.17095238095239
2022-06-01,MIG - intermediate goods,Italy,97.4,"Index, 2021=100",99.4,106.29454545454546,88.58863636363637,0.2666071424046354,-2.121493222584776,122.68772727272727,113.11136363636363
2022-07-01,MIG - intermediate goods,Italy,96.6,"Index, 2021=100",97.4,171.41666666666666,106.29454545454546,-1.5284523643533043,0.0,111.92571428571429,122.68772727272727
2022-08-01,MIG - intermediate goods,Italy,98.3,"Index, 2021=100",96.6,235.68391304347824,171.41666666666666,-0.8625649365210946,-2.904996658248558,100.47608695652173,111.92571428571429
2022-09-01,MIG - intermediate goods,Italy,95.3,"Index, 2021=100",98.3,190.24181818181816,235.68391304347824,-0.6092331240191604,0.5554531127177963,89.74954545454545,100.47608695652173
2022-10-01,MIG - intermediate goods,Italy,95.4,"Index, 2021=100",95.3,72.15047619047618,190.24181818181816,0.8249900068007756,2.4641871317219377,93.33190476190477,89.74954545454545
2022-11-01,MIG - intermediate goods,Italy,95.7,"Index, 2021=100",95.4,96.28181818181817,72.15047619047618,-0.31727729228827767,0.0,91.41545454545455,93.33190476190477
2022-12-01,MIG - intermediate goods,Italy,95.3,"Index, 2021=100",95.7,113.99181818181819,96.28181818181817,-0.5175798710392452,-2.8790551863806995,81.06272727272727,91.41545454545455
2023-01-01,MIG - intermediate goods,Italy,94.1,"Index, 2021=100",95.3,63.004090909090905,113.99181818181819,0.16272770514393026,0.0,82.51590909090909,81.06272727272727
2023-02-01,MIG - intermediate goods,Italy,94.1,"Index, 2021=100",94.1,53.352999999999994,63.004090909090905,-0.3578309492217428,0.0,82.58500000000001,82.51590909090909
2023-03-01,MIG - intermediate goods,Italy,93.2,"Index, 2021=100",94.1,44.18782608695652,53.352999999999994,-0.5444578687975978,0.0,78.43434782608696,82.58500000000001
2023-04-01,MIG - intermediate goods,Italy,91.3,"Index, 2021=100",93.2,42.585,44.18782608695652,0.7779760977112515,0.0,84.8305,78.43434782608696
2023-05-01,MIG - intermediate goods,Italy,92.4,"Index, 2021=100",91.3,31.335652173913044,42.585,-0.9911199872566404,0.0,75.77478260869565,84.8305
2023-06-01,MIG - intermediate goods,Italy,92.7,"Index, 2021=100",92.4,32.39909090909091,31.335652173913044,0.10438583996063543,0.4626838105740375,74.83909090909091,75.77478260869565
2023-07-01,MIG - intermediate goods,Italy,92.3,"Index, 2021=100",92.7,29.665714285714287,32.39909090909091,0.3105036346079896,0.0,80.10809523809523,74.83909090909091
2023-08-01,MIG - intermediate goods,Italy,93.1,"Index, 2021=100",92.3,33.52304347826087,29.665714285714287,0.2634335721723802,0.0,86.11608695652174,80.10809523809523
2023-09-01,MIG - intermediate goods,Italy,92.8,"Index, 2021=100",93.1,36.52761904761905,33.52304347826087,0.4709271233739839,0.0,93.72238095238096,86.11608695652174
2023-10-01,MIG - intermediate goods,Italy,92.6,"Index, 2021=100",92.8,43.264545454545456,36.52761904761905,-0.16534366151930893,0.0,90.59590909090909,93.72238095238096
2023-11-01,MIG - intermediate goods,Italy,90.8,"Index, 2021=100",92.6,43.269090909090906,43.264545454545456,-0.571544726123262,-2.4651491943871404,82.94,90.59590909090909
2023-12-01,MIG - intermediate goods,Italy,93.2,"Index, 2021=100",90.8,35.318571428571424,43.269090909090906,0.011208893183722398,0.0,77.87857142857143,82.94
2004-01-01,MIG - non-durable consumer goods,Italy,111.1,"Index, 2021=100",111.1,11.36,11.36,0.44154017195044576,0.0,31.236363636363638,29.77608695652174
2004-02-01,MIG - non-durable consumer goods,Italy,112.0,"Index, 2021=100",111.1,10.7975,11.36,-0.08581088034809001,2.694076911628696,30.8585,31.236363636363638
2004-03-01,MIG - non-durable consumer goods,Italy,110.8,"Index, 2021=100",112.0,10.900434782608697,10.7975,0.2813203494904621,-0.667869132781252,33.63434782608696,30.8585
2004-04-01,MIG - non-durable consumer goods,Italy,111.8,"Index, 2021=100",110.8,10.974545454545455,10.900434782608697,-0.6033863591783445,0.0,33.59090909090909,33.63434782608696
2004-05-01,MIG - non-durable consumer goods,Italy,111.5,"Index, 2021=100",111.8,11.221904761904762,10.974545454545455,0.5969780334499486,0.0,37.56761904761905,33.59090909090909
2004-06-01,MIG - non-durable consumer goods,Italy,108.3,"Index, 2021=100",111.5,10.607727272727272,11.221904761904762,-0.0108376887124877,-0.8697021883599181,35.18363636363636,37.56761904761905
2004-07-01,MIG - non-durable consumer goods,Italy,110.0,"Index, 2021=100",108.3,10.656818181818181,10.607727272727272,-0.18225670383212336,0.0,38.221363636363634,35.18363636363636
2004-08-01,MIG - non-durable consumer goods,Italy,106.4,"Index, 2021=100",110.0,12.030909090909091,10.656818181818181,0.41307128781677527,0.0,42.74409090909091,38.221363636363634
2004-09-01,MIG - non-durable consumer goods,Italy,107.9,"Index, 2021=100",106.4,12.784999999999998,12.030909090909091,0.020228290770040784,-1.6071356282661176,43.19681818181818,42.74409090909091
2004-10-01,MIG - non-durable consumer goods,Italy,108.0,"Index, 2021=100",107.9,12.065238095238096,12.784999999999998,0.8379242805985881,0.0,49.776666666666664,43.19681818181818
2004-11-01,MIG - non-durable consumer goods,Italy,106.0,"Index, 2021=100",108.0,12.959545454545456,12.065238095238096,-0.22862171681724705,0.0,43.110454545454544,49.776666666666664
2004-12-01,MIG - non-durable consumer goods,Italy,105.7,"Index, 2021=100",106.0,14.537391304347826,12.959545454545456,-0.8713033012256369,-3.1596202022297115,39.60217391304348,43.110454545454544
2005-01-01,MIG - non-durable consumer goods,Italy,106.4,"Index, 2021=100",105.7,14.123333333333331,14.537391304347826,0.2661415106984759,2.159954265104334,44.31238095238095,39.60217391304348
2005-02-01,MIG - non-durable consumer goods,Italy,105.7,"Index, 2021=100",106.4,16.8315,14.123333333333331,0.33553585232891664,0.0,45.475,44.31238095238095
2005-03-01,MIG - non-durable consumer goods,Italy,103.8,"Index, 2021=100",105.7,18.585217391304347,16.8315,0.5751930208570617,3.0421593263989704,53.071739130434786,45.475
2005-04-01,MIG - non-durable consumer goods,Italy,106.3,"Index, 2021=100",103.8,14.80857142857143,18.585217391304347,-0.5666684540474421,0.0,51.88380952380952,53.071739130434786
2005-05-01,MIG - non-durable consumer goods,Italy,103.3,"Index, 2021=100",106.3,14.289090909090909,14.80857142857143,-0.10846214234396483,0.0,48.64545454545455,51.88380952380952
2005-06-01,MIG - non-durable consumer goods,Italy,105.5,"Index, 2021=100",103.3,14.356363636363636,14.289090909090909,0.503989891285571,0.3374585671050337,54.35454545454545,48.64545454545455
2005-07-01,MIG - non-durable consumer goods,Italy,104.8,"Index, 2021=100",105.5,15.540952380952382,14.356363636363636,0.563468443674944,0.0,57.52,54.35454545454545
2005-08-01,MIG - non-durable consumer goods,Italy,108.8,"Index, 2021=100",104.8,15.107826086956523,15.540952380952382,0.718752317958703,0.0,63.98347826086956,57.52
2005-09-01,MIG - non-durable consumer goods,Italy,109.1,"Index, 2021=100",108.8,14.746363636363638,15.107826086956523,1.1148474280757803,-1.6643240899907965,62.908181818181816,63.98347826086956
2005-10-01,MIG - non-durable consumer goods,Italy,108.6,"Index, 2021=100",109.1,15.534761904761906,14.746363636363638,-1.0533079897254418,0.0,58.53857142857142,62.908181818181816
2005-11-01,MIG - non-durable consumer goods,Italy,107.6,"Index, 2021=100",108.6,19.15909090909091,15.534761904761906,-1.2341397270208476,0.0,55.24181818181818,58.53857142857142
2005-12-01,MIG - non-durable consumer goods,Italy,109.3,"Index, 2021=100",107.6,22.903636363636362,19.15909090909091,-0.03924653272715153,2.9526028347999587,56.84136363636364,55.24181818181818
2006-01-01,MIG - non-durable consumer goods,Italy,105.9,"Index, 2021=100",109.3,25.694999999999997,22.903636363636362,0.19348656521120655,-0.15180339953147387,62.77409090909091,56.84136363636364
2006-02-01,MIG - non-durable consumer goods,Italy,107.6,"Index, 2021=100",105.9,22.324,25.694999999999997,-0.6518974343740799,0.0,60.21,62.77409090909091
2006-03-01,MIG - non-durable consumer goods,Italy,108.3,"Index, 2021=100",107.6,26.028260869565216,22.324,-0.07863751143875931,-1.827456416166897,62.06478260869565,60.21
2006-04-01,MIG - non-durable consumer goods,Italy,109.6,"Index, 2021=100",108.3,21.387999999999998,26.028260869565216,0.6237237514902355,0.0,70.173,62.06478260869565
2006-05-01,MIG - non-durable consumer goods,Italy,112.5,"Index, 2021=100",109.6,19.692608695652176,21.387999999999998,-0.3540726086115883,0.0,69.77695652173912,70.173
2006-06-01,MIG - non-durable consumer goods,Italy,112.4,"Index, 2021=100",112.5,19.58409090909091,19.692608695652176,-0.31545669169778073,-1.1833322763183536,68.5559090909091,69.77695652173912
2006-07-01,MIG - non-durable consumer goods,Italy,110.3,"Index, 2021=100",112.4,19.847619047619048,19.58409090909091,0.28310573574819875,0.0,73.67428571428572,68.5559090909091
2006-08-01,MIG - non-durable consumer goods,Italy,110.6,"Index, 2021=100",110.3,17.97826086956522,19.847619047619048,-0.1782674258490434,0.0,73.2304347826087,73.67428571428572
2006-09-01,MIG - non-durable consumer goods,Italy,112.3,"Index, 2021=100",110.6,15.951428571428572,17.97826086956522,-1.0773599355773278,-1.1265879387430244,61.95857142857143,73.2304347826087
2006-10-01,MIG - non-durable consumer goods,Italy,112.1,"Index, 2021=100",112.3,14.200454545454546,15.951428571428572,-0.713482353040865,-1.0147867419479089,57.808181818181815,61.95857142857143
2006-11-01,MIG - non-durable consumer goods,Italy,111.9,"Index, 2021=100",112.1,19.87272727272727,14.200454545454546,-0.6336040683167151,0.0,58.76136363636363,57.808181818181815
2006-12-01,MIG - non-durable consumer goods,Italy,114.4,"Index, 2021=100",111.9,16.45809523809524,19.87272727272727,0.06279864252157119,1.7594994847040366,62.41952380952381,58.76136363636363
2007-01-01,MIG - non-durable consumer goods,Italy,112.5,"Index, 2021=100",114.4,13.603478260869565,16.45809523809524,-0.8815456486489374,0.0,53.748695652173915,62.41952380952381
2007-02-01,MIG - non-durable consumer goods,Italy,112.7,"Index, 2021=100",112.5,9.310500000000001,13.603478260869565,0.5012149220613668,0.0,57.516999999999996,53.748695652173915
2007-03-01,MIG - non-durable consumer goods,Italy,113.6,"Index, 2021=100",112.7,10.338636363636363,9.310500000000001,0.001407425353364094,-0.689195928658093,62.05045454545455,57.516999999999996
2007-04-01,MIG - non-durable consumer goods,Italy,109.8,"Index, 2021=100",113.6,8.91904761904762,10.338636363636363,0.23160567911181562,0.0,67.64428571428572,62.05045454545455
2007-05-01,MIG - non-durable consumer goods,Italy,111.4,"Index, 2021=100",109.8,11.71391304347826,8.91904761904762,-0.29762578435044224,0.0,67.36478260869566,67.64428571428572
2007-06-01,MIG - non-durable consumer goods,Italy,107.9,"Index, 2021=100",111.4,10.586190476190476,11.71391304347826,0.16535936703141824,0.0,71.04571428571428,67.36478260869566
2007-07-01,MIG - non-durable consumer goods,Italy,108.8,"Index, 2021=100",107.9,14.946363636363635,10.586190476190476,0.18880782596297765,0.0,76.80863636363637,71.04571428571428
2007-08-01,MIG - non-durable consumer goods,Italy,112.1,"Index, 2021=100",108.8,14.281304347826088,14.946363636363635,-0.5681005018139146,0.0,70.76086956521739,76.80863636363637
2007-09-01,MIG - non-durable consumer goods,Italy,111.4,"Index, 2021=100",112.1,17.057,14.281304347826088,1.0001793364551819,1.1859376565060231,76.929,70.76086956521739
2007-10-01,MIG - non-durable consumer goods,Italy,112.7,"Index, 2021=100",111.4,20.13478260869565,17.057,0.10198579635873983,0.0,82.34,76.929
2007-11-01,MIG - non-durable consumer goods,Italy,112.2,"Index, 2021=100",112.7,22.223636363636363,20.13478260869565,0.6128810878526092,0.0,92.53045454545455,82.34
2007-12-01,MIG - non-durable consumer goods,Italy,109.7,"Index, 2021=100",112.2,23.133333333333333,22.223636363636363,-0.28925766272037334,-0.831933850195447,90.99,92.53045454545455
2008-01-01,MIG - non-durable consumer goods,Italy,114.9,"Index, 2021=100",109.7,24.26347826086956,23.133333333333333,-0.13761859893639725,0.0,92.13391304347826,90.99
2008-02-01,MIG - non-durable consumer goods,Italy,113.8,"Index, 2021=100",114.9,22.760952380952382,24.26347826086956,0.2608943406309443,-2.502179452682496,95.08047619047619,92.13391304347826
2008-03-01,MIG - non-durable consumer goods,Italy,111.5,"Index, 2021=100",113.8,23.693333333333335,22.760952380952382,1.0041522754151373,4.248635030337986,103.45190476190476,95.08047619047619
2008-04-01,MIG - non-durable consumer goods,Italy,113.2,"Index, 2021=100",111.5,25.75318181818182,23.693333333333335,0.06105421820469373,0.0,109.07136363636364,103.45190476190476
2008-05-01,MIG - non-durable consumer goods,Italy,108.1,"Index, 2021=100",113.2,25.01409090909091,25.75318181818182,1.3761117623094206,0.0,123.11181818181818,109.07136363636364
2008-06-01,MIG - non-durable consumer goods,Italy,112.1,"Index, 2021=100",108.1,26.552380952380954,25.01409090909091,1.1146900143738558,0.0,132.32238095238094,123.11181818181818
2008-07-01,MIG - non-durable consumer goods,Italy,109.6,"Index, 2021=100",112.1,25.088260869565215,26.552380952380954,0.5718559213874487,0.0,133.20652173913044,132.32238095238094
2008-08-01,MIG - non-durable consumer goods,Italy,109.4,"Index, 2021=100",109.6,24.035238095238096,25.088260869565215,-0.46951606860925593,0.0,113.24333333333334,133.20652173913044
2008-09-01,MIG - non-durable consumer goods,Italy,108.2,"Index, 2021=100",109.4,30.28409090909091,24.035238095238096,0.2624296377427312,-0.7550683370320911,97.97363636363637,113.24333333333334
2008-10-01,MIG - non-durable consumer goods,Italy,108.7,"Index, 2021=100",108.2,26.14260869565217,30.28409090909091,-2.8871890830034372,-5.276020721573241,71.58217391304348,97.97363636363637
2008-11-01,MIG - non-durable consumer goods,Italy,111.3,"Index, 2021=100",108.7,23.5355,26.14260869565217,-1.0616536689944311,0.0,52.2995,71.58217391304348
2008-12-01,MIG - non-durable consumer goods,Italy,109.4,"Index, 2021=100",111.3,21.674347826086954,23.5355,-0.2694383119813248,-2.158283290921576,39.70782608695652,52.2995
2009-01-01,MIG - non-durable consumer goods,Italy,107.0,"Index, 2021=100",109.4,23.224999999999998,21.674347826086954,1.9606284214617051,0.0,43.09227272727273,39.70782608695652
2009-02-01,MIG - non-durable consumer goods,Italy,107.5,"Index, 2021=100",107.0,17.725,23.224999999999998,0.07516411002784573,0.0,43.326499999999996,43.09227272727273
2009-03-01,MIG - non-durable consumer goods,Italy,98.1,"Index, 2021=100",107.5,12.2,17.725,1.147539934894266,1.9198599485884802,46.540454545454544,43.326499999999996
2009-04-01,MIG - non-durable consumer goods,Italy,101.3,"Index, 2021=100",98.1,11.327272727272726,12.2,-0.6897706760210826,0.0,50.279545454545456,46.540454545454544
2009-05-01,MIG - non-durable consumer goods,Italy,105.3,"Index, 2021=100",101.3,11.00952380952381,11.327272727272726,0.9371855413099275,2.9437593321208158,57.36904761904762,50.279545454545456
2009-06-01,MIG - non-durable consumer goods,Italy,105.6,"Index, 2021=100",105.3,10.796818181818182,11.00952380952381,1.0697891624848404,0.0,68.60954545454545,57.36904761904762
2009-07-01,MIG - non-durable consumer goods,Italy,106.6,"Index, 2021=100",105.6,9.393478260869566,10.796818181818182,-0.8584497443655938,0.0,64.49217391304347,68.60954545454545
2009-08-01,MIG - non-durable consumer goods,Italy,106.3,"Index, 2021=100",106.6,8.778571428571428,9.393478260869566,1.168814769853965,0.0,72.50857142857143,64.49217391304347
2009-09-01,MIG - non-durable consumer goods,Italy,105.3,"Index, 2021=100",106.3,9.418181818181818,8.778571428571428,0.12040182675501683,0.7555170574307397,67.56409090909091,72.50857142857143
2009-10-01,MIG - non-durable consumer goods,Italy,106.1,"Index, 2021=100",105.3,10.340909090909092,9.418181818181818,0.8389514187941388,0.0,72.76954545454545,67.56409090909091
2009-11-01,MIG - non-durable consumer goods,Italy,108.3,"Index, 2021=100",106.1,9.738095238095237,10.340909090909092,-0.14885123884919385,0.0,76.65761904761905,72.76954545454545
2009-12-01,MIG - non-durable consumer goods,Italy,111.1,"Index, 2021=100",108.3,11.4,9.738095238095237,-0.8450010635890879,1.281714088367376,74.48652173913044,76.65761904761905
2010-01-01,MIG - non-durable consumer goods,Italy,109.1,"Index, 2021=100",111.1,14.44047619047619,11.4,-0.48138524271346517,0.0,76.28285714285714,74.48652173913044
2010-02-01,MIG - non-durable consumer goods,Italy,107.6,"Index, 2021=100",109.1,13.715,14.44047619047619,-0.21414063782099357,0.0,73.639,76.28285714285714
2010-03-01,MIG - non-durable consumer goods,Italy,107.3,"Index, 2021=100",107.6,11.954782608695652,13.715,-0.5233596426999279,1.5544096531485574,78.82739130434783,73.639
2010-04-01,MIG - non-durable consumer goods,Italy,106.3,"Index, 2021=100",107.3,13.493181818181819,11.954782608695652,-0.18357082280701043,0.0,84.71818181818182,78.82739130434783
2010-05-01,MIG - non-durable consumer goods,Italy,107.9,"Index, 2021=100",106.3,16.781904761904762,13.493181818181819,-1.323271263136311,0.0,75.8052380952381,84.71818181818182
2010-06-01,MIG - non-durable consumer goods,Italy,111.0,"Index, 2021=100",107.9,19.222727272727273,16.781904761904762,0.525869862586917,0.0,74.7609090909091,75.8052380952381
2010-07-01,MIG - non-durable consumer goods,Italy,110.7,"Index, 2021=100",111.0,19.469545454545454,19.222727272727273,0.04754485195679738,0.0,75.40590909090909,74.7609090909091
2010-08-01,MIG - non-durable consumer goods,Italy,107.5,"Index, 2021=100",110.7,18.13090909090909,19.469545454545454,-0.07161403937119563,0.0,77.03954545454545,75.40590909090909
2010-09-01,MIG - non-durable consumer goods,Italy,110.5,"Index, 2021=100",107.5,18.943181818181817,18.13090909090909,-0.1487126906627298,0.0,77.71272727272728,77.03954545454545
2010-10-01,MIG - non-durable consumer goods,Italy,109.4,"Index, 2021=100",110.5,18.497619047619047,18.943181818181817,0.7103428057964077,-0.4584134038079942,82.6647619047619,77.71272727272728
2010-11-01,MIG - non-durable consumer goods,Italy,106.5,"Index, 2021=100",109.4,19.477272727272727,18.497619047619047,0.09961570270309454,0.0,85.24090909090908,82.6647619047619
2010-12-01,MIG - non-durable consumer goods,Italy,106.0,"Index, 2021=100",106.5,24.09478260869565,19.477272727272727,-0.1169385540431611,1.0894693635716877,91.54173913043478,85.24090909090908
2011-01-01,MIG - non-durable consumer goods,Italy,104.9,"Index, 2021=100",106.0,22.343809523809526,24.09478260869565,-0.13316626923827257,0.0,96.58714285714285,91.54173913043478
2011-02-01,MIG - non-durable consumer goods,Italy,107.8,"Index, 2021=100",104.9,21.761,22.343809523809526,0.1062714600527813,0.0,103.6405,96.58714285714285
2011-03-01,MIG - non-durable consumer goods,Italy,110.1,"Index, 2021=100",107.8,23.722608695652173,21.761,1.0735774048683804,0.0,114.64347826086957,103.6405
2011-04-01,MIG - non-durable consumer goods,Italy,111.0,"Index, 2021=100",110.1,22.854761904761904,23.722608695652173,0.9191065185128502,0.0,123.45380952380954,114.64347826086957
2011-05-01,MIG - non-durable consumer goods,Italy,108.5,"Index, 2021=100",111.0,22.989545454545453,22.854761904761904,-0.754449697870264,0.0,114.98272727272727,123.45380952380954
2011-06-01,MIG - non-durable consumer goods,Italy,106.8,"Index, 2021=100",108.5,22.613636363636363,22.989545454545453,-0.5053044665651589,1.5367288900477356,113.83318181818181,114.98272727272727
2011-07-01,MIG - non-durable consumer goods,Italy,106.4,"Index, 2021=100",106.8,21.51142857142857,22.613636363636363,-0.18652846565540906,0.0,116.63285714285715,113.83318181818181
2011-08-01,MIG - non-durable consumer goods,Italy,108.2,"Index, 2021=100",106.4,21.93565217391304,21.51142857142857,-1.0228125161863917,0.0,110.3095652173913,116.63285714285715
2011-09-01,MIG - non-durable consumer goods,Italy,104.1,"Index, 2021=100",108.2,23.39363636363636,21.93565217391304,0.43959634290727284,0.0,112.9740909090909,110.3095652173913
2011-10-01,MIG - non-durable consumer goods,Italy,104.3,"Index, 2021=100",104.1,22.554761904761904,23.39363636363636,-0.15278013183668757,0.0,109.55000000000001,112.9740909090909
2011-11-01,MIG - non-durable consumer goods,Italy,105.7,"Index, 2021=100",104.3,23.736363636363638,22.554761904761904,0.8939539270283243,0.0,110.58909090909091,109.55000000000001
2011-12-01,MIG - non-durable consumer goods,Italy,106.3,"Index, 2021=100",105.7,22.296818181818182,23.736363636363638,-0.356458994127559,-4.916568331324604,107.99863636363635,110.58909090909091
2012-01-01,MIG - non-durable consumer goods,Italy,101.7,"Index, 2021=100",106.3,21.865454545454543,22.296818181818182,0.20632540358179952,0.0,110.53136363636364,107.99863636363635
2012-02-01,MIG - non-durable consumer goods,Italy,101.5,"Index, 2021=100",101.7,25.41142857142857,21.865454545454543,-0.029054799009691847,0.0,119.39190476190477,110.53136363636364
2012-03-01,MIG - non-durable consumer goods,Italy,105.3,"Index, 2021=100",101.5,23.80727272727273,25.41142857142857,0.784751689386223,0.0,125.44545454545455,119.39190476190477
2012-04-01,MIG - non-durable consumer goods,Italy,103.1,"Index, 2021=100",105.3,24.78952380952381,23.80727272727273,0.24063874434988755,0.0,120.05666666666667,125.44545454545455
2012-05-01,MIG - non-durable consumer goods,Italy,104.4,"Index, 2021=100",103.1,24.196521739130436,24.78952380952381,-0.3856336478636065,0.0,110.2891304347826,120.05666666666667
2012-06-01,MIG - non-durable consumer goods,Italy,102.1,"Index, 2021=100",104.4,23.673333333333332,24.196521739130436,-0.36812562156261563,1.490841835031829,95.15571428571428,110.2891304347826
2012-07-01,MIG - non-durable consumer goods,Italy,103.6,"Index, 2021=100",102.1,24.332727272727276,23.673333333333332,0.6703576310954897,0.0,102.49454545454546,95.15571428571428
2012-08-01,MIG - non-durable consumer goods,Italy,104.1,"Index, 2021=100",103.6,24.05652173913043,24.332727272727276,0.889111873743037,0.0,113.35608695652174,102.49454545454546
2012-09-01,MIG - non-durable consumer goods,Italy,104.8,"Index, 2021=100",104.1,25.825499999999998,24.05652173913043,0.366716761812549,0.0,112.917,113.35608695652174
2012-10-01,MIG - non-durable consumer goods,Italy,101.0,"Index, 2021=100",104.8,26.702173913043477,25.825499999999998,-0.2515652750980356,0.0,111.7108695652174,112.917
2012-11-01,MIG - non-durable consumer goods,Italy,100.4,"Index, 2021=100",101.0,27.24909090909091,26.702173913043477,-0.07773850880404555,0.0,109.13818181818182,111.7108695652174
2012-12-01,MIG - non-durable consumer goods,Italy,100.5,"Index, 2021=100",100.4,27.22333333333333,27.24909090909091,-0.28562219812972955,0.9944110031743462,109.44380952380953,109.13818181818182
2013-01-01,MIG - non-durable consumer goods,Italy,103.7,"Index, 2021=100",100.5,26.51782608695652,27.22333333333333,0.31250565033261724,0.0,112.81173913043479,109.44380952380953
2013-02-01,MIG - non-durable consumer goods,Italy,102.1,"Index, 2021=100",103.7,26.3165,26.51782608695652,0.16430715373994836,0.0,116.11800000000001,112.81173913043479
2013-03-01,MIG - non-durable consumer goods,Italy,99.4,"Index, 2021=100",102.1,32.31666666666666,26.3165,-0.383542027094866,0.0,108.47333333333333,116.11800000000001
2013-04-01,MIG - non-durable consumer goods,Italy,98.3,"Index, 2021=100",99.4,28.575,32.31666666666666,-0.25921885392347294,0.0,102.24818181818182,108.47333333333333
2013-05-01,MIG - non-durable consumer goods,Italy,101.9,"Index, 2021=100",98.3,26.73304347826087,28.575,0.16248527258302423,-1.3607161850187028,102.50130434782609,102.24818181818182
2013-06-01,MIG - non-durable consumer goods,Italy,99.1,"Index, 2021=100",101.9,26.23,26.73304347826087,0.1894274611148,0.0,102.9195,102.50130434782609
2013-07-01,MIG - non-durable consumer goods,Italy,101.0,"Index, 2021=100",99.1,26.070434782608697,26.23,0.6182980381651376,0.0,107.85434782608696,102.9195
2013-08-01,MIG - non-durable consumer goods,Italy,101.4,"Index, 2021=100",101.0,25.55181818181818,26.070434782608697,-0.07052223294410298,0.0,111.28045454545455,107.85434782608696
2013-09-01,MIG - non-durable consumer goods,Italy,102.3,"Index, 2021=100",101.4,26.478571428571428,25.55181818181818,0.06362224893820845,0.0,111.8047619047619,111.28045454545455
2013-10-01,MIG - non-durable consumer goods,Italy,103.6,"Index, 2021=100",102.3,25.868695652173916,26.478571428571428,0.13725652508100525,0.0,109.07652173913044,111.8047619047619
2013-11-01,MIG - non-durable consumer goods,Italy,100.1,"Index, 2021=100",103.6,27.18047619047619,25.868695652173916,-0.11144201084991862,0.0,107.96,109.07652173913044
2013-12-01,MIG - non-durable consumer goods,Italy,99.9,"Index, 2021=100",100.1,27.702727272727273,27.18047619047619,0.6426503974155726,1.006536826380158,110.79363636363637,107.96
2014-01-01,MIG - non-durable consumer goods,Italy,101.7,"Index, 2021=100",99.9,26.253913043478263,27.702727272727273,-0.19812368810882713,0.0,108.19739130434782,110.79363636363637
2014-02-01,MIG - non-durable consumer goods,Italy,103.7,"Index, 2021=100",101.7,23.849,26.253913043478263,-0.044531303873754494,0.0,108.88700000000001,108.19739130434782
2014-03-01,MIG - non-durable consumer goods,Italy,98.8,"Index, 2021=100",103.7,22.767142857142858,23.849,0.0514680128382354,0.0,107.48095238095237,108.88700000000001
2014-04-01,MIG - non-durable consumer goods,Italy,100.9,"Index, 2021=100",98.8,20.423181818181817,22.767142857142858,-0.018508882722691297,0.0,107.84772727272728,107.48095238095237
2014-05-01,MIG - non-durable consumer goods,Italy,99.8,"Index, 2021=100",100.9,19.08818181818182,20.423181818181817,0.10496074182617701,0.0,109.53909090909092,107.84772727272728
2014-06-01,MIG - non-durable consumer goods,Italy,101.9,"Index, 2021=100",99.8,17.39190476190476,19.08818181818182,0.3545000070992207,0.42851134062250246,111.79523809523809,109.53909090909092
2014-07-01,MIG - non-durable consumer goods,Italy,100.8,"Index, 2021=100",101.9,16.50565217391304,17.39190476190476,-0.4381447112306579,0.0,106.86434782608696,111.79523809523809
2014-08-01,MIG - non-durable consumer goods,Italy,102.3,"Index, 2021=100",100.8,17.497142857142858,16.50565217391304,0.08722188445673984,0.0,101.60809523809523,106.86434782608696
2014-09-01,MIG - non-durable consumer goods,Italy,99.9,"Index, 2021=100",102.3,20.74863636363636,17.497142857142858,-0.16107172026645272,0.0,97.27454545454545,101.60809523809523
2014-10-01,MIG - non-durable consumer goods,Italy,99.5,"Index, 2021=100",99.9,21.268260869565218,20.74863636363636,-0.2764119863445895,0.0,87.42521739130434,97.27454545454545
2014-11-01,MIG - non-durable consumer goods,Italy,100.0,"Index, 2021=100",99.5,22.978,21.268260869565218,-0.9869169148213338,-9.796069628596289,79.3355,87.42521739130434
2014-12-01,MIG - non-durable consumer goods,Italy,99.6,"Index, 2021=100",100.0,22.520869565217392,22.978,-1.2412203634377712,0.0,62.17565217391304,79.3355
2015-01-01,MIG - non-durable consumer goods,Italy,101.1,"Index, 2021=100",99.6,19.755,22.520869565217392,-1.689378075003543,0.0,48.08363636363636,62.17565217391304
2015-02-01,MIG - non-durable consumer goods,Italy,99.3,"Index, 2021=100",101.1,22.566,19.755,1.030226324080852,0.0,58.0955,48.08363636363636
2015-03-01,MIG - non-durable consumer goods,Italy,100.9,"Index, 2021=100",99.3,21.856818181818184,22.566,-0.2471285840319799,0.0,55.88545454545454,58.0955
2015-04-01,MIG - non-durable consumer goods,Italy,100.5,"Index, 2021=100",100.9,22.078181818181818,21.856818181818184,0.7630852782137214,0.0,59.35181818181818,55.88545454545454
2015-05-01,MIG - non-durable consumer goods,Italy,102.4,"Index, 2021=100",100.5,20.548571428571428,22.078181818181818,0.9306750388082086,0.0,64.1047619047619,59.35181818181818
2015-06-01,MIG - non-durable consumer goods,Italy,101.9,"Index, 2021=100",102.4,20.520454545454545,20.548571428571428,-0.3949488388902102,2.4056171564772404,61.47772727272727,64.1047619047619
2015-07-01,MIG - non-durable consumer goods,Italy,100.9,"Index, 2021=100",101.9,20.858260869565218,20.520454545454545,-0.8969936335129175,0.0,56.56130434782609,61.47772727272727
2015-08-01,MIG - non-durable consumer goods,Italy,100.6,"Index, 2021=100",100.9,19.576190476190476,20.858260869565218,-0.6689537169882939,0.0,46.58428571428571,56.56130434782609
2015-09-01,MIG - non-durable consumer goods,Italy,98.4,"Index, 2021=100",100.6,19.16,19.576190476190476,0.4134260838296521,0.0,47.62318181818182,46.58428571428571
2015-10-01,MIG - non-durable consumer goods,Italy,99.5,"Index, 2021=100",98.4,18.243636363636366,19.16,-0.17098247375992967,0.0,48.43,47.62318181818182
2015-11-01,MIG - non-durable consumer goods,Italy,103.2,"Index, 2021=100",99.5,17.202380952380953,18.243636363636366,-0.3748783969247207,0.0,44.26761904761905,48.43
2015-12-01,MIG - non-durable consumer goods,Italy,101.7,"Index, 2021=100",103.2,15.640869565217391,17.202380952380953,-0.7698627351357819,-1.9668139100704445,37.97130434782609,44.26761904761905
2016-01-01,MIG - non-durable consumer goods,Italy,102.5,"Index, 2021=100",101.7,13.904285714285715,15.640869565217391,-1.2929579520638326,0.0,30.98095238095238,37.97130434782609
2016-02-01,MIG - non-durable consumer goods,Italy,101.4,"Index, 2021=100",102.5,12.476666666666667,13.904285714285715,-0.22939651791615284,0.0,32.163333333333334,30.98095238095238
2016-03-01,MIG - non-durable consumer goods,Italy,98.0,"Index, 2021=100",101.4,12.267826086956523,12.476666666666667,0.9962287899781237,0.0,38.21565217391304,32.163333333333334
2016-04-01,MIG - non-durable consumer goods,Italy,101.4,"Index, 2021=100",98.0,11.979999999999999,12.267826086956523,-0.15187983491624749,0.0,41.583333333333336,38.21565217391304
2016-05-01,MIG - non-durable consumer goods,Italy,99.8,"Index, 2021=100",101.4,13.04090909090909,11.979999999999999,0.6792464128472383,0.0,46.84909090909091,41.583333333333336
2016-06-01,MIG - non-durable consumer goods,Italy,99.5,"Index, 2021=100",99.8,14.41590909090909,13.04090909090909,-0.1770446016289529,0.582575139176583,48.24727272727273,46.84909090909091
2016-07-01,MIG - non-durable consumer goods,Italy,101.5,"Index, 2021=100",99.5,14.241904761904761,14.41590909090909,-0.4528878840711025,0.0,44.951904761904764,48.24727272727273
2016-08-01,MIG - non-durable consumer goods,Italy,101.1,"Index, 2021=100",101.5,11.980869565217391,14.241904761904761,0.1189274105169856,0.0,45.843043478260874,44.951904761904764
2016-09-01,MIG - non-durable consumer goods,Italy,102.1,"Index, 2021=100",101.1,12.282272727272726,11.980869565217391,0.24870447283671346,1.4727297897900193,46.567727272727275,45.843043478260874
2016-10-01,MIG - non-durable consumer goods,Italy,101.5,"Index, 2021=100",102.1,16.093809523809526,12.282272727272726,0.41093056832079616,0.0,49.522380952380956,46.567727272727275
2016-11-01,MIG - non-durable consumer goods,Italy,101.8,"Index, 2021=100",101.5,17.90590909090909,16.093809523809526,-0.5793797051617606,7.91404059403762,44.73409090909091,49.522380952380956
2016-12-01,MIG - non-durable consumer goods,Italy,103.4,"Index, 2021=100",101.8,17.689545454545456,17.90590909090909,0.7086845393102761,2.0404579621780123,53.365,44.73409090909091
2017-01-01,MIG - non-durable consumer goods,Italy,98.6,"Index, 2021=100",103.4,20.12272727272727,17.689545454545456,0.08901653408704874,0.0,54.59409090909091,53.365
2017-02-01,MIG - non-durable consumer goods,Italy,98.8,"Index, 2021=100",98.6,19.553,20.12272727272727,-0.03179032404754296,0.0,54.8695,54.59409090909091
2017-03-01,MIG - non-durable consumer goods,Italy,103.4,"Index, 2021=100",98.8,15.799130434782608,19.553,-1.4425063041961181,0.0,51.589130434782604,54.8695
2017-04-01,MIG - non-durable consumer goods,Italy,103.5,"Index, 2021=100",103.4,16.058,15.799130434782608,0.21703780157455996,0.0,52.44500000000001,51.589130434782604
2017-05-01,MIG - non-durable consumer goods,Italy,102.5,"Index, 2021=100",103.5,15.669130434782607,16.058,-0.8328997339371286,-4.41644778310952,50.326521739130435,52.44500000000001
2017-06-01,MIG - non-durable consumer goods,Italy,105.3,"Index, 2021=100",102.5,15.134545454545453,15.669130434782607,-0.26420964099602673,0.0,46.36818181818182,50.326521739130435
2017-07-01,MIG - non-durable consumer goods,Italy,105.4,"Index, 2021=100",105.3,15.095714285714285,15.134545454545453,-0.1449934034705647,0.0,48.47857142857143,46.36818181818182
2017-08-01,MIG - non-durable consumer goods,Italy,105.0,"Index, 2021=100",105.4,15.99304347826087,15.095714285714285,-0.1520757414392232,0.0,51.70434782608696,48.47857142857143
2017-09-01,MIG - non-durable consumer goods,Italy,103.7,"Index, 2021=100",105.0,17.302857142857142,15.99304347826087,0.32443706724488564,0.0,56.152857142857144,51.70434782608696
2017-10-01,MIG - non-durable consumer goods,Italy,103.8,"Index, 2021=100",103.7,17.10363636363636,17.302857142857142,-0.3486109778555899,0.0,57.50772727272727,56.152857142857144
2017-11-01,MIG - non-durable consumer goods,Italy,103.5,"Index, 2021=100",103.8,19.57090909090909,17.10363636363636,0.12556813519738738,0.21630901693183507,62.71409090909091,57.50772727272727
2017-12-01,MIG - non-durable consumer goods,Italy,108.1,"Index, 2021=100",103.5,20.795238095238094,19.57090909090909,-0.1117328946322315,0.0,64.39619047619047,62.71409090909091
2018-01-01,MIG - non-durable consumer goods,Italy,108.6,"Index, 2021=100",108.1,18.6,20.795238095238094,0.7325011228803984,0.0,68.97521739130435,64.39619047619047
2018-02-01,MIG - non-durable consumer goods,Italy,103.5,"Index, 2021=100",108.6,21.679,18.6,-0.5046465050387093,0.0,65.3175,68.97521739130435
2018-03-01,MIG - non-durable consumer goods,Italy,106.5,"Index, 2021=100",103.5,23.622727272727275,21.679,-0.10225293145429594,0.0,66.1531818181818,65.3175
2018-04-01,MIG - non-durable consumer goods,Italy,105.1,"Index, 2021=100",106.5,19.645238095238096,23.622727272727275,0.47425564352743266,0.0,71.95904761904762,66.1531818181818
2018-05-01,MIG - non-durable consumer goods,Italy,105.6,"Index, 2021=100",105.1,21.566086956521737,19.645238095238096,0.5388658853656386,0.0,76.86217391304348,71.95904761904762
2018-06-01,MIG - non-durable consumer goods,Italy,105.7,"Index, 2021=100",105.6,21.92761904761905,21.566086956521737,-0.5831886971683538,-0.4130092757360921,74.4047619047619,76.86217391304348
2018-07-01,MIG - non-durable consumer goods,Italy,104.9,"Index, 2021=100",105.7,22.253636363636364,21.92761904761905,0.5294960350409211,0.0,74.2540909090909,74.4047619047619
2018-08-01,MIG - non-durable consumer goods,Italy,103.7,"Index, 2021=100",104.9,23.94347826086957,22.253636363636364,-0.20893271379353645,0.0,72.52826086956522,74.2540909090909
2018-09-01,MIG - non-durable consumer goods,Italy,105.0,"Index, 2021=100",103.7,27.837,23.94347826086957,0.6564596940208821,0.0,78.89099999999999,72.52826086956522
2018-10-01,MIG - non-durable consumer goods,Italy,105.7,"Index, 2021=100",105.0,25.539565217391303,27.837,0.12149689586130322,0.0,81.03217391304348,78.89099999999999
2018-11-01,MIG - non-durable consumer goods,Italy,105.1,"Index, 2021=100",105.7,24.633636363636366,25.539565217391303,-1.3685992177175907,0.0,64.74818181818182,81.03217391304348
2018-12-01,MIG - non-durable consumer goods,Italy,103.0,"Index, 2021=100",105.1,23.666190476190476,24.633636363636366,-0.2447966896801907,2.07348679679867,56.26285714285714,64.74818181818182
2019-01-01,MIG - non-durable consumer goods,Italy,106.4,"Index, 2021=100",103.0,21.39782608695652,23.666190476190476,0.35962477880472876,0.0,59.025217391304345,56.26285714285714
2019-02-01,MIG - non-durable consumer goods,Italy,108.0,"Index, 2021=100",106.4,18.0035,21.39782608695652,0.1517462342010795,0.0,63.9605,59.025217391304345
2019-03-01,MIG - non-durable consumer goods,Italy,105.7,"Index, 2021=100",108.0,15.697619047619046,18.0035,-0.17808513427363806,0.0,66.13857142857144,63.9605
2019-04-01,MIG - non-durable consumer goods,Italy,104.5,"Index, 2021=100",105.7,15.041818181818183,15.697619047619046,0.3628493694964929,0.0,71.20954545454545,66.13857142857144
2019-05-01,MIG - non-durable consumer goods,Italy,106.9,"Index, 2021=100",104.5,13.298695652173913,15.041818181818183,-0.7347359961140314,0.0,71.17260869565217,71.20954545454545
2019-06-01,MIG - non-durable consumer goods,Italy,105.0,"Index, 2021=100",106.9,10.5225,13.298695652173913,-0.33975076992957615,0.0,64.2205,71.17260869565217
2019-07-01,MIG - non-durable consumer goods,Italy,105.1,"Index, 2021=100",105.0,10.941304347826087,10.5225,0.3395291323618024,-4.251048097619388,63.9191304347826,64.2205
2019-08-01,MIG - non-durable consumer goods,Italy,103.5,"Index, 2021=100",105.1,10.029545454545454,10.941304347826087,-0.3748389650611249,0.0,59.041818181818186,63.9191304347826
2019-09-01,MIG - non-durable consumer goods,Italy,105.1,"Index, 2021=100",103.5,9.568095238095239,10.029545454545454,0.48197852185687173,0.0,62.826666666666675,59.041818181818186
2019-10-01,MIG - non-durable consumer goods,Italy,107.0,"Index, 2021=100",105.1,10.30913043478261,9.568095238095239,-0.3400181888327622,0.0,59.71304347826087,62.826666666666675
2019-11-01,MIG - non-durable consumer goods,Italy,105.8,"Index, 2021=100",107.0,14.763809523809524,10.30913043478261,0.4635132466348744,0.0,63.21190476190476,59.71304347826087
2019-12-01,MIG - non-durable consumer goods,Italy,103.3,"Index, 2021=100",105.8,13.031363636363636,14.763809523809524,0.4622502963974788,1.090508505035817,67.31,63.21190476190476
2020-01-01,MIG - non-durable consumer goods,Italy,105.6,"Index, 2021=100",103.3,11.144782608695651,13.031363636363636,1.4414572982744303,0.0,63.82478260869566,67.31
2020-02-01,MIG - non-durable consumer goods,Italy,102.4,"Index, 2021=100",105.6,9.3725,11.144782608695651,-0.8114535624060095,0.0,55.702,63.82478260869566
2020-03-01,MIG - non-durable consumer goods,Italy,80.8,"Index, 2021=100",102.4,8.622727272727273,9.3725,-1.9239758097171007,-8.007737426749562,31.993636363636366,55.702
2020-04-01,MIG - non-durable consumer goods,Italy,73.2,"Index, 2021=100",80.8,6.54,8.622727272727273,1.3138212739143362,3.0940649462160628,18.546818181818182,31.993636363636366
2020-05-01,MIG - non-durable consumer goods,Italy,88.5,"Index, 2021=100",73.2,4.575714285714286,6.54,0.7414620048035757,0.0,29.344285714285714,18.546818181818182
2020-06-01,MIG - non-durable consumer goods,Italy,92.7,"Index, 2021=100",88.5,4.991818181818181,4.575714285714286,-0.674179631293128,-3.149840310433884,40.26681818181818,29.344285714285714
2020-07-01,MIG - non-durable consumer goods,Italy,95.9,"Index, 2021=100",92.7,4.879565217391304,4.991818181818181,-0.07202838847948002,0.0,43.24217391304348,40.26681818181818
2020-08-01,MIG - non-durable consumer goods,Italy,100.1,"Index, 2021=100",95.9,7.533333333333333,4.879565217391304,-0.7379957308695794,0.0,44.75904761904762,43.24217391304348
2020-09-01,MIG - non-durable consumer goods,Italy,96.3,"Index, 2021=100",100.1,11.161818181818182,7.533333333333333,-0.5826109751692493,0.0,40.90954545454545,44.75904761904762
2020-10-01,MIG - non-durable consumer goods,Italy,98.3,"Index, 2021=100",96.3,13.955454545454545,11.161818181818182,-0.291036694449014,0.0,40.18954545454546,40.90954545454545
2020-11-01,MIG - non-durable consumer goods,Italy,92.0,"Index, 2021=100",98.3,13.794285714285715,13.955454545454545,-0.1676225177801478,0.0,42.69238095238095,40.18954545454546
2020-12-01,MIG - non-durable consumer goods,Italy,91.6,"Index, 2021=100",92.0,16.34565217391304,13.794285714285715,-0.06503074006202851,0.563137829641395,50.03217391304348,42.69238095238095
2021-01-01,MIG - non-durable consumer goods,Italy,96.4,"Index, 2021=100",91.6,20.476190476190474,16.34565217391304,-0.5778110950222807,3.899417998430563,54.60476190476191,50.03217391304348
2021-02-01,MIG - non-durable consumer goods,Italy,98.0,"Index, 2021=100",96.4,17.4085,20.476190476190474,0.26866362438390906,0.0,62.2765,54.60476190476191
2021-03-01,MIG - non-durable consumer goods,Italy,96.6,"Index, 2021=100",98.0,17.795217391304348,17.4085,0.3009824618650811,3.5419347237958796,65.41,62.2765
2021-04-01,MIG - non-durable consumer goods,Italy,96.6,"Index, 2021=100",96.6,20.775454545454547,17.795217391304348,0.5129892999970512,5.991632222929873,64.71954545454545,65.41
2021-05-01,MIG - non-durable consumer goods,Italy,97.1,"Index, 2021=100",96.6,25.285238095238096,20.775454545454547,0.8992703670969532,0.0,68.5352380952381,64.71954545454545
2021-06-01,MIG - non-durable consumer goods,Italy,100.1,"Index, 2021=100",97.1,29.238636363636363,25.285238095238096,0.36360474028399664,2.2925007532095663,73.1640909090909,68.5352380952381
2021-07-01,MIG - non-durable consumer goods,Italy,101.4,"Index, 2021=100",100.1,36.13954545454545,29.238636363636363,0.019142986170709916,-9.851298268875022,75.1659090909091,73.1640909090909
2021-08-01,MIG - non-durable consumer goods,Italy,97.6,"Index, 2021=100",101.4,44.30409090909091,36.13954545454545,-0.3147083142103972,0.0,70.81590909090909,75.1659090909091
2021-09-01,MIG - non-durable consumer goods,Italy,102.3,"Index, 2021=100",97.6,64.45363636363636,44.30409090909091,1.015760795186652,0.4390282348823775,74.48863636363636,70.81590909090909
2021-10-01,MIG - non-durable consumer goods,Italy,102.5,"Index, 2021=100",102.3,87.69238095238094,64.45363636363636,0.7705932795655408,2.361261487325598,83.53809523809524,74.48863636363636
2021-11-01,MIG - non-durable consumer goods,Italy,102.5,"Index, 2021=100",102.5,81.92136363636364,87.69238095238094,-0.5218341421272874,-1.0130750354233125,81.05,83.53809523809524
2021-12-01,MIG - non-durable consumer goods,Italy,101.5,"Index, 2021=100",102.5,112.80739130434783,81.92136363636364,-0.49656758152090014,1.7069751201240932,74.26347826086956,81.05
2022-01-01,MIG - non-durable consumer goods,Italy,96.6,"Index, 2021=100",101.5,84.06952380952382,112.80739130434783,0.8522287791057341,1.4985078326623733,86.50523809523808,74.26347826086956
2022-02-01,MIG - non-durable consumer goods,Italy,103.5,"Index, 2021=100",96.6,81.164,84.06952380952382,0.20967705216092372,0.6492342056890332,97.12899999999999,86.50523809523808
2022-03-01,MIG - non-durable consumer goods,Italy,105.9,"Index, 2021=100",103.5,129.18304347826088,81.164,1.1589724435645128,1.020230642989599,117.24521739130434,97.12899999999999
2022-04-01,MIG - non-durable consumer goods,Italy,107.4,"Index, 2021=100",105.9,101.06238095238095,129.18304347826088,-0.41804567878166843,0.0,105.17095238095239,117.24521739130434
2022-05-01,MIG - non-durable consumer goods,Italy,104.8,"Index, 2021=100",107.4,88.58863636363637,101.06238095238095,0.8079062673307621,0.4644825107300398,113.11136363636363,105.17095238095239
2022-06-01,MIG - non-durable consumer goods,Italy,101.8,"Index, 2021=100",104.8,106.29454545454546,88.58863636363637,0.2666071424046354,-2.121493222584776,122.68772727272727,113.11136363636363
2022-07-01,MIG - non-durable consumer goods,Italy,101.9,"Index, 2021=100",101.8,171.41666666666666,106.29454545454546,-1.5284523643533043,0.0,111.92571428571429,122.68772727272727
2022-08-01,MIG - non-durable consumer goods,Italy,102.9,"Index, 2021=100",101.9,235.68391304347824,171.41666666666666,-0.8625649365210946,-2.904996658248558,100.47608695652173,111.92571428571429
2022-09-01,MIG - non-durable consumer goods,Italy,105.3,"Index, 2021=100",102.9,190.24181818181816,235.68391304347824,-0.6092331240191604,0.5554531127177963,89.74954545454545,100.47608695652173
2022-10-01,MIG - non-durable consumer goods,Italy,100.7,"Index, 2021=100",105.3,72.15047619047618,190.24181818181816,0.8249900068007756,2.4641871317219377,93.33190476190477,89.74954545454545
2022-11-01,MIG - non-durable consumer goods,Italy,100.6,"Index, 2021=100",100.7,96.28181818181817,72.15047619047618,-0.31727729228827767,0.0,91.41545454545455,93.33190476190477
2022-12-01,MIG - non-durable consumer goods,Italy,101.4,"Index, 2021=100",100.6,113.99181818181819,96.28181818181817,-0.5175798710392452,-2.8790551863806995,81.06272727272727,91.41545454545455
2023-01-01,MIG - non-durable consumer goods,Italy,101.6,"Index, 2021=100",101.4,63.004090909090905,113.99181818181819,0.16272770514393026,0.0,82.51590909090909,81.06272727272727
2023-02-01,MIG - non-durable consumer goods,Italy,101.5,"Index, 2021=100",101.6,53.352999999999994,63.004090909090905,-0.3578309492217428,0.0,82.58500000000001,82.51590909090909
2023-03-01,MIG - non-durable consumer goods,Italy,100.1,"Index, 2021=100",101.5,44.18782608695652,53.352999999999994,-0.5444578687975978,0.0,78.43434782608696,82.58500000000001
2023-04-01,MIG - non-durable consumer goods,Italy,99.0,"Index, 2021=100",100.1,42.585,44.18782608695652,0.7779760977112515,0.0,84.8305,78.43434782608696
2023-05-01,MIG - non-durable consumer goods,Italy,100.0,"Index, 2021=100",99.0,31.335652173913044,42.585,-0.9911199872566404,0.0,75.77478260869565,84.8305
2023-06-01,MIG - non-durable consumer goods,Italy,99.6,"Index, 2021=100",100.0,32.39909090909091,31.335652173913044,0.10438583996063543,0.4626838105740375,74.83909090909091,75.77478260869565
2023-07-01,MIG - non-durable consumer goods,Italy,99.6,"Index, 2021=100",99.6,29.665714285714287,32.39909090909091,0.3105036346079896,0.0,80.10809523809523,74.83909090909091
2023-08-01,MIG - non-durable consumer goods,Italy,99.3,"Index, 2021=100",99.6,33.52304347826087,29.665714285714287,0.2634335721723802,0.0,86.11608695652174,80.10809523809523
2023-09-01,MIG - non-durable consumer goods,Italy,98.6,"Index, 2021=100",99.3,36.52761904761905,33.52304347826087,0.4709271233739839,0.0,93.72238095238096,86.11608695652174
2023-10-01,MIG - non-durable consumer goods,Italy,97.6,"Index, 2021=100",98.6,43.264545454545456,36.52761904761905,-0.16534366151930893,0.0,90.59590909090909,93.72238095238096
2023-11-01,MIG - non-durable consumer goods,Italy,95.3,"Index, 2021=100",97.6,43.269090909090906,43.264545454545456,-0.571544726123262,-2.4651491943871404,82.94,90.59590909090909
2023-12-01,MIG - non-durable consumer goods,Italy,99.9,"Index, 2021=100",95.3,35.318571428571424,43.269090909090906,0.011208893183722398,0.0,77.87857142857143,82.94
2004-01-01,MIG - energy (except section E),Italy,124.3,"Index, 2021=100",124.3,11.36,11.36,0.44154017195044576,0.0,31.236363636363638,29.77608695652174
2004-02-01,MIG - energy (except section E),Italy,129.5,"Index, 2021=100",124.3,10.7975,11.36,-0.08581088034809001,2.694076911628696,30.8585,31.236363636363638
2004-03-01,MIG - energy (except section E),Italy,123.7,"Index, 2021=100",129.5,10.900434782608697,10.7975,0.2813203494904621,-0.667869132781252,33.63434782608696,30.8585
2004-04-01,MIG - energy (except section E),Italy,124.3,"Index, 2021=100",123.7,10.974545454545455,10.900434782608697,-0.6033863591783445,0.0,33.59090909090909,33.63434782608696
2004-05-01,MIG - energy (except section E),Italy,125.4,"Index, 2021=100",124.3,11.221904761904762,10.974545454545455,0.5969780334499486,0.0,37.56761904761905,33.59090909090909
2004-06-01,MIG - energy (except section E),Italy,123.0,"Index, 2021=100",125.4,10.607727272727272,11.221904761904762,-0.0108376887124877,-0.8697021883599181,35.18363636363636,37.56761904761905
2004-07-01,MIG - energy (except section E),Italy,123.3,"Index, 2021=100",123.0,10.656818181818181,10.607727272727272,-0.18225670383212336,0.0,38.221363636363634,35.18363636363636
2004-08-01,MIG - energy (except section E),Italy,123.4,"Index, 2021=100",123.3,12.030909090909091,10.656818181818181,0.41307128781677527,0.0,42.74409090909091,38.221363636363634
2004-09-01,MIG - energy (except section E),Italy,126.5,"Index, 2021=100",123.4,12.784999999999998,12.030909090909091,0.020228290770040784,-1.6071356282661176,43.19681818181818,42.74409090909091
2004-10-01,MIG - energy (except section E),Italy,126.5,"Index, 2021=100",126.5,12.065238095238096,12.784999999999998,0.8379242805985881,0.0,49.776666666666664,43.19681818181818
2004-11-01,MIG - energy (except section E),Italy,126.0,"Index, 2021=100",126.5,12.959545454545456,12.065238095238096,-0.22862171681724705,0.0,43.110454545454544,49.776666666666664
2004-12-01,MIG - energy (except section E),Italy,126.7,"Index, 2021=100",126.0,14.537391304347826,12.959545454545456,-0.8713033012256369,-3.1596202022297115,39.60217391304348,43.110454545454544
2005-01-01,MIG - energy (except section E),Italy,124.4,"Index, 2021=100",126.7,14.123333333333331,14.537391304347826,0.2661415106984759,2.159954265104334,44.31238095238095,39.60217391304348
2005-02-01,MIG - energy (except section E),Italy,125.9,"Index, 2021=100",124.4,16.8315,14.123333333333331,0.33553585232891664,0.0,45.475,44.31238095238095
2005-03-01,MIG - energy (except section E),Italy,127.7,"Index, 2021=100",125.9,18.585217391304347,16.8315,0.5751930208570617,3.0421593263989704,53.071739130434786,45.475
2005-04-01,MIG - energy (except section E),Italy,131.4,"Index, 2021=100",127.7,14.80857142857143,18.585217391304347,-0.5666684540474421,0.0,51.88380952380952,53.071739130434786
2005-05-01,MIG - energy (except section E),Italy,132.4,"Index, 2021=100",131.4,14.289090909090909,14.80857142857143,-0.10846214234396483,0.0,48.64545454545455,51.88380952380952
2005-06-01,MIG - energy (except section E),Italy,131.6,"Index, 2021=100",132.4,14.356363636363636,14.289090909090909,0.503989891285571,0.3374585671050337,54.35454545454545,48.64545454545455
2005-07-01,MIG - energy (except section E),Italy,130.7,"Index, 2021=100",131.6,15.540952380952382,14.356363636363636,0.563468443674944,0.0,57.52,54.35454545454545
2005-08-01,MIG - energy (except section E),Italy,129.1,"Index, 2021=100",130.7,15.107826086956523,15.540952380952382,0.718752317958703,0.0,63.98347826086956,57.52
2005-09-01,MIG - energy (except section E),Italy,133.2,"Index, 2021=100",129.1,14.746363636363638,15.107826086956523,1.1148474280757803,-1.6643240899907965,62.908181818181816,63.98347826086956
2005-10-01,MIG - energy (except section E),Italy,131.6,"Index, 2021=100",133.2,15.534761904761906,14.746363636363638,-1.0533079897254418,0.0,58.53857142857142,62.908181818181816
2005-11-01,MIG - energy (except section E),Italy,131.9,"Index, 2021=100",131.6,19.15909090909091,15.534761904761906,-1.2341397270208476,0.0,55.24181818181818,58.53857142857142
2005-12-01,MIG - energy (except section E),Italy,134.3,"Index, 2021=100",131.9,22.903636363636362,19.15909090909091,-0.03924653272715153,2.9526028347999587,56.84136363636364,55.24181818181818
2006-01-01,MIG - energy (except section E),Italy,135.4,"Index, 2021=100",134.3,25.694999999999997,22.903636363636362,0.19348656521120655,-0.15180339953147387,62.77409090909091,56.84136363636364
2006-02-01,MIG - energy (except section E),Italy,132.7,"Index, 2021=100",135.4,22.324,25.694999999999997,-0.6518974343740799,0.0,60.21,62.77409090909091
2006-03-01,MIG - energy (except section E),Italy,134.1,"Index, 2021=100",132.7,26.028260869565216,22.324,-0.07863751143875931,-1.827456416166897,62.06478260869565,60.21
2006-04-01,MIG - energy (except section E),Italy,128.3,"Index, 2021=100",134.1,21.387999999999998,26.028260869565216,0.6237237514902355,0.0,70.173,62.06478260869565
2006-05-01,MIG - energy (except section E),Italy,124.8,"Index, 2021=100",128.3,19.692608695652176,21.387999999999998,-0.3540726086115883,0.0,69.77695652173912,70.173
2006-06-01,MIG - energy (except section E),Italy,129.9,"Index, 2021=100",124.8,19.58409090909091,19.692608695652176,-0.31545669169778073,-1.1833322763183536,68.5559090909091,69.77695652173912
2006-07-01,MIG - energy (except section E),Italy,132.1,"Index, 2021=100",129.9,19.847619047619048,19.58409090909091,0.28310573574819875,0.0,73.67428571428572,68.5559090909091
2006-08-01,MIG - energy (except section E),Italy,128.6,"Index, 2021=100",132.1,17.97826086956522,19.847619047619048,-0.1782674258490434,0.0,73.2304347826087,73.67428571428572
2006-09-01,MIG - energy (except section E),Italy,130.1,"Index, 2021=100",128.6,15.951428571428572,17.97826086956522,-1.0773599355773278,-1.1265879387430244,61.95857142857143,73.2304347826087
2006-10-01,MIG - energy (except section E),Italy,128.2,"Index, 2021=100",130.1,14.200454545454546,15.951428571428572,-0.713482353040865,-1.0147867419479089,57.808181818181815,61.95857142857143
2006-11-01,MIG - energy (except section E),Italy,129.2,"Index, 2021=100",128.2,19.87272727272727,14.200454545454546,-0.6336040683167151,0.0,58.76136363636363,57.808181818181815
2006-12-01,MIG - energy (except section E),Italy,127.5,"Index, 2021=100",129.2,16.45809523809524,19.87272727272727,0.06279864252157119,1.7594994847040366,62.41952380952381,58.76136363636363
2007-01-01,MIG - energy (except section E),Italy,125.1,"Index, 2021=100",127.5,13.603478260869565,16.45809523809524,-0.8815456486489374,0.0,53.748695652173915,62.41952380952381
2007-02-01,MIG - energy (except section E),Italy,124.4,"Index, 2021=100",125.1,9.310500000000001,13.603478260869565,0.5012149220613668,0.0,57.516999999999996,53.748695652173915
2007-03-01,MIG - energy (except section E),Italy,127.1,"Index, 2021=100",124.4,10.338636363636363,9.310500000000001,0.001407425353364094,-0.689195928658093,62.05045454545455,57.516999999999996
2007-04-01,MIG - energy (except section E),Italy,127.6,"Index, 2021=100",127.1,8.91904761904762,10.338636363636363,0.23160567911181562,0.0,67.64428571428572,62.05045454545455
2007-05-01,MIG - energy (except section E),Italy,133.7,"Index, 2021=100",127.6,11.71391304347826,8.91904761904762,-0.29762578435044224,0.0,67.36478260869566,67.64428571428572
2007-06-01,MIG - energy (except section E),Italy,130.1,"Index, 2021=100",133.7,10.586190476190476,11.71391304347826,0.16535936703141824,0.0,71.04571428571428,67.36478260869566
2007-07-01,MIG - energy (except section E),Italy,127.8,"Index, 2021=100",130.1,14.946363636363635,10.586190476190476,0.18880782596297765,0.0,76.80863636363637,71.04571428571428
2007-08-01,MIG - energy (except section E),Italy,127.4,"Index, 2021=100",127.8,14.281304347826088,14.946363636363635,-0.5681005018139146,0.0,70.76086956521739,76.80863636363637
2007-09-01,MIG - energy (except section E),Italy,126.4,"Index, 2021=100",127.4,17.057,14.281304347826088,1.0001793364551819,1.1859376565060231,76.929,70.76086956521739
2007-10-01,MIG - energy (except section E),Italy,128.6,"Index, 2021=100",126.4,20.13478260869565,17.057,0.10198579635873983,0.0,82.34,76.929
2007-11-01,MIG - energy (except section E),Italy,130.8,"Index, 2021=100",128.6,22.223636363636363,20.13478260869565,0.6128810878526092,0.0,92.53045454545455,82.34
2007-12-01,MIG - energy (except section E),Italy,129.4,"Index, 2021=100",130.8,23.133333333333333,22.223636363636363,-0.28925766272037334,-0.831933850195447,90.99,92.53045454545455
2008-01-01,MIG - energy (except section E),Italy,127.2,"Index, 2021=100",129.4,24.26347826086956,23.133333333333333,-0.13761859893639725,0.0,92.13391304347826,90.99
2008-02-01,MIG - energy (except section E),Italy,130.2,"Index, 2021=100",127.2,22.760952380952382,24.26347826086956,0.2608943406309443,-2.502179452682496,95.08047619047619,92.13391304347826
2008-03-01,MIG - energy (except section E),Italy,132.0,"Index, 2021=100",130.2,23.693333333333335,22.760952380952382,1.0041522754151373,4.248635030337986,103.45190476190476,95.08047619047619
2008-04-01,MIG - energy (except section E),Italy,132.5,"Index, 2021=100",132.0,25.75318181818182,23.693333333333335,0.06105421820469373,0.0,109.07136363636364,103.45190476190476
2008-05-01,MIG - energy (except section E),Italy,125.8,"Index, 2021=100",132.5,25.01409090909091,25.75318181818182,1.3761117623094206,0.0,123.11181818181818,109.07136363636364
2008-06-01,MIG - energy (except section E),Italy,128.3,"Index, 2021=100",125.8,26.552380952380954,25.01409090909091,1.1146900143738558,0.0,132.32238095238094,123.11181818181818
2008-07-01,MIG - energy (except section E),Italy,121.9,"Index, 2021=100",128.3,25.088260869565215,26.552380952380954,0.5718559213874487,0.0,133.20652173913044,132.32238095238094
2008-08-01,MIG - energy (except section E),Italy,127.2,"Index, 2021=100",121.9,24.035238095238096,25.088260869565215,-0.46951606860925593,0.0,113.24333333333334,133.20652173913044
2008-09-01,MIG - energy (except section E),Italy,127.5,"Index, 2021=100",127.2,30.28409090909091,24.035238095238096,0.2624296377427312,-0.7550683370320911,97.97363636363637,113.24333333333334
2008-10-01,MIG - energy (except section E),Italy,123.1,"Index, 2021=100",127.5,26.14260869565217,30.28409090909091,-2.8871890830034372,-5.276020721573241,71.58217391304348,97.97363636363637
2008-11-01,MIG - energy (except section E),Italy,119.8,"Index, 2021=100",123.1,23.5355,26.14260869565217,-1.0616536689944311,0.0,52.2995,71.58217391304348
2008-12-01,MIG - energy (except section E),Italy,117.7,"Index, 2021=100",119.8,21.674347826086954,23.5355,-0.2694383119813248,-2.158283290921576,39.70782608695652,52.2995
2009-01-01,MIG - energy (except section E),Italy,117.1,"Index, 2021=100",117.7,23.224999999999998,21.674347826086954,1.9606284214617051,0.0,43.09227272727273,39.70782608695652
2009-02-01,MIG - energy (except section E),Italy,113.1,"Index, 2021=100",117.1,17.725,23.224999999999998,0.07516411002784573,0.0,43.326499999999996,43.09227272727273
2009-03-01,MIG - energy (except section E),Italy,112.3,"Index, 2021=100",113.1,12.2,17.725,1.147539934894266,1.9198599485884802,46.540454545454544,43.326499999999996
2009-04-01,MIG - energy (except section E),Italy,113.4,"Index, 2021=100",112.3,11.327272727272726,12.2,-0.6897706760210826,0.0,50.279545454545456,46.540454545454544
2009-05-01,MIG - energy (except section E),Italy,115.7,"Index, 2021=100",113.4,11.00952380952381,11.327272727272726,0.9371855413099275,2.9437593321208158,57.36904761904762,50.279545454545456
2009-06-01,MIG - energy (except section E),Italy,112.0,"Index, 2021=100",115.7,10.796818181818182,11.00952380952381,1.0697891624848404,0.0,68.60954545454545,57.36904761904762
2009-07-01,MIG - energy (except section E),Italy,112.9,"Index, 2021=100",112.0,9.393478260869566,10.796818181818182,-0.8584497443655938,0.0,64.49217391304347,68.60954545454545
2009-08-01,MIG - energy (except section E),Italy,117.0,"Index, 2021=100",112.9,8.778571428571428,9.393478260869566,1.168814769853965,0.0,72.50857142857143,64.49217391304347
2009-09-01,MIG - energy (except section E),Italy,114.0,"Index, 2021=100",117.0,9.418181818181818,8.778571428571428,0.12040182675501683,0.7555170574307397,67.56409090909091,72.50857142857143
2009-10-01,MIG - energy (except section E),Italy,118.4,"Index, 2021=100",114.0,10.340909090909092,9.418181818181818,0.8389514187941388,0.0,72.76954545454545,67.56409090909091
2009-11-01,MIG - energy (except section E),Italy,115.3,"Index, 2021=100",118.4,9.738095238095237,10.340909090909092,-0.14885123884919385,0.0,76.65761904761905,72.76954545454545
2009-12-01,MIG - energy (except section E),Italy,113.4,"Index, 2021=100",115.3,11.4,9.738095238095237,-0.8450010635890879,1.281714088367376,74.48652173913044,76.65761904761905
2010-01-01,MIG - energy (except section E),Italy,119.0,"Index, 2021=100",113.4,14.44047619047619,11.4,-0.48138524271346517,0.0,76.28285714285714,74.48652173913044
2010-02-01,MIG - energy (except section E),Italy,119.6,"Index, 2021=100",119.0,13.715,14.44047619047619,-0.21414063782099357,0.0,73.639,76.28285714285714
2010-03-01,MIG - energy (except section E),Italy,118.3,"Index, 2021=100",119.6,11.954782608695652,13.715,-0.5233596426999279,1.5544096531485574,78.82739130434783,73.639
2010-04-01,MIG - energy (except section E),Italy,117.1,"Index, 2021=100",118.3,13.493181818181819,11.954782608695652,-0.18357082280701043,0.0,84.71818181818182,78.82739130434783
2010-05-01,MIG - energy (except section E),Italy,116.2,"Index, 2021=100",117.1,16.781904761904762,13.493181818181819,-1.323271263136311,0.0,75.8052380952381,84.71818181818182
2010-06-01,MIG - energy (except section E),Italy,115.5,"Index, 2021=100",116.2,19.222727272727273,16.781904761904762,0.525869862586917,0.0,74.7609090909091,75.8052380952381
2010-07-01,MIG - energy (except section E),Italy,118.3,"Index, 2021=100",115.5,19.469545454545454,19.222727272727273,0.04754485195679738,0.0,75.40590909090909,74.7609090909091
2010-08-01,MIG - energy (except section E),Italy,111.2,"Index, 2021=100",118.3,18.13090909090909,19.469545454545454,-0.07161403937119563,0.0,77.03954545454545,75.40590909090909
2010-09-01,MIG - energy (except section E),Italy,112.3,"Index, 2021=100",111.2,18.943181818181817,18.13090909090909,-0.1487126906627298,0.0,77.71272727272728,77.03954545454545
2010-10-01,MIG - energy (except section E),Italy,118.7,"Index, 2021=100",112.3,18.497619047619047,18.943181818181817,0.7103428057964077,-0.4584134038079942,82.6647619047619,77.71272727272728
2010-11-01,MIG - energy (except section E),Italy,117.9,"Index, 2021=100",118.7,19.477272727272727,18.497619047619047,0.09961570270309454,0.0,85.24090909090908,82.6647619047619
2010-12-01,MIG - energy (except section E),Italy,122.3,"Index, 2021=100",117.9,24.09478260869565,19.477272727272727,-0.1169385540431611,1.0894693635716877,91.54173913043478,85.24090909090908
2011-01-01,MIG - energy (except section E),Italy,116.8,"Index, 2021=100",122.3,22.343809523809526,24.09478260869565,-0.13316626923827257,0.0,96.58714285714285,91.54173913043478
2011-02-01,MIG - energy (except section E),Italy,116.4,"Index, 2021=100",116.8,21.761,22.343809523809526,0.1062714600527813,0.0,103.6405,96.58714285714285
2011-03-01,MIG - energy (except section E),Italy,118.7,"Index, 2021=100",116.4,23.722608695652173,21.761,1.0735774048683804,0.0,114.64347826086957,103.6405
2011-04-01,MIG - energy (except section E),Italy,113.9,"Index, 2021=100",118.7,22.854761904761904,23.722608695652173,0.9191065185128502,0.0,123.45380952380954,114.64347826086957
2011-05-01,MIG - energy (except section E),Italy,115.7,"Index, 2021=100",113.9,22.989545454545453,22.854761904761904,-0.754449697870264,0.0,114.98272727272727,123.45380952380954
2011-06-01,MIG - energy (except section E),Italy,114.7,"Index, 2021=100",115.7,22.613636363636363,22.989545454545453,-0.5053044665651589,1.5367288900477356,113.83318181818181,114.98272727272727
2011-07-01,MIG - energy (except section E),Italy,113.6,"Index, 2021=100",114.7,21.51142857142857,22.613636363636363,-0.18652846565540906,0.0,116.63285714285715,113.83318181818181
2011-08-01,MIG - energy (except section E),Italy,114.8,"Index, 2021=100",113.6,21.93565217391304,21.51142857142857,-1.0228125161863917,0.0,110.3095652173913,116.63285714285715
2011-09-01,MIG - energy (except section E),Italy,119.5,"Index, 2021=100",114.8,23.39363636363636,21.93565217391304,0.43959634290727284,0.0,112.9740909090909,110.3095652173913
2011-10-01,MIG - energy (except section E),Italy,112.7,"Index, 2021=100",119.5,22.554761904761904,23.39363636363636,-0.15278013183668757,0.0,109.55000000000001,112.9740909090909
2011-11-01,MIG - energy (except section E),Italy,113.9,"Index, 2021=100",112.7,23.736363636363638,22.554761904761904,0.8939539270283243,0.0,110.58909090909091,109.55000000000001
2011-12-01,MIG - energy (except section E),Italy,110.4,"Index, 2021=100",113.9,22.296818181818182,23.736363636363638,-0.356458994127559,-4.916568331324604,107.99863636363635,110.58909090909091
2012-01-01,MIG - energy (except section E),Italy,111.6,"Index, 2021=100",110.4,21.865454545454543,22.296818181818182,0.20632540358179952,0.0,110.53136363636364,107.99863636363635
2012-02-01,MIG - energy (except section E),Italy,128.1,"Index, 2021=100",111.6,25.41142857142857,21.865454545454543,-0.029054799009691847,0.0,119.39190476190477,110.53136363636364
2012-03-01,MIG - energy (except section E),Italy,108.0,"Index, 2021=100",128.1,23.80727272727273,25.41142857142857,0.784751689386223,0.0,125.44545454545455,119.39190476190477
2012-04-01,MIG - energy (except section E),Italy,111.0,"Index, 2021=100",108.0,24.78952380952381,23.80727272727273,0.24063874434988755,0.0,120.05666666666667,125.44545454545455
2012-05-01,MIG - energy (except section E),Italy,111.8,"Index, 2021=100",111.0,24.196521739130436,24.78952380952381,-0.3856336478636065,0.0,110.2891304347826,120.05666666666667
2012-06-01,MIG - energy (except section E),Italy,113.2,"Index, 2021=100",111.8,23.673333333333332,24.196521739130436,-0.36812562156261563,1.490841835031829,95.15571428571428,110.2891304347826
2012-07-01,MIG - energy (except section E),Italy,115.3,"Index, 2021=100",113.2,24.332727272727276,23.673333333333332,0.6703576310954897,0.0,102.49454545454546,95.15571428571428
2012-08-01,MIG - energy (except section E),Italy,116.1,"Index, 2021=100",115.3,24.05652173913043,24.332727272727276,0.889111873743037,0.0,113.35608695652174,102.49454545454546
2012-09-01,MIG - energy (except section E),Italy,109.5,"Index, 2021=100",116.1,25.825499999999998,24.05652173913043,0.366716761812549,0.0,112.917,113.35608695652174
2012-10-01,MIG - energy (except section E),Italy,107.1,"Index, 2021=100",109.5,26.702173913043477,25.825499999999998,-0.2515652750980356,0.0,111.7108695652174,112.917
2012-11-01,MIG - energy (except section E),Italy,105.0,"Index, 2021=100",107.1,27.24909090909091,26.702173913043477,-0.07773850880404555,0.0,109.13818181818182,111.7108695652174
2012-12-01,MIG - energy (except section E),Italy,108.4,"Index, 2021=100",105.0,27.22333333333333,27.24909090909091,-0.28562219812972955,0.9944110031743462,109.44380952380953,109.13818181818182
2013-01-01,MIG - energy (except section E),Italy,106.0,"Index, 2021=100",108.4,26.51782608695652,27.22333333333333,0.31250565033261724,0.0,112.81173913043479,109.44380952380953
2013-02-01,MIG - energy (except section E),Italy,109.3,"Index, 2021=100",106.0,26.3165,26.51782608695652,0.16430715373994836,0.0,116.11800000000001,112.81173913043479
2013-03-01,MIG - energy (except section E),Italy,110.8,"Index, 2021=100",109.3,32.31666666666666,26.3165,-0.383542027094866,0.0,108.47333333333333,116.11800000000001
2013-04-01,MIG - energy (except section E),Italy,108.1,"Index, 2021=100",110.8,28.575,32.31666666666666,-0.25921885392347294,0.0,102.24818181818182,108.47333333333333
2013-05-01,MIG - energy (except section E),Italy,105.6,"Index, 2021=100",108.1,26.73304347826087,28.575,0.16248527258302423,-1.3607161850187028,102.50130434782609,102.24818181818182
2013-06-01,MIG - energy (except section E),Italy,104.9,"Index, 2021=100",105.6,26.23,26.73304347826087,0.1894274611148,0.0,102.9195,102.50130434782609
2013-07-01,MIG - energy (except section E),Italy,105.2,"Index, 2021=100",104.9,26.070434782608697,26.23,0.6182980381651376,0.0,107.85434782608696,102.9195
2013-08-01,MIG - energy (except section E),Italy,104.3,"Index, 2021=100",105.2,25.55181818181818,26.070434782608697,-0.07052223294410298,0.0,111.28045454545455,107.85434782608696
2013-09-01,MIG - energy (except section E),Italy,103.9,"Index, 2021=100",104.3,26.478571428571428,25.55181818181818,0.06362224893820845,0.0,111.8047619047619,111.28045454545455
2013-10-01,MIG - energy (except section E),Italy,103.1,"Index, 2021=100",103.9,25.868695652173916,26.478571428571428,0.13725652508100525,0.0,109.07652173913044,111.8047619047619
2013-11-01,MIG - energy (except section E),Italy,104.7,"Index, 2021=100",103.1,27.18047619047619,25.868695652173916,-0.11144201084991862,0.0,107.96,109.07652173913044
2013-12-01,MIG - energy (except section E),Italy,104.7,"Index, 2021=100",104.7,27.702727272727273,27.18047619047619,0.6426503974155726,1.006536826380158,110.79363636363637,107.96
2014-01-01,MIG - energy (except section E),Italy,100.6,"Index, 2021=100",104.7,26.253913043478263,27.702727272727273,-0.19812368810882713,0.0,108.19739130434782,110.79363636363637
2014-02-01,MIG - energy (except section E),Italy,99.7,"Index, 2021=100",100.6,23.849,26.253913043478263,-0.044531303873754494,0.0,108.88700000000001,108.19739130434782
2014-03-01,MIG - energy (except section E),Italy,98.9,"Index, 2021=100",99.7,22.767142857142858,23.849,0.0514680128382354,0.0,107.48095238095237,108.88700000000001
2014-04-01,MIG - energy (except section E),Italy,102.6,"Index, 2021=100",98.9,20.423181818181817,22.767142857142858,-0.018508882722691297,0.0,107.84772727272728,107.48095238095237
2014-05-01,MIG - energy (except section E),Italy,103.7,"Index, 2021=100",102.6,19.08818181818182,20.423181818181817,0.10496074182617701,0.0,109.53909090909092,107.84772727272728
2014-06-01,MIG - energy (except section E),Italy,103.7,"Index, 2021=100",103.7,17.39190476190476,19.08818181818182,0.3545000070992207,0.42851134062250246,111.79523809523809,109.53909090909092
2014-07-01,MIG - energy (except section E),Italy,100.2,"Index, 2021=100",103.7,16.50565217391304,17.39190476190476,-0.4381447112306579,0.0,106.86434782608696,111.79523809523809
2014-08-01,MIG - energy (except section E),Italy,101.0,"Index, 2021=100",100.2,17.497142857142858,16.50565217391304,0.08722188445673984,0.0,101.60809523809523,106.86434782608696
2014-09-01,MIG - energy (except section E),Italy,100.0,"Index, 2021=100",101.0,20.74863636363636,17.497142857142858,-0.16107172026645272,0.0,97.27454545454545,101.60809523809523
2014-10-01,MIG - energy (except section E),Italy,99.1,"Index, 2021=100",100.0,21.268260869565218,20.74863636363636,-0.2764119863445895,0.0,87.42521739130434,97.27454545454545
2014-11-01,MIG - energy (except section E),Italy,97.5,"Index, 2021=100",99.1,22.978,21.268260869565218,-0.9869169148213338,-9.796069628596289,79.3355,87.42521739130434
2014-12-01,MIG - energy (except section E),Italy,98.6,"Index, 2021=100",97.5,22.520869565217392,22.978,-1.2412203634377712,0.0,62.17565217391304,79.3355
2015-01-01,MIG - energy (except section E),Italy,97.5,"Index, 2021=100",98.6,19.755,22.520869565217392,-1.689378075003543,0.0,48.08363636363636,62.17565217391304
2015-02-01,MIG - energy (except section E),Italy,102.9,"Index, 2021=100",97.5,22.566,19.755,1.030226324080852,0.0,58.0955,48.08363636363636
2015-03-01,MIG - energy (except section E),Italy,104.0,"Index, 2021=100",102.9,21.856818181818184,22.566,-0.2471285840319799,0.0,55.88545454545454,58.0955
2015-04-01,MIG - energy (except section E),Italy,102.8,"Index, 2021=100",104.0,22.078181818181818,21.856818181818184,0.7630852782137214,0.0,59.35181818181818,55.88545454545454
2015-05-01,MIG - energy (except section E),Italy,106.2,"Index, 2021=100",102.8,20.548571428571428,22.078181818181818,0.9306750388082086,0.0,64.1047619047619,59.35181818181818
2015-06-01,MIG - energy (except section E),Italy,103.1,"Index, 2021=100",106.2,20.520454545454545,20.548571428571428,-0.3949488388902102,2.4056171564772404,61.47772727272727,64.1047619047619
2015-07-01,MIG - energy (except section E),Italy,110.7,"Index, 2021=100",103.1,20.858260869565218,20.520454545454545,-0.8969936335129175,0.0,56.56130434782609,61.47772727272727
2015-08-01,MIG - energy (except section E),Italy,103.7,"Index, 2021=100",110.7,19.576190476190476,20.858260869565218,-0.6689537169882939,0.0,46.58428571428571,56.56130434782609
2015-09-01,MIG - energy (except section E),Italy,102.3,"Index, 2021=100",103.7,19.16,19.576190476190476,0.4134260838296521,0.0,47.62318181818182,46.58428571428571
2015-10-01,MIG - energy (except section E),Italy,101.2,"Index, 2021=100",102.3,18.243636363636366,19.16,-0.17098247375992967,0.0,48.43,47.62318181818182
2015-11-01,MIG - energy (except section E),Italy,98.7,"Index, 2021=100",101.2,17.202380952380953,18.243636363636366,-0.3748783969247207,0.0,44.26761904761905,48.43
2015-12-01,MIG - energy (except section E),Italy,98.3,"Index, 2021=100",98.7,15.640869565217391,17.202380952380953,-0.7698627351357819,-1.9668139100704445,37.97130434782609,44.26761904761905
2016-01-01,MIG - energy (except section E),Italy,99.1,"Index, 2021=100",98.3,13.904285714285715,15.640869565217391,-1.2929579520638326,0.0,30.98095238095238,37.97130434782609
2016-02-01,MIG - energy (except section E),Italy,100.3,"Index, 2021=100",99.1,12.476666666666667,13.904285714285715,-0.22939651791615284,0.0,32.163333333333334,30.98095238095238
2016-03-01,MIG - energy (except section E),Italy,101.3,"Index, 2021=100",100.3,12.267826086956523,12.476666666666667,0.9962287899781237,0.0,38.21565217391304,32.163333333333334
2016-04-01,MIG - energy (except section E),Italy,98.7,"Index, 2021=100",101.3,11.979999999999999,12.267826086956523,-0.15187983491624749,0.0,41.583333333333336,38.21565217391304
2016-05-01,MIG - energy (except section E),Italy,100.1,"Index, 2021=100",98.7,13.04090909090909,11.979999999999999,0.6792464128472383,0.0,46.84909090909091,41.583333333333336
2016-06-01,MIG - energy (except section E),Italy,97.2,"Index, 2021=100",100.1,14.41590909090909,13.04090909090909,-0.1770446016289529,0.582575139176583,48.24727272727273,46.84909090909091
2016-07-01,MIG - energy (except section E),Italy,99.5,"Index, 2021=100",97.2,14.241904761904761,14.41590909090909,-0.4528878840711025,0.0,44.951904761904764,48.24727272727273
2016-08-01,MIG - energy (except section E),Italy,98.7,"Index, 2021=100",99.5,11.980869565217391,14.241904761904761,0.1189274105169856,0.0,45.843043478260874,44.951904761904764
2016-09-01,MIG - energy (except section E),Italy,104.5,"Index, 2021=100",98.7,12.282272727272726,11.980869565217391,0.24870447283671346,1.4727297897900193,46.567727272727275,45.843043478260874
2016-10-01,MIG - energy (except section E),Italy,107.8,"Index, 2021=100",104.5,16.093809523809526,12.282272727272726,0.41093056832079616,0.0,49.522380952380956,46.567727272727275
2016-11-01,MIG - energy (except section E),Italy,108.7,"Index, 2021=100",107.8,17.90590909090909,16.093809523809526,-0.5793797051617606,7.91404059403762,44.73409090909091,49.522380952380956
2016-12-01,MIG - energy (except section E),Italy,109.9,"Index, 2021=100",108.7,17.689545454545456,17.90590909090909,0.7086845393102761,2.0404579621780123,53.365,44.73409090909091
2017-01-01,MIG - energy (except section E),Italy,111.7,"Index, 2021=100",109.9,20.12272727272727,17.689545454545456,0.08901653408704874,0.0,54.59409090909091,53.365
2017-02-01,MIG - energy (except section E),Italy,104.3,"Index, 2021=100",111.7,19.553,20.12272727272727,-0.03179032404754296,0.0,54.8695,54.59409090909091
2017-03-01,MIG - energy (except section E),Italy,98.8,"Index, 2021=100",104.3,15.799130434782608,19.553,-1.4425063041961181,0.0,51.589130434782604,54.8695
2017-04-01,MIG - energy (except section E),Italy,102.0,"Index, 2021=100",98.8,16.058,15.799130434782608,0.21703780157455996,0.0,52.44500000000001,51.589130434782604
2017-05-01,MIG - energy (except section E),Italy,101.8,"Index, 2021=100",102.0,15.669130434782607,16.058,-0.8328997339371286,-4.41644778310952,50.326521739130435,52.44500000000001
2017-06-01,MIG - energy (except section E),Italy,106.3,"Index, 2021=100",101.8,15.134545454545453,15.669130434782607,-0.26420964099602673,0.0,46.36818181818182,50.326521739130435
2017-07-01,MIG - energy (except section E),Italy,102.8,"Index, 2021=100",106.3,15.095714285714285,15.134545454545453,-0.1449934034705647,0.0,48.47857142857143,46.36818181818182
2017-08-01,MIG - energy (except section E),Italy,106.4,"Index, 2021=100",102.8,15.99304347826087,15.095714285714285,-0.1520757414392232,0.0,51.70434782608696,48.47857142857143
2017-09-01,MIG - energy (except section E),Italy,100.1,"Index, 2021=100",106.4,17.302857142857142,15.99304347826087,0.32443706724488564,0.0,56.152857142857144,51.70434782608696
2017-10-01,MIG - energy (except section E),Italy,103.3,"Index, 2021=100",100.1,17.10363636363636,17.302857142857142,-0.3486109778555899,0.0,57.50772727272727,56.152857142857144
2017-11-01,MIG - energy (except section E),Italy,108.0,"Index, 2021=100",103.3,19.57090909090909,17.10363636363636,0.12556813519738738,0.21630901693183507,62.71409090909091,57.50772727272727
2017-12-01,MIG - energy (except section E),Italy,106.7,"Index, 2021=100",108.0,20.795238095238094,19.57090909090909,-0.1117328946322315,0.0,64.39619047619047,62.71409090909091
2018-01-01,MIG - energy (except section E),Italy,94.2,"Index, 2021=100",106.7,18.6,20.795238095238094,0.7325011228803984,0.0,68.97521739130435,64.39619047619047
2018-02-01,MIG - energy (except section E),Italy,106.3,"Index, 2021=100",94.2,21.679,18.6,-0.5046465050387093,0.0,65.3175,68.97521739130435
2018-03-01,MIG - energy (except section E),Italy,107.6,"Index, 2021=100",106.3,23.622727272727275,21.679,-0.10225293145429594,0.0,66.1531818181818,65.3175
2018-04-01,MIG - energy (except section E),Italy,100.7,"Index, 2021=100",107.6,19.645238095238096,23.622727272727275,0.47425564352743266,0.0,71.95904761904762,66.1531818181818
2018-05-01,MIG - energy (except section E),Italy,104.8,"Index, 2021=100",100.7,21.566086956521737,19.645238095238096,0.5388658853656386,0.0,76.86217391304348,71.95904761904762
2018-06-01,MIG - energy (except section E),Italy,102.2,"Index, 2021=100",104.8,21.92761904761905,21.566086956521737,-0.5831886971683538,-0.4130092757360921,74.4047619047619,76.86217391304348
2018-07-01,MIG - energy (except section E),Italy,101.0,"Index, 2021=100",102.2,22.253636363636364,21.92761904761905,0.5294960350409211,0.0,74.2540909090909,74.4047619047619
2018-08-01,MIG - energy (except section E),Italy,103.4,"Index, 2021=100",101.0,23.94347826086957,22.253636363636364,-0.20893271379353645,0.0,72.52826086956522,74.2540909090909
2018-09-01,MIG - energy (except section E),Italy,104.4,"Index, 2021=100",103.4,27.837,23.94347826086957,0.6564596940208821,0.0,78.89099999999999,72.52826086956522
2018-10-01,MIG - energy (except section E),Italy,101.7,"Index, 2021=100",104.4,25.539565217391303,27.837,0.12149689586130322,0.0,81.03217391304348,78.89099999999999
2018-11-01,MIG - energy (except section E),Italy,104.1,"Index, 2021=100",101.7,24.633636363636366,25.539565217391303,-1.3685992177175907,0.0,64.74818181818182,81.03217391304348
2018-12-01,MIG - energy (except section E),Italy,102.4,"Index, 2021=100",104.1,23.666190476190476,24.633636363636366,-0.2447966896801907,2.07348679679867,56.26285714285714,64.74818181818182
2019-01-01,MIG - energy (except section E),Italy,105.5,"Index, 2021=100",102.4,21.39782608695652,23.666190476190476,0.35962477880472876,0.0,59.025217391304345,56.26285714285714
2019-02-01,MIG - energy (except section E),Italy,102.2,"Index, 2021=100",105.5,18.0035,21.39782608695652,0.1517462342010795,0.0,63.9605,59.025217391304345
2019-03-01,MIG - energy (except section E),Italy,101.1,"Index, 2021=100",102.2,15.697619047619046,18.0035,-0.17808513427363806,0.0,66.13857142857144,63.9605
2019-04-01,MIG - energy (except section E),Italy,103.4,"Index, 2021=100",101.1,15.041818181818183,15.697619047619046,0.3628493694964929,0.0,71.20954545454545,66.13857142857144
2019-05-01,MIG - energy (except section E),Italy,104.9,"Index, 2021=100",103.4,13.298695652173913,15.041818181818183,-0.7347359961140314,0.0,71.17260869565217,71.20954545454545
2019-06-01,MIG - energy (except section E),Italy,105.5,"Index, 2021=100",104.9,10.5225,13.298695652173913,-0.33975076992957615,0.0,64.2205,71.17260869565217
2019-07-01,MIG - energy (except section E),Italy,106.3,"Index, 2021=100",105.5,10.941304347826087,10.5225,0.3395291323618024,-4.251048097619388,63.9191304347826,64.2205
2019-08-01,MIG - energy (except section E),Italy,104.7,"Index, 2021=100",106.3,10.029545454545454,10.941304347826087,-0.3748389650611249,0.0,59.041818181818186,63.9191304347826
2019-09-01,MIG - energy (except section E),Italy,103.5,"Index, 2021=100",104.7,9.568095238095239,10.029545454545454,0.48197852185687173,0.0,62.826666666666675,59.041818181818186
2019-10-01,MIG - energy (except section E),Italy,101.8,"Index, 2021=100",103.5,10.30913043478261,9.568095238095239,-0.3400181888327622,0.0,59.71304347826087,62.826666666666675
2019-11-01,MIG - energy (except section E),Italy,100.6,"Index, 2021=100",101.8,14.763809523809524,10.30913043478261,0.4635132466348744,0.0,63.21190476190476,59.71304347826087
2019-12-01,MIG - energy (except section E),Italy,96.6,"Index, 2021=100",100.6,13.031363636363636,14.763809523809524,0.4622502963974788,1.090508505035817,67.31,63.21190476190476
2020-01-01,MIG - energy (except section E),Italy,98.9,"Index, 2021=100",96.6,11.144782608695651,13.031363636363636,1.4414572982744303,0.0,63.82478260869566,67.31
2020-02-01,MIG - energy (except section E),Italy,101.9,"Index, 2021=100",98.9,9.3725,11.144782608695651,-0.8114535624060095,0.0,55.702,63.82478260869566
2020-03-01,MIG - energy (except section E),Italy,90.3,"Index, 2021=100",101.9,8.622727272727273,9.3725,-1.9239758097171007,-8.007737426749562,31.993636363636366,55.702
2020-04-01,MIG - energy (except section E),Italy,88.2,"Index, 2021=100",90.3,6.54,8.622727272727273,1.3138212739143362,3.0940649462160628,18.546818181818182,31.993636363636366
2020-05-01,MIG - energy (except section E),Italy,98.4,"Index, 2021=100",88.2,4.575714285714286,6.54,0.7414620048035757,0.0,29.344285714285714,18.546818181818182
2020-06-01,MIG - energy (except section E),Italy,98.8,"Index, 2021=100",98.4,4.991818181818181,4.575714285714286,-0.674179631293128,-3.149840310433884,40.26681818181818,29.344285714285714
2020-07-01,MIG - energy (except section E),Italy,99.0,"Index, 2021=100",98.8,4.879565217391304,4.991818181818181,-0.07202838847948002,0.0,43.24217391304348,40.26681818181818
2020-08-01,MIG - energy (except section E),Italy,103.7,"Index, 2021=100",99.0,7.533333333333333,4.879565217391304,-0.7379957308695794,0.0,44.75904761904762,43.24217391304348
2020-09-01,MIG - energy (except section E),Italy,103.1,"Index, 2021=100",103.7,11.161818181818182,7.533333333333333,-0.5826109751692493,0.0,40.90954545454545,44.75904761904762
2020-10-01,MIG - energy (except section E),Italy,99.2,"Index, 2021=100",103.1,13.955454545454545,11.161818181818182,-0.291036694449014,0.0,40.18954545454546,40.90954545454545
2020-11-01,MIG - energy (except section E),Italy,95.2,"Index, 2021=100",99.2,13.794285714285715,13.955454545454545,-0.1676225177801478,0.0,42.69238095238095,40.18954545454546
2020-12-01,MIG - energy (except section E),Italy,97.4,"Index, 2021=100",95.2,16.34565217391304,13.794285714285715,-0.06503074006202851,0.563137829641395,50.03217391304348,42.69238095238095
2021-01-01,MIG - energy (except section E),Italy,98.3,"Index, 2021=100",97.4,20.476190476190474,16.34565217391304,-0.5778110950222807,3.899417998430563,54.60476190476191,50.03217391304348
2021-02-01,MIG - energy (except section E),Italy,95.6,"Index, 2021=100",98.3,17.4085,20.476190476190474,0.26866362438390906,0.0,62.2765,54.60476190476191
2021-03-01,MIG - energy (except section E),Italy,98.6,"Index, 2021=100",95.6,17.795217391304348,17.4085,0.3009824618650811,3.5419347237958796,65.41,62.2765
2021-04-01,MIG - energy (except section E),Italy,99.9,"Index, 2021=100",98.6,20.775454545454547,17.795217391304348,0.5129892999970512,5.991632222929873,64.71954545454545,65.41
2021-05-01,MIG - energy (except section E),Italy,97.0,"Index, 2021=100",99.9,25.285238095238096,20.775454545454547,0.8992703670969532,0.0,68.5352380952381,64.71954545454545
2021-06-01,MIG - energy (except section E),Italy,100.5,"Index, 2021=100",97.0,29.238636363636363,25.285238095238096,0.36360474028399664,2.2925007532095663,73.1640909090909,68.5352380952381
2021-07-01,MIG - energy (except section E),Italy,98.5,"Index, 2021=100",100.5,36.13954545454545,29.238636363636363,0.019142986170709916,-9.851298268875022,75.1659090909091,73.1640909090909
2021-08-01,MIG - energy (except section E),Italy,97.0,"Index, 2021=100",98.5,44.30409090909091,36.13954545454545,-0.3147083142103972,0.0,70.81590909090909,75.1659090909091
2021-09-01,MIG - energy (except section E),Italy,99.2,"Index, 2021=100",97.0,64.45363636363636,44.30409090909091,1.015760795186652,0.4390282348823775,74.48863636363636,70.81590909090909
2021-10-01,MIG - energy (except section E),Italy,101.1,"Index, 2021=100",99.2,87.69238095238094,64.45363636363636,0.7705932795655408,2.361261487325598,83.53809523809524,74.48863636363636
2021-11-01,MIG - energy (except section E),Italy,107.2,"Index, 2021=100",101.1,81.92136363636364,87.69238095238094,-0.5218341421272874,-1.0130750354233125,81.05,83.53809523809524
2021-12-01,MIG - energy (except section E),Italy,105.8,"Index, 2021=100",107.2,112.80739130434783,81.92136363636364,-0.49656758152090014,1.7069751201240932,74.26347826086956,81.05
2022-01-01,MIG - energy (except section E),Italy,99.4,"Index, 2021=100",105.8,84.06952380952382,112.80739130434783,0.8522287791057341,1.4985078326623733,86.50523809523808,74.26347826086956
2022-02-01,MIG - energy (except section E),Italy,99.7,"Index, 2021=100",99.4,81.164,84.06952380952382,0.20967705216092372,0.6492342056890332,97.12899999999999,86.50523809523808
2022-03-01,MIG - energy (except section E),Italy,103.3,"Index, 2021=100",99.7,129.18304347826088,81.164,1.1589724435645128,1.020230642989599,117.24521739130434,97.12899999999999
2022-04-01,MIG - energy (except section E),Italy,103.7,"Index, 2021=100",103.3,101.06238095238095,129.18304347826088,-0.41804567878166843,0.0,105.17095238095239,117.24521739130434
2022-05-01,MIG - energy (except section E),Italy,100.6,"Index, 2021=100",103.7,88.58863636363637,101.06238095238095,0.8079062673307621,0.4644825107300398,113.11136363636363,105.17095238095239
2022-06-01,MIG - energy (except section E),Italy,103.5,"Index, 2021=100",100.6,106.29454545454546,88.58863636363637,0.2666071424046354,-2.121493222584776,122.68772727272727,113.11136363636363
2022-07-01,MIG - energy (except section E),Italy,101.5,"Index, 2021=100",103.5,171.41666666666666,106.29454545454546,-1.5284523643533043,0.0,111.92571428571429,122.68772727272727
2022-08-01,MIG - energy (except section E),Italy,98.8,"Index, 2021=100",101.5,235.68391304347824,171.41666666666666,-0.8625649365210946,-2.904996658248558,100.47608695652173,111.92571428571429
2022-09-01,MIG - energy (except section E),Italy,95.9,"Index, 2021=100",98.8,190.24181818181816,235.68391304347824,-0.6092331240191604,0.5554531127177963,89.74954545454545,100.47608695652173
2022-10-01,MIG - energy (except section E),Italy,94.1,"Index, 2021=100",95.9,72.15047619047618,190.24181818181816,0.8249900068007756,2.4641871317219377,93.33190476190477,89.74954545454545
2022-11-01,MIG - energy (except section E),Italy,90.2,"Index, 2021=100",94.1,96.28181818181817,72.15047619047618,-0.31727729228827767,0.0,91.41545454545455,93.33190476190477
2022-12-01,MIG - energy (except section E),Italy,92.6,"Index, 2021=100",90.2,113.99181818181819,96.28181818181817,-0.5175798710392452,-2.8790551863806995,81.06272727272727,91.41545454545455
2023-01-01,MIG - energy (except section E),Italy,92.8,"Index, 2021=100",92.6,63.004090909090905,113.99181818181819,0.16272770514393026,0.0,82.51590909090909,81.06272727272727
2023-02-01,MIG - energy (except section E),Italy,93.7,"Index, 2021=100",92.8,53.352999999999994,63.004090909090905,-0.3578309492217428,0.0,82.58500000000001,82.51590909090909
2023-03-01,MIG - energy (except section E),Italy,92.3,"Index, 2021=100",93.7,44.18782608695652,53.352999999999994,-0.5444578687975978,0.0,78.43434782608696,82.58500000000001
2023-04-01,MIG - energy (except section E),Italy,92.4,"Index, 2021=100",92.3,42.585,44.18782608695652,0.7779760977112515,0.0,84.8305,78.43434782608696
2023-05-01,MIG - energy (except section E),Italy,91.4,"Index, 2021=100",92.4,31.335652173913044,42.585,-0.9911199872566404,0.0,75.77478260869565,84.8305
2023-06-01,MIG - energy (except section E),Italy,91.8,"Index, 2021=100",91.4,32.39909090909091,31.335652173913044,0.10438583996063543,0.4626838105740375,74.83909090909091,75.77478260869565
2023-07-01,MIG - energy (except section E),Italy,94.1,"Index, 2021=100",91.8,29.665714285714287,32.39909090909091,0.3105036346079896,0.0,80.10809523809523,74.83909090909091
2023-08-01,MIG - energy (except section E),Italy,91.4,"Index, 2021=100",94.1,33.52304347826087,29.665714285714287,0.2634335721723802,0.0,86.11608695652174,80.10809523809523
2023-09-01,MIG - energy (except section E),Italy,93.9,"Index, 2021=100",91.4,36.52761904761905,33.52304347826087,0.4709271233739839,0.0,93.72238095238096,86.11608695652174
2023-10-01,MIG - energy (except section E),Italy,95.3,"Index, 2021=100",93.9,43.264545454545456,36.52761904761905,-0.16534366151930893,0.0,90.59590909090909,93.72238095238096
2023-11-01,MIG - energy (except section E),Italy,91.7,"Index, 2021=100",95.3,43.269090909090906,43.264545454545456,-0.571544726123262,-2.4651491943871404,82.94,90.59590909090909
2023-12-01,MIG - energy (except section E),Italy,90.2,"Index, 2021=100",91.7,35.318571428571424,43.269090909090906,0.011208893183722398,0.0,77.87857142857143,82.94
